{"type":"FeatureCollection","features":[{"type":"Feature","properties":{"id":0,"n":"Centro","mn":"Bacabal","mi":2101202,"nl":14,"ap":12830,"cp":10687,"lx":-44.77981,"ly":-4.22864},"geometry":{"type":"Polygon","coordinates":[[[-44.79429,-4.23774],[-44.78571,-4.23377],[-44.78575,-4.22988],[-44.78677,-4.229],[-44.78608,-4.22249],[-44.78443,-4.22157],[-44.78223,-4.22248],[-44.77412,-4.22189],[-44.77409,-4.22366],[-44.77428,-4.22424],[-44.77355,-4.22775],[-44.77413,-4.22973],[-44.7645,-4.24116],[-44.76726,-4.24313],[-44.76877,-4.24235],[-44.78019,-4.24172],[-44.78258,-4.23938],[-44.78206,-4.23601],[-44.78345,-4.23596],[-44.78875,-4.2407],[-44.79429,-4.23774]]]}},{"type":"Feature","properties":{"id":1,"n":"Esperanca","mn":"Bacabal","mi":2101202,"nl":2,"ap":2587,"cp":2185,"lx":-44.78471,"ly":-4.24047},"geometry":{"type":"Polygon","coordinates":[[[-44.78875,-4.2407],[-44.78344,-4.23595],[-44.78202,-4.23601],[-44.78258,-4.23938],[-44.78019,-4.24172],[-44.78502,-4.24356],[-44.78733,-4.24253],[-44.78875,-4.2407]]]}},{"type":"Feature","properties":{"id":2,"n":"Vila Santos Dumont","mn":"Bacabal","mi":2101202,"nl":3,"ap":5842,"cp":4863,"lx":-44.77537,"ly":-4.24778},"geometry":{"type":"Polygon","coordinates":[[[-44.78502,-4.24356],[-44.78019,-4.24172],[-44.76876,-4.24235],[-44.76726,-4.24313],[-44.76979,-4.25025],[-44.77146,-4.25609],[-44.78268,-4.25057],[-44.7819,-4.24655],[-44.78324,-4.24523],[-44.78395,-4.24501],[-44.78502,-4.24356]]]}},{"type":"Feature","properties":{"id":3,"n":"Sesp","mn":"Bacabal","mi":2101202,"nl":1,"ap":1630,"cp":1387,"lx":-44.79146,"ly":-4.23359},"geometry":{"type":"Polygon","coordinates":[[[-44.79852,-4.23536],[-44.79336,-4.23143],[-44.78677,-4.229],[-44.78575,-4.22987],[-44.78571,-4.23378],[-44.79429,-4.23774],[-44.79801,-4.2366],[-44.79852,-4.23536]]]}},{"type":"Feature","properties":{"id":4,"n":"Jucaral","mn":"Bacabal","mi":2101202,"nl":1,"ap":1104,"cp":931,"lx":-44.80613,"ly":-4.2715},"geometry":{"type":"Polygon","coordinates":[[[-44.81787,-4.27243],[-44.79982,-4.2442],[-44.78953,-4.24921],[-44.78896,-4.2508],[-44.79961,-4.28144],[-44.81378,-4.28024],[-44.81787,-4.27243]]]}},{"type":"Feature","properties":{"id":5,"n":"Trizidela","mn":"Bacabal","mi":2101202,"nl":4,"ap":4226,"cp":3359,"lx":-44.76983,"ly":-4.22434},"geometry":{"type":"Polygon","coordinates":[[[-44.77428,-4.22423],[-44.77409,-4.22365],[-44.77412,-4.22189],[-44.77362,-4.22119],[-44.7662,-4.21568],[-44.76494,-4.23093],[-44.76191,-4.23977],[-44.7645,-4.24116],[-44.77398,-4.22998],[-44.77414,-4.22972],[-44.77355,-4.22774],[-44.77428,-4.22423]]]}},{"type":"Feature","properties":{"id":6,"n":"Cohab I","mn":"Bacabal","mi":2101202,"nl":3,"ap":3671,"cp":3076,"lx":-44.79893,"ly":-4.22523},"geometry":{"type":"Polygon","coordinates":[[[-44.80796,-4.22255],[-44.79934,-4.21778],[-44.79267,-4.22013],[-44.79044,-4.22167],[-44.79142,-4.22437],[-44.79336,-4.23143],[-44.79852,-4.23536],[-44.80347,-4.23099],[-44.80796,-4.22255]]]}},{"type":"Feature","properties":{"id":7,"n":"Vila Sao Joao","mn":"Bacabal","mi":2101202,"nl":3,"ap":2786,"cp":2324,"lx":-44.78378,"ly":-4.27227},"geometry":{"type":"Polygon","coordinates":[[[-44.79961,-4.28144],[-44.78896,-4.25082],[-44.78953,-4.24921],[-44.78733,-4.24253],[-44.78502,-4.24356],[-44.78395,-4.245],[-44.78325,-4.24522],[-44.7819,-4.24655],[-44.78266,-4.25058],[-44.77146,-4.25609],[-44.77229,-4.2881],[-44.79961,-4.28144]]]}},{"type":"Feature","properties":{"id":8,"n":"Ramal","mn":"Bacabal","mi":2101202,"nl":1,"ap":832,"cp":720,"lx":-44.79416,"ly":-4.24238},"geometry":{"type":"Polygon","coordinates":[[[-44.79982,-4.2442],[-44.79801,-4.2366],[-44.79429,-4.23774],[-44.79011,-4.23992],[-44.78875,-4.2407],[-44.78733,-4.24253],[-44.78953,-4.24921],[-44.79982,-4.2442]]]}},{"type":"Feature","properties":{"id":9,"n":"Mangueira","mn":"Bacabal","mi":2101202,"nl":1,"ap":596,"cp":479,"lx":-44.75821,"ly":-4.23333},"geometry":{"type":"Polygon","coordinates":[[[-44.7662,-4.21568],[-44.76264,-4.20975],[-44.7497,-4.2384],[-44.76191,-4.23977],[-44.76494,-4.23093],[-44.7662,-4.21568]]]}},{"type":"Feature","properties":{"id":10,"n":"Alto Bandeirante","mn":"Bacabal","mi":2101202,"nl":1,"ap":758,"cp":597,"lx":-44.74117,"ly":-4.19731},"geometry":{"type":"Polygon","coordinates":[[[-44.76264,-4.20975],[-44.76056,-4.19934],[-44.75799,-4.18934],[-44.75286,-4.17447],[-44.71488,-4.18614],[-44.71486,-4.18648],[-44.7428,-4.23968],[-44.7497,-4.2384],[-44.76264,-4.20975]]]}},{"type":"Feature","properties":{"id":11,"n":"Areal","mn":"Bacabal","mi":2101202,"nl":1,"ap":701,"cp":616,"lx":-44.81899,"ly":-4.25903},"geometry":{"type":"Polygon","coordinates":[[[-44.83037,-4.25862],[-44.80347,-4.23099],[-44.79852,-4.23536],[-44.79801,-4.2366],[-44.79982,-4.2442],[-44.81787,-4.27243],[-44.83037,-4.25862]]]}},{"type":"Feature","properties":{"id":12,"n":"Parque Rui Barbosa","mn":"Bacabal","mi":2101202,"nl":1,"ap":466,"cp":389,"lx":-44.81848,"ly":-4.23105},"geometry":{"type":"Polygon","coordinates":[[[-44.83841,-4.25201],[-44.82409,-4.21571],[-44.80796,-4.22255],[-44.80347,-4.23099],[-44.83037,-4.25862],[-44.83841,-4.25201]]]}},{"type":"Feature","properties":{"id":13,"n":"Vila Coelho Dias","mn":"Bacabal","mi":2101202,"nl":2,"ap":3634,"cp":2913,"lx":-44.79195,"ly":-4.21588},"geometry":{"type":"Polygon","coordinates":[[[-44.79934,-4.21778],[-44.79764,-4.2144],[-44.79068,-4.21004],[-44.78862,-4.21228],[-44.78769,-4.21404],[-44.78373,-4.21703],[-44.78443,-4.22157],[-44.78608,-4.22249],[-44.79044,-4.22167],[-44.79267,-4.22013],[-44.79934,-4.21778]]]}},{"type":"Feature","properties":{"id":14,"n":"Alto da Assuncao","mn":"Bacabal","mi":2101202,"nl":1,"ap":1344,"cp":1122,"lx":-44.78926,"ly":-4.22643},"geometry":{"type":"Polygon","coordinates":[[[-44.79336,-4.23143],[-44.79142,-4.22437],[-44.79044,-4.22167],[-44.78608,-4.22249],[-44.78677,-4.229],[-44.79336,-4.23143]]]}},{"type":"Feature","properties":{"id":15,"n":"Setubal","mn":"Bacabal","mi":2101202,"nl":3,"ap":4863,"cp":3913,"lx":-44.76907,"ly":-4.18063},"geometry":{"type":"Polygon","coordinates":[[[-44.78479,-4.18954],[-44.77747,-4.15577],[-44.75286,-4.17447],[-44.75799,-4.18934],[-44.76056,-4.19934],[-44.77901,-4.21631],[-44.78235,-4.21579],[-44.78186,-4.21357],[-44.78366,-4.21113],[-44.78479,-4.18954]]]}},{"type":"Feature","properties":{"id":16,"n":"Povoado Centro do Cirilo","mn":"Bacabal","mi":2101202,"nl":1,"ap":234,"cp":190,"lx":-44.70136,"ly":-3.9649},"geometry":{"type":"Polygon","coordinates":[[[-44.73526,-3.93701],[-44.73199,-3.9371],[-44.7287,-3.9362],[-44.7233,-3.9337],[-44.7202,-3.9326],[-44.71034,-3.93101],[-44.64002,-3.9596],[-44.64157,-3.96103],[-44.69437,-3.99416],[-44.72092,-4.00332],[-44.72286,-4.0018],[-44.73526,-3.93701]]]}},{"type":"Feature","properties":{"id":17,"n":"Povoado Bom Jesus","mn":"Bacabal","mi":2101202,"nl":1,"ap":401,"cp":345,"lx":-44.75466,"ly":-4.25494},"geometry":{"type":"Polygon","coordinates":[[[-44.77229,-4.2881],[-44.77146,-4.25609],[-44.76979,-4.25025],[-44.76726,-4.24313],[-44.76449,-4.24116],[-44.76191,-4.23977],[-44.7497,-4.2384],[-44.7428,-4.23968],[-44.73589,-4.2539],[-44.75826,-4.2949],[-44.76026,-4.29645],[-44.77229,-4.2881]]]}},{"type":"Feature","properties":{"id":18,"n":"Areia","mn":"Bacabal","mi":2101202,"nl":2,"ap":2511,"cp":2003,"lx":-44.76925,"ly":-4.21308},"geometry":{"type":"Polygon","coordinates":[[[-44.78443,-4.22157],[-44.78373,-4.21703],[-44.78235,-4.21579],[-44.77899,-4.21629],[-44.76056,-4.19934],[-44.76264,-4.20974],[-44.7662,-4.21568],[-44.77361,-4.22118],[-44.77412,-4.22189],[-44.78224,-4.22248],[-44.78443,-4.22157]]]}},{"type":"Feature","properties":{"id":19,"n":"Povoado Taboca","mn":"Bacabal","mi":2101202,"nl":1,"ap":322,"cp":262,"lx":-44.69724,"ly":-4.11612},"geometry":{"type":"Polygon","coordinates":[[[-44.74035,-4.09518],[-44.69881,-4.0945],[-44.69826,-4.09412],[-44.66172,-4.11546],[-44.70079,-4.13991],[-44.74035,-4.09518]]]}},{"type":"Feature","properties":{"id":20,"n":"Povoado Jardim","mn":"Bacabal","mi":2101202,"nl":1,"ap":135,"cp":114,"lx":-44.67107,"ly":-3.99623},"geometry":{"type":"Polygon","coordinates":[[[-44.69437,-3.99416],[-44.69437,-3.99416],[-44.64157,-3.96103],[-44.66355,-4.01578],[-44.6655,-4.0157],[-44.6692,-4.016],[-44.66997,-4.01623],[-44.69437,-3.99416]]]}},{"type":"Feature","properties":{"id":21,"n":"Povoado Pau D'árco","mn":"Bacabal","mi":2101202,"nl":1,"ap":328,"cp":299,"lx":-44.8497,"ly":-4.27584},"geometry":{"type":"Polygon","coordinates":[[[-44.88369,-4.29877],[-44.87233,-4.24922],[-44.83841,-4.25201],[-44.83037,-4.25862],[-44.81787,-4.27243],[-44.81378,-4.28024],[-44.82806,-4.30163],[-44.88369,-4.29877]]]}},{"type":"Feature","properties":{"id":22,"n":"Novo Bacabal","mn":"Bacabal","mi":2101202,"nl":1,"ap":1038,"cp":762,"lx":-44.81494,"ly":-4.20141},"geometry":{"type":"Polygon","coordinates":[[[-44.82839,-4.2023],[-44.82577,-4.15057],[-44.81678,-4.14994],[-44.79858,-4.21066],[-44.79764,-4.2144],[-44.79934,-4.21778],[-44.80796,-4.22255],[-44.82409,-4.21571],[-44.82839,-4.2023]]]}},{"type":"Feature","properties":{"id":23,"n":"Povoado Mata Fome","mn":"Bacabal","mi":2101202,"nl":1,"ap":250,"cp":215,"lx":-44.85859,"ly":-4.1817},"geometry":{"type":"Polygon","coordinates":[[[-44.89245,-4.2263],[-44.88804,-4.15122],[-44.87303,-4.13303],[-44.82577,-4.15057],[-44.82839,-4.2023],[-44.88306,-4.23431],[-44.89245,-4.2263]]]}},{"type":"Feature","properties":{"id":24,"n":"Povoado Vila Nova I","mn":"Bacabal","mi":2101202,"nl":1,"ap":465,"cp":376,"lx":-44.9208,"ly":-4.20462},"geometry":{"type":"Polygon","coordinates":[[[-44.97108,-4.22583],[-44.97064,-4.2183],[-44.92343,-4.16147],[-44.88804,-4.15122],[-44.89245,-4.2263],[-44.92873,-4.23868],[-44.97055,-4.2279],[-44.97108,-4.22583]]]}},{"type":"Feature","properties":{"id":25,"n":"Povoado Alto Alegre do Acelino","mn":"Bacabal","mi":2101202,"nl":1,"ap":597,"cp":516,"lx":-44.94837,"ly":-4.16895},"geometry":{"type":"Polygon","coordinates":[[[-44.99135,-4.13979],[-44.92343,-4.16147],[-44.97064,-4.2183],[-44.98551,-4.18883],[-44.9647,-4.1735],[-44.96262,-4.17179],[-44.9844,-4.1532],[-44.9863,-4.1508],[-44.99135,-4.13979]]]}},{"type":"Feature","properties":{"id":26,"n":"Povoado Alto Fogoso","mn":"Bacabal","mi":2101202,"nl":1,"ap":675,"cp":554,"lx":-44.53376,"ly":-4.14098},"geometry":{"type":"MultiPolygon","coordinates":[[[[-44.63433,-4.11385],[-44.63385,-4.11253],[-44.6337,-4.1126],[-44.63307,-4.1146],[-44.57313,-4.1146],[-44.5779,-4.0927],[-44.4868,-4.0913],[-44.4868,-4.1297],[-44.48115,-4.21538],[-44.6139,-4.15881],[-44.62277,-4.15092],[-44.63433,-4.11385]]],[[[-44.63295,-4.11005],[-44.63092,-4.10446],[-44.6289,-4.1051],[-44.6269,-4.1067],[-44.6265,-4.1075],[-44.6269,-4.1101],[-44.6278,-4.1122],[-44.63,-4.1117],[-44.6312,-4.1105],[-44.63259,-4.11],[-44.63295,-4.11005]]],[[[-44.63035,-4.10289],[-44.63035,-4.10289],[-44.62965,-4.10095],[-44.6295,-4.1014],[-44.6302,-4.1029],[-44.63035,-4.10289]]]]}},{"type":"Feature","properties":{"id":27,"n":"Povoado São Paulo Apóstolo","mn":"Bacabal","mi":2101202,"nl":1,"ap":553,"cp":476,"lx":-44.99024,"ly":-4.20704},"geometry":{"type":"Polygon","coordinates":[[[-45.01712,-4.21139],[-44.98551,-4.18884],[-44.97064,-4.2183],[-44.97108,-4.22583],[-45.01712,-4.21139]]]}},{"type":"Feature","properties":{"id":28,"n":"Povoado Piratininga","mn":"Bacabal","mi":2101202,"nl":1,"ap":667,"cp":539,"lx":-44.58491,"ly":-4.22768},"geometry":{"type":"Polygon","coordinates":[[[-44.64385,-4.23484],[-44.6139,-4.15881],[-44.48115,-4.21538],[-44.4799,-4.2341],[-44.4819,-4.2366],[-44.4833,-4.2378],[-44.4854,-4.24089],[-44.4864,-4.2442],[-44.4886,-4.2468],[-44.4914,-4.249],[-44.49449,-4.25329],[-44.4949,-4.2565],[-44.4963,-4.2576],[-44.4975,-4.2579],[-44.499,-4.257],[-44.50012,-4.25538],[-44.5057,-4.2791],[-44.64166,-4.27999],[-44.64385,-4.23484]]]}},{"type":"Feature","properties":{"id":29,"n":"Povoado Luziana","mn":"Bacabal","mi":2101202,"nl":1,"ap":562,"cp":457,"lx":-44.72815,"ly":-4.26736},"geometry":{"type":"Polygon","coordinates":[[[-44.75826,-4.2949],[-44.73589,-4.2539],[-44.68392,-4.25669],[-44.65734,-4.28009],[-44.73989,-4.2807],[-44.75826,-4.2949]]]}},{"type":"Feature","properties":{"id":30,"n":"Povoado Barraca do Açude","mn":"Bacabal","mi":2101202,"nl":1,"ap":264,"cp":227,"lx":-45.014,"ly":-4.23657},"geometry":{"type":"Polygon","coordinates":[[[-45.0791,-4.2563],[-45.0784,-4.2499],[-45.074,-4.248],[-45.0702,-4.2459],[-45.0672,-4.2447],[-45.06379,-4.24409],[-45.0303,-4.2208],[-45.01712,-4.21139],[-44.97108,-4.22583],[-44.97055,-4.2279],[-44.97773,-4.23988],[-45.00596,-4.25789],[-45.07781,-4.26946],[-45.078,-4.2642],[-45.0776,-4.2614],[-45.0778,-4.25851],[-45.0791,-4.2563]]]}},{"type":"Feature","properties":{"id":31,"n":"Povoado Boa Vista da Tábua","mn":"Bacabal","mi":2101202,"nl":1,"ap":543,"cp":456,"lx":-44.94864,"ly":-4.25666},"geometry":{"type":"Polygon","coordinates":[[[-44.97773,-4.23988],[-44.97055,-4.2279],[-44.92873,-4.23868],[-44.91863,-4.33306],[-44.92302,-4.34115],[-44.94332,-4.33559],[-44.97773,-4.23988]]]}},{"type":"Feature","properties":{"id":32,"n":"Povoado Sobradinho","mn":"Bacabal","mi":2101202,"nl":1,"ap":203,"cp":173,"lx":-44.64642,"ly":-4.00374},"geometry":{"type":"Polygon","coordinates":[[[-44.66355,-4.01578],[-44.64157,-3.96103],[-44.64002,-3.9596],[-44.63357,-3.95815],[-44.6317,-3.9601],[-44.631,-3.9617],[-44.6312,-3.9639],[-44.6309,-3.9657],[-44.6313,-3.967],[-44.631,-3.9687],[-44.6313,-3.9706],[-44.6307,-3.9723],[-44.6309,-3.9753],[-44.6303,-3.97778],[-44.6283,-3.9788],[-44.6272,-3.9804],[-44.6277,-3.9815],[-44.63,-3.983],[-44.6312,-3.9827],[-44.63241,-3.9811],[-44.63538,-3.9811],[-44.6358,-3.9828],[-44.63829,-3.9852],[-44.6378,-3.9864],[-44.6384,-3.98801],[-44.63751,-3.99038],[-44.6358,-3.9907],[-44.6347,-3.9927],[-44.63679,-3.9952],[-44.63639,-3.9961],[-44.6345,-3.9959],[-44.6348,-3.9975],[-44.63638,-3.99852],[-44.6356,-3.9997],[-44.634,-4.0001],[-44.6317,-4.004],[-44.6324,-4.0063],[-44.6337,-4.0083],[-44.6354,-4.009],[-44.63589,-4.00981],[-44.63361,-4.01339],[-44.6319,-4.0133],[-44.63019,-4.0187],[-44.6271,-4.0202],[-44.6229,-4.021],[-44.6196,-4.0223],[-44.6172,-4.0226],[-44.6169,-4.0244],[-44.6176,-4.0255],[-44.6194,-4.0254],[-44.62027,-4.02589],[-44.6192,-4.0274],[-44.6203,-4.0293],[-44.6213,-4.0299],[-44.6235,-4.03],[-44.6259,-4.0318],[-44.6275,-4.0309],[-44.62651,-4.0295],[-44.6271,-4.02801],[-44.6291,-4.0285],[-44.6315,-4.02681],[-44.6329,-4.0274],[-44.6354,-4.0269],[-44.6366,-4.02421],[-44.63757,-4.02381],[-44.6391,-4.0254],[-44.6416,-4.0257],[-44.6432,-4.0254],[-44.6433,-4.0239],[-44.64111,-4.02101],[-44.64169,-4.01982],[-44.644,-4.0199],[-44.6463,-4.0193],[-44.6477,-4.0184],[-44.6495,-4.0154],[-44.65078,-4.01471],[-44.6532,-4.016],[-44.6555,-4.0161],[-44.6596,-4.0148],[-44.663,-4.0158],[-44.66355,-4.01578]]]}},{"type":"Feature","properties":{"id":33,"n":"Povoado Mata de Ana","mn":"Bacabal","mi":2101202,"nl":1,"ap":217,"cp":185,"lx":-44.8572,"ly":-4.33185},"geometry":{"type":"Polygon","coordinates":[[[-44.92302,-4.34115],[-44.91863,-4.33306],[-44.88369,-4.29878],[-44.82806,-4.30163],[-44.82148,-4.34399],[-44.8733,-4.3843],[-44.8727,-4.3758],[-44.8765,-4.3661],[-44.8809,-4.3527],[-44.92302,-4.34115]]]}},{"type":"Feature","properties":{"id":34,"n":"Vila Frei Solano","mn":"Bacabal","mi":2101202,"nl":2,"ap":4422,"cp":3555,"lx":-44.79559,"ly":-4.16373},"geometry":{"type":"Polygon","coordinates":[[[-44.81678,-4.14994],[-44.78723,-4.14615],[-44.77747,-4.15577],[-44.78479,-4.18954],[-44.78746,-4.19853],[-44.79068,-4.21004],[-44.79764,-4.2144],[-44.79858,-4.21066],[-44.81678,-4.14994]]]}},{"type":"Feature","properties":{"id":35,"n":"Povoado Sincorá","mn":"Bacabal","mi":2101202,"nl":1,"ap":517,"cp":384,"lx":-44.76658,"ly":-4.03756},"geometry":{"type":"Polygon","coordinates":[[[-44.80582,-4.03335],[-44.8034,-4.0315],[-44.8026,-4.0289],[-44.8022,-4.0232],[-44.8035,-4.018],[-44.8036,-4.01712],[-44.72286,-4.0018],[-44.72092,-4.00332],[-44.71417,-4.02731],[-44.7152,-4.0287],[-44.7183,-4.0295],[-44.7193,-4.0303],[-44.7229,-4.0359],[-44.7233,-4.0388],[-44.7249,-4.0395],[-44.7281,-4.0375],[-44.7304,-4.0345],[-44.7311,-4.0314],[-44.73199,-4.03031],[-44.7353,-4.0293],[-44.73491,-4.02609],[-44.7361,-4.02521],[-44.7374,-4.026],[-44.7383,-4.02801],[-44.7367,-4.0315],[-44.7385,-4.0342],[-44.73989,-4.0351],[-44.7398,-4.03709],[-44.738,-4.0399],[-44.7379,-4.0423],[-44.7366,-4.04449],[-44.7342,-4.0457],[-44.7335,-4.0465],[-44.7345,-4.0491],[-44.73598,-4.04982],[-44.7344,-4.052],[-44.7334,-4.0539],[-44.7339,-4.0546],[-44.7358,-4.0548],[-44.7392,-4.0546],[-44.7417,-4.0565],[-44.7445,-4.0582],[-44.74679,-4.06069],[-44.7462,-4.06279],[-44.7437,-4.0636],[-44.7432,-4.06639],[-44.74181,-4.06739],[-44.7395,-4.0672],[-44.738,-4.0664],[-44.7373,-4.0673],[-44.7388,-4.0687],[-44.7403,-4.0713],[-44.7418,-4.0724],[-44.7433,-4.0748],[-44.7439,-4.0768],[-44.745,-4.0773],[-44.74681,-4.0746],[-44.7491,-4.0731],[-44.75319,-4.0714],[-44.7544,-4.0718],[-44.7565,-4.0736],[-44.7569,-4.0766],[-44.7562,-4.0791],[-44.7525,-4.0855],[-44.7543,-4.0901],[-44.75463,-4.09034],[-44.7561,-4.09069],[-44.80582,-4.03335]]]}},{"type":"Feature","properties":{"id":36,"n":"Povoado Seco das Mulatas","mn":"Bacabal","mi":2101202,"nl":1,"ap":418,"cp":331,"lx":-44.70127,"ly":-4.01157},"geometry":{"type":"Polygon","coordinates":[[[-44.72092,-4.00332],[-44.69437,-3.99416],[-44.66997,-4.01623],[-44.6745,-4.0176],[-44.6776,-4.0174],[-44.6809,-4.0181],[-44.6835,-4.0191],[-44.6867,-4.0217],[-44.6882,-4.0234],[-44.6907,-4.0234],[-44.6942,-4.0241],[-44.6965,-4.0251],[-44.6995,-4.0275],[-44.7019,-4.0277],[-44.70359,-4.02661],[-44.70448,-4.0268],[-44.7053,-4.0288],[-44.7069,-4.0301],[-44.709,-4.029],[-44.7105,-4.0291],[-44.71378,-4.02682],[-44.71417,-4.02731],[-44.72092,-4.00332]]]}},{"type":"Feature","properties":{"id":37,"n":"Povoado Catucá","mn":"Bacabal","mi":2101202,"nl":1,"ap":188,"cp":162,"lx":-44.65802,"ly":-4.14288},"geometry":{"type":"Polygon","coordinates":[[[-44.71466,-4.186],[-44.70079,-4.13991],[-44.66172,-4.11546],[-44.63433,-4.11385],[-44.62277,-4.15092],[-44.67559,-4.18308],[-44.71466,-4.186]]]}},{"type":"Feature","properties":{"id":38,"n":"Povoado Aldeia","mn":"Bacabal","mi":2101202,"nl":1,"ap":535,"cp":449,"lx":-44.90075,"ly":-4.25661},"geometry":{"type":"Polygon","coordinates":[[[-44.92873,-4.23868],[-44.89245,-4.2263],[-44.88306,-4.23431],[-44.87233,-4.24922],[-44.88369,-4.29877],[-44.91863,-4.33306],[-44.92873,-4.23868]]]}},{"type":"Feature","properties":{"id":39,"n":"Vila Pedro Brito","mn":"Bacabal","mi":2101202,"nl":2,"ap":2104,"cp":1653,"lx":-44.78709,"ly":-4.20903},"geometry":{"type":"Polygon","coordinates":[[[-44.79068,-4.21004],[-44.78746,-4.19853],[-44.78479,-4.18954],[-44.78366,-4.21112],[-44.78185,-4.21357],[-44.78235,-4.21579],[-44.78373,-4.21703],[-44.78769,-4.21404],[-44.78862,-4.21228],[-44.79068,-4.21004]]]}},{"type":"Feature","properties":{"id":40,"n":"Povoado Bela Vista","mn":"Bacabal","mi":2101202,"nl":1,"ap":930,"cp":750,"lx":-44.80504,"ly":-4.10798},"geometry":{"type":"Polygon","coordinates":[[[-44.87875,-4.11327],[-44.84199,-4.11309],[-44.8392,-4.10968],[-44.8395,-4.1062],[-44.84,-4.104],[-44.8418,-4.1008],[-44.8429,-4.0982],[-44.84421,-4.0966],[-44.8462,-4.097],[-44.8485,-4.0968],[-44.8526,-4.094],[-44.854,-4.0927],[-44.8547,-4.0907],[-44.8539,-4.0891],[-44.853,-4.0835],[-44.8518,-4.0808],[-44.8455,-4.0735],[-44.8431,-4.0721],[-44.8422,-4.0709],[-44.8391,-4.0684],[-44.8362,-4.067],[-44.8335,-4.0668],[-44.8317,-4.0674],[-44.8307,-4.0702],[-44.8307,-4.0729],[-44.83119,-4.074],[-44.83,-4.0754],[-44.8296,-4.0767],[-44.8268,-4.0783],[-44.82301,-4.07889],[-44.8217,-4.0764],[-44.8233,-4.0717],[-44.8202,-4.0692],[-44.819,-4.0678],[-44.8168,-4.0664],[-44.8139,-4.0673],[-44.8114,-4.0673],[-44.80821,-4.06501],[-44.8082,-4.0614],[-44.8087,-4.0603],[-44.8083,-4.0578],[-44.8076,-4.0566],[-44.8062,-4.0557],[-44.8058,-4.0541],[-44.8029,-4.0498],[-44.8018,-4.0491],[-44.8014,-4.04731],[-44.8041,-4.0439],[-44.8041,-4.04269],[-44.80559,-4.03991],[-44.8077,-4.0399],[-44.809,-4.0382],[-44.809,-4.0358],[-44.80582,-4.03335],[-44.75619,-4.09066],[-44.75801,-4.09013],[-44.75849,-4.09121],[-44.75736,-4.09285],[-44.78723,-4.14615],[-44.81678,-4.14994],[-44.82577,-4.15056],[-44.87302,-4.13303],[-44.87875,-4.11327]]]}},{"type":"Feature","properties":{"id":41,"n":"Povoado Bambu","mn":"Bacabal","mi":2101202,"nl":1,"ap":179,"cp":145,"lx":-44.84966,"ly":-4.23415},"geometry":{"type":"Polygon","coordinates":[[[-44.88306,-4.23431],[-44.82839,-4.2023],[-44.82839,-4.2023],[-44.82409,-4.21571],[-44.83841,-4.25201],[-44.87233,-4.24922],[-44.88306,-4.23431]]]}},{"type":"Feature","properties":{"id":42,"n":"Povoado Santa Maria","mn":"Bacabal","mi":2101202,"nl":1,"ap":256,"cp":212,"lx":-44.64764,"ly":-4.18953},"geometry":{"type":"Polygon","coordinates":[[[-44.67559,-4.18308],[-44.62277,-4.15092],[-44.6139,-4.15881],[-44.64385,-4.23484],[-44.67559,-4.18308]]]}},{"type":"Feature","properties":{"id":43,"n":"Povoado Pinto Teixeira","mn":"Bacabal","mi":2101202,"nl":1,"ap":165,"cp":147,"lx":-44.80292,"ly":-4.3024},"geometry":{"type":"Polygon","coordinates":[[[-44.82806,-4.30163],[-44.81378,-4.28024],[-44.79961,-4.28144],[-44.77229,-4.2881],[-44.76026,-4.29645],[-44.82148,-4.34399],[-44.82806,-4.30163]]]}},{"type":"Feature","properties":{"id":44,"n":"Povoado Campo Redondo","mn":"Bacabal","mi":2101202,"nl":1,"ap":169,"cp":143,"lx":-44.63101,"ly":-3.88912},"geometry":{"type":"Polygon","coordinates":[[[-44.67829,-3.88393],[-44.6775,-3.88359],[-44.6771,-3.8818],[-44.67459,-3.88199],[-44.67421,-3.88119],[-44.6753,-3.879],[-44.6735,-3.879],[-44.6734,-3.8804],[-44.6721,-3.8816],[-44.6715,-3.8846],[-44.6704,-3.8852],[-44.668,-3.8849],[-44.6673,-3.8876],[-44.6655,-3.8902],[-44.6623,-3.8923],[-44.65891,-3.8919],[-44.65841,-3.8901],[-44.6608,-3.8875],[-44.6606,-3.8848],[-44.6592,-3.8839],[-44.6567,-3.8841],[-44.65322,-3.88261],[-44.6525,-3.8809],[-44.6514,-3.8805],[-44.6506,-3.8812],[-44.64927,-3.88397],[-44.6486,-3.88339],[-44.6488,-3.88081],[-44.6502,-3.8785],[-44.6506,-3.8768],[-44.6492,-3.8759],[-44.6468,-3.8764],[-44.6457,-3.8757],[-44.644,-3.8756],[-44.64241,-3.8747],[-44.6426,-3.8732],[-44.6414,-3.87099],[-44.6421,-3.86901],[-44.6439,-3.8684],[-44.6449,-3.8663],[-44.6432,-3.863],[-44.6416,-3.86189],[-44.64081,-3.85832],[-44.6419,-3.8576],[-44.6421,-3.8561],[-44.6398,-3.8549],[-44.63889,-3.8564],[-44.63541,-3.8567],[-44.634,-3.8549],[-44.6299,-3.8552],[-44.6278,-3.8562],[-44.6271,-3.857],[-44.6257,-3.8575],[-44.6243,-3.8591],[-44.6234,-3.8609],[-44.6237,-3.8631],[-44.6252,-3.86529],[-44.62529,-3.8663],[-44.62261,-3.86789],[-44.62172,-3.8678],[-44.6204,-3.866],[-44.6191,-3.8656],[-44.6183,-3.8677],[-44.6172,-3.8691],[-44.61611,-3.87178],[-44.6147,-3.8717],[-44.6134,-3.8738],[-44.6135,-3.8747],[-44.6151,-3.87829],[-44.615,-3.87939],[-44.6139,-3.8816],[-44.6134,-3.8845],[-44.6118,-3.8863],[-44.6113,-3.8876],[-44.6118,-3.8905],[-44.6109,-3.8951],[-44.6119,-3.8975],[-44.6114,-3.8986],[-44.6099,-3.9],[-44.6116,-3.901],[-44.6142,-3.90071],[-44.6154,-3.9039],[-44.6162,-3.90291],[-44.61739,-3.9037],[-44.618,-3.9052],[-44.6201,-3.9075],[-44.6253,-3.9067],[-44.6263,-3.9073],[-44.62749,-3.90929],[-44.62707,-3.91019],[-44.6258,-3.9098],[-44.6242,-3.9087],[-44.6229,-3.9103],[-44.6232,-3.9124],[-44.62399,-3.91421],[-44.6222,-3.9168],[-44.62239,-3.9181],[-44.6208,-3.9193],[-44.6203,-3.9203],[-44.6206,-3.9236],[-44.6216,-3.924],[-44.6239,-3.92351],[-44.62677,-3.92786],[-44.6255,-3.928],[-44.6241,-3.9269],[-44.6228,-3.9273],[-44.6218,-3.929],[-44.6222,-3.9312],[-44.6251,-3.9324],[-44.62851,-3.93266],[-44.67829,-3.88393]]]}},{"type":"Feature","properties":{"id":45,"n":"Povoado Vale do Mearim","mn":"Bacabal","mi":2101202,"nl":1,"ap":269,"cp":214,"lx":-44.75,"ly":-3.98328},"geometry":{"type":"Polygon","coordinates":[[[-44.8036,-4.01712],[-44.8039,-4.0145],[-44.8039,-4.0078],[-44.8034,-4.0034],[-44.8009,-4.0014],[-44.7953,-3.9987],[-44.79261,-3.997],[-44.79091,-3.995],[-44.7912,-3.9942],[-44.7923,-3.9879],[-44.7921,-3.9859],[-44.7934,-3.9835],[-44.7934,-3.9798],[-44.7921,-3.9784],[-44.7902,-3.9774],[-44.7808,-3.9707],[-44.7787,-3.9702],[-44.7767,-3.9709],[-44.775,-3.9728],[-44.77331,-3.97369],[-44.771,-3.9726],[-44.7698,-3.97149],[-44.7703,-3.9689],[-44.7659,-3.9631],[-44.7627,-3.9576],[-44.7578,-3.9498],[-44.7533,-3.9447],[-44.7488,-3.9419],[-44.744,-3.9386],[-44.7395,-3.9369],[-44.73526,-3.93701],[-44.72286,-4.0018],[-44.8036,-4.01712]]]}},{"type":"Feature","properties":{"id":46,"n":"Povoado Brejinho","mn":"Bacabal","mi":2101202,"nl":1,"ap":1464,"cp":1225,"lx":-45.02381,"ly":-4.28715},"geometry":{"type":"Polygon","coordinates":[[[-45.0831,-4.2884],[-45.0824,-4.285],[-45.0806,-4.2822],[-45.0777,-4.27261],[-45.07781,-4.26946],[-45.00596,-4.25789],[-44.98516,-4.32417],[-45.0211,-4.3143],[-45.0776,-4.3001],[-45.0787,-4.2993],[-45.081,-4.2967],[-45.0829,-4.2899],[-45.0831,-4.2884]]]}},{"type":"Feature","properties":{"id":47,"n":"Povoado Pedra do Rumo","mn":"Bacabal","mi":2101202,"nl":1,"ap":343,"cp":299,"lx":-44.71658,"ly":-4.23415},"geometry":{"type":"Polygon","coordinates":[[[-44.7428,-4.23968],[-44.71486,-4.18648],[-44.68392,-4.25669],[-44.73589,-4.2539],[-44.7428,-4.23968]]]}},{"type":"Feature","properties":{"id":48,"n":"Sem Bairro","mn":"Bacabal","mi":2101202,"nl":2,"ap":493,"cp":394,"lx":-44.66598,"ly":-4.24148},"geometry":{"type":"MultiPolygon","coordinates":[[[[-44.7161,-3.9131],[-44.7155,-3.912],[-44.714,-3.9116],[-44.7121,-3.9132],[-44.711,-3.91349],[-44.709,-3.9114],[-44.70549,-3.91059],[-44.7035,-3.9091],[-44.70051,-3.90571],[-44.7,-3.9025],[-44.7003,-3.8996],[-44.7001,-3.897],[-44.699,-3.8937],[-44.6988,-3.8918],[-44.6991,-3.8896],[-44.6978,-3.8895],[-44.6935,-3.8902],[-44.69127,-3.89379],[-44.6819,-3.8901],[-44.6793,-3.8878],[-44.67861,-3.88589],[-44.67931,-3.8848],[-44.6816,-3.8844],[-44.6818,-3.883],[-44.67871,-3.8841],[-44.67829,-3.88393],[-44.62851,-3.93266],[-44.629,-3.9327],[-44.6306,-3.9333],[-44.6323,-3.9345],[-44.6353,-3.9386],[-44.6372,-3.9403],[-44.6383,-3.942],[-44.6382,-3.9432],[-44.6367,-3.9443],[-44.6362,-3.9454],[-44.6365,-3.9467],[-44.63809,-3.94931],[-44.6354,-3.9525],[-44.6347,-3.9562],[-44.6341,-3.9576],[-44.63357,-3.95815],[-44.64002,-3.9596],[-44.71034,-3.93101],[-44.7078,-3.92581],[-44.70799,-3.92513],[-44.7117,-3.9253],[-44.7127,-3.9235],[-44.71221,-3.9214],[-44.7143,-3.92],[-44.715,-3.919],[-44.7144,-3.9163],[-44.7161,-3.9131]]],[[[-44.71488,-4.18614],[-44.71466,-4.186],[-44.67559,-4.18308],[-44.64385,-4.23484],[-44.64166,-4.27999],[-44.65734,-4.28009],[-44.68392,-4.25669],[-44.71486,-4.18648],[-44.71488,-4.18614]]]]}},{"type":"Feature","properties":{"id":49,"n":"Povoado Bom Princípio","mn":"Bacabal","mi":2101202,"nl":1,"ap":770,"cp":651,"lx":-44.67807,"ly":-4.0934},"geometry":{"type":"Polygon","coordinates":[[[-44.69826,-4.09412],[-44.6933,-4.0906],[-44.6921,-4.0894],[-44.6899,-4.0864],[-44.68532,-4.08291],[-44.686,-4.0812],[-44.6848,-4.0799],[-44.6849,-4.0781],[-44.684,-4.07769],[-44.6837,-4.0757],[-44.6595,-4.094],[-44.6294,-4.0935],[-44.6303,-4.0958],[-44.6305,-4.09829],[-44.62965,-4.10095],[-44.63035,-4.10289],[-44.6326,-4.10283],[-44.63269,-4.1039],[-44.63092,-4.10446],[-44.63295,-4.11005],[-44.634,-4.11021],[-44.63469,-4.11207],[-44.63385,-4.11253],[-44.63433,-4.11385],[-44.66172,-4.11546],[-44.69826,-4.09412]]]}},{"type":"Feature","properties":{"id":50,"n":"Povoado Bomba","mn":"Bacabal","mi":2101202,"nl":1,"ap":208,"cp":185,"lx":-44.97146,"ly":-4.3094},"geometry":{"type":"Polygon","coordinates":[[[-45.00596,-4.25789],[-44.97773,-4.23988],[-44.94332,-4.33559],[-44.98516,-4.32417],[-45.00596,-4.25789]]]}},{"type":"Feature","properties":{"id":51,"n":"Povoado São Sebastião dos Pretos","mn":"Bacabal","mi":2101202,"nl":1,"ap":199,"cp":169,"lx":-44.74536,"ly":-4.13887},"geometry":{"type":"MultiPolygon","coordinates":[[[[-44.78723,-4.14615],[-44.75736,-4.09285],[-44.75579,-4.0951],[-44.7542,-4.0948],[-44.75339,-4.0954],[-44.74035,-4.09518],[-44.70079,-4.13991],[-44.71466,-4.18599],[-44.71488,-4.18614],[-44.75286,-4.17447],[-44.77747,-4.15577],[-44.78723,-4.14615]]],[[[-44.7561,-4.09069],[-44.7561,-4.09069],[-44.75463,-4.09034],[-44.7554,-4.0909],[-44.7561,-4.09069]]]]}},{"type":"Feature","properties":{"id":52,"n":"Povoado São José das Verdades","mn":"Bacabal","mi":2101202,"nl":1,"ap":374,"cp":318,"lx":-44.92321,"ly":-4.137},"geometry":{"type":"Polygon","coordinates":[[[-45.0117,-4.1139],[-44.87875,-4.11327],[-44.87302,-4.13303],[-44.88804,-4.15122],[-44.92343,-4.16147],[-44.99135,-4.13979],[-45.0009,-4.1188],[-45.0024,-4.1166],[-45.0044,-4.115],[-45.0061,-4.1142],[-45.0117,-4.1139]]]}},{"type":"Feature","properties":{"id":53,"n":"Centro","mn":"Balsas","mi":2101400,"nl":13,"ap":12142,"cp":10009,"lx":-46.04033,"ly":-7.53011},"geometry":{"type":"Polygon","coordinates":[[[-46.04716,-7.53143],[-46.04504,-7.52902],[-46.04365,-7.52592],[-46.04268,-7.52585],[-46.03677,-7.52237],[-46.03509,-7.52324],[-46.0361,-7.52616],[-46.03558,-7.52899],[-46.03523,-7.52928],[-46.033,-7.52859],[-46.0299,-7.52572],[-46.01709,-7.53448],[-46.02814,-7.53651],[-46.03149,-7.5345],[-46.03367,-7.53374],[-46.03766,-7.53501],[-46.03907,-7.53694],[-46.04232,-7.53484],[-46.04565,-7.53443],[-46.04716,-7.53143]]]}},{"type":"Feature","properties":{"id":54,"n":"Catumbi","mn":"Balsas","mi":2101400,"nl":2,"ap":3907,"cp":3111,"lx":-46.05248,"ly":-7.53566},"geometry":{"type":"Polygon","coordinates":[[[-46.05807,-7.53298],[-46.05776,-7.53266],[-46.05166,-7.53224],[-46.04909,-7.53125],[-46.04716,-7.53143],[-46.04565,-7.53443],[-46.04603,-7.53691],[-46.05067,-7.53867],[-46.05219,-7.54065],[-46.0544,-7.53974],[-46.05807,-7.53298]]]}},{"type":"Feature","properties":{"id":55,"n":"Tresidela","mn":"Balsas","mi":2101400,"nl":2,"ap":4465,"cp":3583,"lx":-46.03357,"ly":-7.53684},"geometry":{"type":"Polygon","coordinates":[[[-46.03901,-7.53695],[-46.03766,-7.53501],[-46.03367,-7.53374],[-46.03149,-7.5345],[-46.02814,-7.53651],[-46.03273,-7.53994],[-46.03761,-7.53871],[-46.03901,-7.53695]]]}},{"type":"Feature","properties":{"id":56,"n":"Povoado Coroata","mn":"Balsas","mi":2101400,"nl":1,"ap":178,"cp":124,"lx":-46.26688,"ly":-8.43585},"geometry":{"type":"Polygon","coordinates":[[[-46.55688,-8.40178],[-46.5495,-8.4035],[-46.5416,-8.4036],[-46.5325,-8.4061],[-46.5282,-8.4078],[-46.5254,-8.4097],[-46.5216,-8.4109],[-46.5178,-8.4139],[-46.5151,-8.4177],[-46.5153,-8.4211],[-46.5164,-8.42489],[-46.5146,-8.42739],[-46.5006,-8.428],[-46.4791,-8.4237],[-46.4702,-8.4202],[-46.4573,-8.4111],[-46.4463,-8.4022],[-46.426,-8.3771],[-46.419,-8.3578],[-46.4135,-8.3451],[-46.4125,-8.336],[-46.4123,-8.3252],[-46.4186,-8.3112],[-46.4217,-8.3014],[-46.4219,-8.2986],[-46.4214,-8.2975],[-46.4182,-8.2941],[-46.4144,-8.289],[-46.4133,-8.2852],[-46.4105,-8.2723],[-46.4097,-8.2631],[-46.4095,-8.2506],[-46.405,-8.2341],[-46.4007,-8.2251],[-46.3997,-8.2176],[-46.4,-8.2079],[-46.4021,-8.1877],[-46.4028,-8.186],[-46.4063,-8.1808],[-46.4076,-8.1766],[-46.40752,-8.17224],[-46.32282,-8.16611],[-46.10298,-8.24007],[-46.1048,-8.2444],[-46.1048,-8.24999],[-46.1039,-8.2529],[-46.1026,-8.2544],[-46.1031,-8.2564],[-46.1054,-8.258],[-46.1068,-8.2621],[-46.1066,-8.2644],[-46.1056,-8.2662],[-46.1047,-8.2691],[-46.1057,-8.2783],[-46.1063,-8.2961],[-46.1026,-8.3044],[-46.0897,-8.3151],[-46.0869,-8.3181],[-46.0849,-8.3217],[-46.083,-8.3279],[-46.0825,-8.3353],[-46.0831,-8.3403],[-46.0893,-8.3489],[-46.0927,-8.3515],[-46.0968,-8.35941],[-46.0994,-8.3843],[-46.0994,-8.40729],[-46.0965,-8.4171],[-46.0971,-8.436],[-46.0962,-8.4775],[-46.0975,-8.4826],[-46.1065,-8.4996],[-46.1077,-8.503],[-46.1118,-8.5106],[-46.1145,-8.5186],[-46.1156,-8.52429],[-46.1102,-8.5379],[-46.1096,-8.5411],[-46.1126,-8.5454],[-46.115,-8.5507],[-46.1161,-8.55599],[-46.1117,-8.5709],[-46.1117,-8.5747],[-46.1128,-8.5781],[-46.1185,-8.586],[-46.1287,-8.5928],[-46.1328,-8.5984],[-46.1386,-8.6155],[-46.1438,-8.6261],[-46.1465,-8.6297],[-46.1501,-8.6315],[-46.1648,-8.6364],[-46.172,-8.638],[-46.175,-8.6392],[-46.177,-8.64071],[-46.1792,-8.6472],[-46.1795,-8.6492],[-46.1815,-8.6502],[-46.1987,-8.6531],[-46.204,-8.6535],[-46.21636,-8.661],[-46.5174,-8.48751],[-46.55688,-8.40178]]]}},{"type":"Feature","properties":{"id":57,"n":"Povoado Baixa Funda","mn":"Balsas","mi":2101400,"nl":1,"ap":142,"cp":111,"lx":-46.84447,"ly":-9.00646},"geometry":{"type":"Polygon","coordinates":[[[-47.0706,-9.062],[-47.0693,-9.06],[-47.068,-9.056],[-47.06411,-9.0565],[-47.0621,-9.0542],[-47.0613,-9.0538],[-47.05881,-9.054],[-47.05771,-9.05301],[-47.0587,-9.05031],[-47.0616,-9.0491],[-47.0617,-9.0481],[-47.0604,-9.0475],[-47.056,-9.04939],[-47.0543,-9.04819],[-47.052,-9.0389],[-47.0521,-9.03671],[-47.0542,-9.0353],[-47.0541,-9.0338],[-47.051,-9.033],[-47.04881,-9.03111],[-47.0484,-9.029],[-47.0477,-9.0279],[-47.0454,-9.0276],[-47.04354,-9.0265],[-47.0453,-9.0255],[-47.04381,-9.02381],[-47.04401,-9.02291],[-47.0476,-9.0225],[-47.0488,-9.0218],[-47.0488,-9.0208],[-47.04671,-9.0178],[-47.0473,-9.0166],[-47.04859,-9.01561],[-47.0513,-9.0155],[-47.0534,-9.0178],[-47.0547,-9.0177],[-47.0565,-9.0189],[-47.05771,-9.01661],[-47.0622,-9.0169],[-47.0639,-9.0165],[-47.0668,-9.0149],[-47.0685,-9.012],[-47.0675,-9.0104],[-47.0621,-9.0077],[-47.058,-9.0075],[-47.0558,-9.007],[-47.0535,-9.0075],[-47.0492,-9.0052],[-47.0457,-9.0068],[-47.04399,-9.00689],[-47.0421,-9.003],[-47.0366,-8.99949],[-47.0355,-8.99291],[-47.036,-8.9914],[-47.0359,-8.9898],[-47.0349,-8.9884],[-47.0324,-8.98629],[-47.03241,-8.98489],[-47.0355,-8.9818],[-47.0361,-8.9803],[-47.0357,-8.9789],[-47.0345,-8.9789],[-47.0318,-8.9799],[-47.0307,-8.9845],[-47.03177,-8.9884],[-47.0295,-8.9889],[-47.0264,-8.9901],[-47.0233,-8.9886],[-47.02159,-8.98859],[-47.0209,-8.98769],[-47.0221,-8.9832],[-47.0216,-8.9805],[-47.0186,-8.978],[-47.0167,-8.9776],[-47.0154,-8.9763],[-47.0147,-8.9746],[-47.0149,-8.9699],[-47.0132,-8.9668],[-47.0136,-8.9644],[-47.0166,-8.9612],[-47.0178,-8.9578],[-47.0173,-8.955],[-47.0183,-8.9529],[-47.0158,-8.953],[-47.013,-8.9523],[-47.01261,-8.95169],[-47.0137,-8.9495],[-47.0122,-8.9482],[-47.0113,-8.9466],[-47.0059,-8.947],[-47.0016,-8.9447],[-46.99989,-8.9466],[-46.998,-8.9467],[-46.9947,-8.9455],[-46.9936,-8.94359],[-46.9944,-8.9415],[-46.9969,-8.9389],[-46.9976,-8.9357],[-46.9971,-8.9326],[-46.9953,-8.9306],[-46.9917,-8.9313],[-46.9888,-8.9312],[-46.98481,-8.9324],[-46.98391,-8.93191],[-46.9832,-8.9282],[-46.9827,-8.9247],[-46.982,-8.9223],[-46.9824,-8.92],[-46.9805,-8.9197],[-46.978,-8.9178],[-46.9734,-8.9173],[-46.97141,-8.91641],[-46.97031,-8.91451],[-46.9713,-8.9092],[-46.9726,-8.9069],[-46.9756,-8.903],[-46.97911,-8.9013],[-46.9809,-8.9017],[-46.9828,-8.9029],[-46.98633,-8.89878],[-46.71869,-8.91547],[-46.82292,-9.30458],[-46.8275,-9.3059],[-46.8316,-9.308],[-46.8353,-9.3082],[-46.8395,-9.3063],[-46.8423,-9.3044],[-46.8451,-9.2998],[-46.8471,-9.2924],[-46.8467,-9.2898],[-46.8446,-9.2842],[-46.8425,-9.2825],[-46.8394,-9.2814],[-46.8343,-9.2809],[-46.8327,-9.2796],[-46.8319,-9.2778],[-46.8319,-9.27611],[-46.8334,-9.2735],[-46.8332,-9.272],[-46.8324,-9.2713],[-46.8318,-9.2687],[-46.8273,-9.2682],[-46.8228,-9.2663],[-46.8196,-9.2621],[-46.8189,-9.2601],[-46.8191,-9.2574],[-46.8222,-9.2499],[-46.8264,-9.2454],[-46.8289,-9.2401],[-46.8276,-9.2317],[-46.8269,-9.2233],[-46.8261,-9.2212],[-46.8196,-9.21159],[-46.8194,-9.2094],[-46.8223,-9.2029],[-46.8228,-9.199],[-46.82781,-9.1943],[-46.831,-9.1935],[-46.83309,-9.1941],[-46.8356,-9.1968],[-46.8373,-9.1977],[-46.8393,-9.1976],[-46.8417,-9.1962],[-46.8461,-9.1949],[-46.8507,-9.1918],[-46.8519,-9.19],[-46.8524,-9.1861],[-46.8482,-9.1715],[-46.8478,-9.16801],[-46.85,-9.166],[-46.84873,-9.16567],[-46.85049,-9.16291],[-46.852,-9.162],[-46.8524,-9.1599],[-46.8518,-9.15889],[-46.8524,-9.1544],[-46.8566,-9.1507],[-46.8597,-9.1491],[-46.8599,-9.1481],[-46.86111,-9.1464],[-46.864,-9.1461],[-46.871,-9.147],[-46.8726,-9.1467],[-46.8774,-9.1437],[-46.8846,-9.1439],[-46.8893,-9.1423],[-46.8917,-9.1405],[-46.8923,-9.1383],[-46.8904,-9.1347],[-46.8888,-9.12871],[-46.88991,-9.12439],[-46.8936,-9.1223],[-46.896,-9.1225],[-46.8987,-9.1255],[-46.9,-9.128],[-46.9019,-9.1286],[-46.9056,-9.1311],[-46.9063,-9.1322],[-46.906,-9.1343],[-46.9067,-9.1355],[-46.9103,-9.13281],[-46.9123,-9.1334],[-46.9134,-9.1343],[-46.9146,-9.134],[-46.9166,-9.1324],[-46.91769,-9.1321],[-46.9208,-9.1339],[-46.9237,-9.1339],[-46.9263,-9.1349],[-46.9292,-9.1323],[-46.9318,-9.1281],[-46.9315,-9.1208],[-46.9301,-9.1193],[-46.92759,-9.11979],[-46.9267,-9.1191],[-46.9262,-9.1176],[-46.9265,-9.1146],[-46.9301,-9.1095],[-46.9303,-9.106],[-46.9283,-9.1041],[-46.9267,-9.1008],[-46.9249,-9.0998],[-46.9236,-9.09789],[-46.9238,-9.0962],[-46.9251,-9.0953],[-46.9306,-9.0957],[-46.9309,-9.0937],[-46.9302,-9.0928],[-46.92833,-9.09256],[-46.931,-9.0885],[-46.9315,-9.0859],[-46.9306,-9.0839],[-46.9291,-9.0833],[-46.9254,-9.0853],[-46.9239,-9.0868],[-46.91901,-9.0872],[-46.9169,-9.0841],[-46.9139,-9.0839],[-46.91211,-9.08269],[-46.9134,-9.0786],[-46.9178,-9.0742],[-46.9191,-9.0723],[-46.9216,-9.0668],[-46.9249,-9.0651],[-46.9267,-9.0651],[-46.9292,-9.0658],[-46.9324,-9.0644],[-46.9358,-9.0651],[-46.94031,-9.0637],[-46.943,-9.0645],[-46.9511,-9.0685],[-46.9542,-9.0695],[-46.9585,-9.0724],[-46.9656,-9.0786],[-46.9675,-9.0793],[-46.9718,-9.0799],[-46.9759,-9.0817],[-46.9811,-9.0793],[-46.9871,-9.0755],[-46.9893,-9.0752],[-46.9929,-9.0762],[-46.99868,-9.0764],[-47.0004,-9.0815],[-47.0026,-9.0811],[-47.0041,-9.0818],[-47.0073,-9.0822],[-47.0094,-9.0802],[-47.0116,-9.0797],[-47.0136,-9.0781],[-47.0104,-9.07469],[-47.0094,-9.0724],[-47.01021,-9.07031],[-47.0115,-9.0706],[-47.0124,-9.0716],[-47.0143,-9.0724],[-47.0169,-9.07142],[-47.0176,-9.0733],[-47.0173,-9.0744],[-47.0185,-9.0756],[-47.0212,-9.0761],[-47.0236,-9.076],[-47.0265,-9.0733],[-47.0326,-9.072],[-47.033,-9.0708],[-47.03439,-9.06951],[-47.0356,-9.0703],[-47.0376,-9.0688],[-47.0411,-9.0682],[-47.0423,-9.06831],[-47.0433,-9.0696],[-47.0445,-9.0697],[-47.04571,-9.06851],[-47.0466,-9.06901],[-47.0475,-9.071],[-47.0484,-9.0713],[-47.0514,-9.0702],[-47.0543,-9.07],[-47.0554,-9.0688],[-47.05602,-9.06649],[-47.0612,-9.0647],[-47.0687,-9.0639],[-47.0706,-9.062]]]}},{"type":"Feature","properties":{"id":58,"n":"Povoado Ferreira","mn":"Balsas","mi":2101400,"nl":1,"ap":167,"cp":137,"lx":-46.80509,"ly":-8.74948},"geometry":{"type":"Polygon","coordinates":[[[-46.9929,-8.8789],[-46.9901,-8.8771],[-46.9893,-8.8761],[-46.988,-8.8762],[-46.9853,-8.8755],[-46.98311,-8.87391],[-46.9824,-8.8704],[-46.9813,-8.8694],[-46.97793,-8.869],[-46.9781,-8.8678],[-46.9721,-8.8666],[-46.9688,-8.8665],[-46.9656,-8.8677],[-46.9612,-8.8744],[-46.95971,-8.87539],[-46.95691,-8.8745],[-46.9555,-8.8729],[-46.9552,-8.8714],[-46.9516,-8.8711],[-46.9497,-8.8702],[-46.9464,-8.8639],[-46.9416,-8.8595],[-46.937,-8.8579],[-46.9305,-8.8573],[-46.9283,-8.8578],[-46.9271,-8.859],[-46.9249,-8.85949],[-46.9235,-8.8582],[-46.9232,-8.857],[-46.9212,-8.8562],[-46.9198,-8.8572],[-46.9181,-8.857],[-46.9159,-8.855],[-46.91491,-8.85311],[-46.916,-8.8506],[-46.9158,-8.8498],[-46.9139,-8.8491],[-46.91351,-8.84781],[-46.9183,-8.8437],[-46.9181,-8.8397],[-46.91401,-8.83651],[-46.9143,-8.8352],[-46.9125,-8.8344],[-46.911,-8.83619],[-46.90981,-8.8353],[-46.9093,-8.8336],[-46.9078,-8.8309],[-46.9073,-8.82841],[-46.9109,-8.8247],[-46.9137,-8.8228],[-46.9132,-8.8218],[-46.9103,-8.8204],[-46.9096,-8.8185],[-46.9056,-8.8176],[-46.90391,-8.8166],[-46.90281,-8.81451],[-46.904,-8.8118],[-46.9041,-8.81],[-46.9031,-8.8091],[-46.9031,-8.8073],[-46.904,-8.8049],[-46.9052,-8.79812],[-46.9064,-8.7975],[-46.9061,-8.7947],[-46.90301,-8.7922],[-46.9027,-8.79091],[-46.9036,-8.7883],[-46.905,-8.7873],[-46.9052,-8.7864],[-46.9042,-8.7786],[-46.905,-8.7755],[-46.9068,-8.7735],[-46.9075,-8.7721],[-46.90721,-8.7701],[-46.9083,-8.7694],[-46.9106,-8.7698],[-46.9113,-8.7688],[-46.9097,-8.767],[-46.90961,-8.76453],[-46.9121,-8.7651],[-46.9135,-8.7649],[-46.9168,-8.7633],[-46.9173,-8.7624],[-46.9176,-8.7582],[-46.9185,-8.7565],[-46.9177,-8.7537],[-46.9179,-8.75131],[-46.9206,-8.7493],[-46.9233,-8.745],[-46.9249,-8.7442],[-46.9261,-8.7353],[-46.9288,-8.7318],[-46.9313,-8.7268],[-46.9309,-8.725],[-46.9297,-8.7238],[-46.9286,-8.7234],[-46.9226,-8.7277],[-46.9216,-8.7276],[-46.9191,-8.7252],[-46.9173,-8.72607],[-46.9165,-8.7231],[-46.91401,-8.72238],[-46.915,-8.7183],[-46.9137,-8.71361],[-46.9147,-8.7111],[-46.9144,-8.7086],[-46.90451,-8.70101],[-46.9039,-8.6986],[-46.9024,-8.696],[-46.9006,-8.6945],[-46.8981,-8.6935],[-46.8927,-8.6923],[-46.89081,-8.6912],[-46.8869,-8.6865],[-46.8871,-8.6836],[-46.8889,-8.6774],[-46.8886,-8.6736],[-46.8892,-8.66981],[-46.8916,-8.6684],[-46.893,-8.667],[-46.8938,-8.6655],[-46.8962,-8.6653],[-46.8966,-8.6643],[-46.89501,-8.66071],[-46.89569,-8.65971],[-46.8981,-8.6594],[-46.90029,-8.6599],[-46.9023,-8.6615],[-46.9039,-8.6617],[-46.9027,-8.6557],[-46.9021,-8.6544],[-46.9026,-8.6532],[-46.9041,-8.65261],[-46.9062,-8.6543],[-46.9071,-8.654],[-46.90791,-8.6513],[-46.9164,-8.6484],[-46.9155,-8.6451],[-46.9124,-8.6419],[-46.91171,-8.63972],[-46.91409,-8.63771],[-46.9152,-8.6376],[-46.9156,-8.63411],[-46.9171,-8.6329],[-46.9157,-8.6309],[-46.9128,-8.6287],[-46.91192,-8.62684],[-46.913,-8.6264],[-46.9122,-8.6235],[-46.9127,-8.6207],[-46.9119,-8.6194],[-46.9103,-8.6193],[-46.90939,-8.62089],[-46.90731,-8.6197],[-46.9072,-8.617],[-46.9079,-8.614],[-46.9067,-8.614],[-46.9062,-8.6158],[-46.90501,-8.61639],[-46.9039,-8.6147],[-46.9042,-8.6134],[-46.90191,-8.61319],[-46.9019,-8.6115],[-46.9028,-8.60991],[-46.9054,-8.6088],[-46.9047,-8.6082],[-46.90221,-8.6087],[-46.9012,-8.6082],[-46.89871,-8.6082],[-46.8978,-8.60629],[-46.8978,-8.6051],[-46.8988,-8.6043],[-46.9039,-8.6041],[-46.9038,-8.603],[-46.9018,-8.6024],[-46.8996,-8.6029],[-46.89851,-8.6025],[-46.89771,-8.60103],[-46.9001,-8.5993],[-46.901,-8.59741],[-46.9033,-8.5976],[-46.90401,-8.5958],[-46.9063,-8.5957],[-46.9075,-8.5965],[-46.9089,-8.5985],[-46.9098,-8.5986],[-46.9106,-8.59561],[-46.91188,-8.59501],[-46.9126,-8.5956],[-46.9164,-8.5958],[-46.9134,-8.5933],[-46.9125,-8.59021],[-46.913,-8.58851],[-46.9141,-8.5882],[-46.9138,-8.5866],[-46.912,-8.5881],[-46.9107,-8.59059],[-46.909,-8.5903],[-46.9083,-8.5916],[-46.9065,-8.5927],[-46.90322,-8.59319],[-46.903,-8.5907],[-46.9019,-8.5908],[-46.90057,-8.59228],[-46.899,-8.5909],[-46.8992,-8.58842],[-46.9015,-8.5873],[-46.9023,-8.5863],[-46.9008,-8.5848],[-46.9005,-8.5833],[-46.89759,-8.58337],[-46.8965,-8.57991],[-46.8983,-8.5774],[-46.8978,-8.5767],[-46.89481,-8.57889],[-46.89361,-8.5784],[-46.8937,-8.5719],[-46.893,-8.5706],[-46.8905,-8.5707],[-46.8911,-8.5742],[-46.88901,-8.57689],[-46.88779,-8.57649],[-46.88661,-8.57431],[-46.8872,-8.5729],[-46.88593,-8.5719],[-46.70714,-8.67048],[-46.69099,-8.90366],[-46.71869,-8.91547],[-46.98633,-8.89878],[-46.9864,-8.8987],[-46.9842,-8.8967],[-46.9841,-8.8949],[-46.986,-8.8929],[-46.9889,-8.8926],[-46.9865,-8.8908],[-46.9861,-8.8884],[-46.9887,-8.8845],[-46.9918,-8.8836],[-46.9928,-8.8806],[-46.9929,-8.8789]]]}},{"type":"Feature","properties":{"id":59,"n":"Povoado Aldeia","mn":"Balsas","mi":2101400,"nl":1,"ap":1086,"cp":855,"lx":-46.00677,"ly":-7.80266},"geometry":{"type":"Polygon","coordinates":[[[-46.20216,-7.82752],[-46.1959,-7.6835],[-46.18503,-7.6812],[-46.0188,-7.6557],[-45.80022,-7.65282],[-45.8007,-7.6557],[-45.8007,-7.6581],[-45.7981,-7.6649],[-45.796,-7.668],[-45.7947,-7.6734],[-45.7918,-7.7032],[-45.7933,-7.7085],[-45.7934,-7.7201],[-45.7959,-7.7248],[-45.7992,-7.728],[-45.8066,-7.7344],[-45.8149,-7.74],[-45.8183,-7.7433],[-45.8221,-7.7478],[-45.8255,-7.7549],[-45.8285,-7.7569],[-45.8328,-7.759],[-45.8388,-7.7643],[-45.8442,-7.76741],[-45.8481,-7.7775],[-45.8486,-7.78101],[-45.84779,-7.78631],[-45.846,-7.7883],[-45.8406,-7.7922],[-45.8405,-7.7971],[-45.842,-7.8008],[-45.8443,-7.8043],[-45.8512,-7.8117],[-45.8563,-7.815],[-45.8596,-7.8178],[-45.8609,-7.8211],[-45.8614,-7.82739],[-45.8598,-7.83121],[-45.8553,-7.836],[-45.8516,-7.8385],[-45.85,-7.8401],[-45.8475,-7.8481],[-45.8452,-7.8595],[-45.8435,-7.8701],[-45.8419,-7.8767],[-45.8417,-7.8827],[-45.8421,-7.8935],[-45.8461,-7.9145],[-45.8458,-7.9208],[-45.8412,-7.9317],[-45.8297,-7.9447],[-45.828,-7.9487],[-45.8276,-7.9538],[-45.8306,-7.9596],[-45.8324,-7.962],[-45.8355,-7.9634],[-45.838,-7.9639],[-45.8415,-7.9666],[-45.8451,-7.9725],[-45.8451,-7.9755],[-45.8413,-7.9796],[-45.8365,-7.9816],[-45.8282,-7.9833],[-45.8208,-7.9886],[-45.8193,-7.9924],[-45.8182,-8.00049],[-45.8172,-8.00199],[-45.8152,-8.0028],[-45.8103,-8.0021],[-45.8081,-8.0036],[-45.8061,-8.0066],[-45.8042,-8.0143],[-45.8001,-8.0181],[-45.794,-8.021],[-45.788,-8.022],[-45.7821,-8.0299],[-45.7785,-8.0333],[-45.7708,-8.0428],[-45.7659,-8.0471],[-45.7639,-8.0506],[-45.7614,-8.0577],[-45.7607,-8.0601],[-45.76,-8.0666],[-45.761,-8.0706],[-45.766,-8.0784],[-45.7718,-8.0889],[-45.7755,-8.0973],[-45.7787,-8.1024],[-45.7814,-8.1029],[-45.7865,-8.105],[-45.7918,-8.1065],[-45.8042,-8.1071],[-45.8337,-8.106],[-45.8388,-8.1067],[-45.8421,-8.1064],[-45.8519,-8.1085],[-45.8589,-8.1107],[-45.8678,-8.1148],[-45.87071,-8.11679],[-46.20216,-7.82752]]]}},{"type":"Feature","properties":{"id":60,"n":"Povoado Correio","mn":"Balsas","mi":2101400,"nl":1,"ap":401,"cp":336,"lx":-46.04833,"ly":-7.50922},"geometry":{"type":"Polygon","coordinates":[[[-46.04993,-7.51043],[-46.04993,-7.51043],[-46.0498,-7.50586],[-46.04746,-7.50685],[-46.04628,-7.51219],[-46.04993,-7.51043]]]}},{"type":"Feature","properties":{"id":61,"n":"Povoado Angelim","mn":"Balsas","mi":2101400,"nl":1,"ap":495,"cp":431,"lx":-46.10801,"ly":-7.28657},"geometry":{"type":"Polygon","coordinates":[[[-46.21558,-7.56816],[-46.21034,-7.38534],[-46.16651,-7.36548],[-46.1981,-7.258],[-46.07801,-7.16261],[-46.0778,-7.161],[-46.0761,-7.1606],[-46.07311,-7.16149],[-46.0718,-7.1599],[-45.99395,-7.20965],[-46.10819,-7.50191],[-46.21558,-7.56816]]]}},{"type":"Feature","properties":{"id":62,"n":"Povoado Porto Izidoro","mn":"Balsas","mi":2101400,"nl":1,"ap":310,"cp":228,"lx":-46.51361,"ly":-8.74308},"geometry":{"type":"Polygon","coordinates":[[[-46.70714,-8.67048],[-46.5174,-8.48751],[-46.21636,-8.661],[-46.2185,-8.6623],[-46.2335,-8.6725],[-46.2382,-8.6783],[-46.2401,-8.6829],[-46.2432,-8.6936],[-46.2464,-8.7104],[-46.2492,-8.7139],[-46.2633,-8.7168],[-46.2663,-8.7187],[-46.2704,-8.7225],[-46.2737,-8.7266],[-46.2784,-8.7373],[-46.2844,-8.7546],[-46.2906,-8.7634],[-46.3001,-8.7748],[-46.3133,-8.787],[-46.323,-8.7997],[-46.3302,-8.8063],[-46.3349,-8.8115],[-46.3357,-8.81301],[-46.3383,-8.828],[-46.3491,-8.8391],[-46.3509,-8.8452],[-46.3533,-8.8487],[-46.3605,-8.8537],[-46.368,-8.8604],[-46.3735,-8.8666],[-46.3801,-8.8754],[-46.3934,-8.8908],[-46.4015,-8.8975],[-46.4186,-8.9102],[-46.43,-8.9154],[-46.4378,-8.9172],[-46.4481,-8.9211],[-46.4693,-8.9264],[-46.4915,-8.9291],[-46.4998,-8.9295],[-46.5038,-8.9303],[-46.5081,-8.9333],[-46.5097,-8.9359],[-46.5183,-8.9427],[-46.52106,-8.94785],[-46.69099,-8.90366],[-46.70714,-8.67048]]]}},{"type":"Feature","properties":{"id":63,"n":"Povoado Sao Pedro","mn":"Balsas","mi":2101400,"nl":1,"ap":167,"cp":131,"lx":-46.65047,"ly":-9.00632},"geometry":{"type":"Polygon","coordinates":[[[-46.82292,-9.30458],[-46.71869,-8.91547],[-46.69099,-8.90366],[-46.52106,-8.94785],[-46.5213,-8.9483],[-46.5235,-8.9551],[-46.5243,-8.9612],[-46.5247,-8.9694],[-46.5244,-8.9838],[-46.5253,-8.988],[-46.5274,-8.9921],[-46.5296,-8.9951],[-46.5322,-9.0034],[-46.5333,-9.00401],[-46.5348,-9.0073],[-46.5359,-9.0145],[-46.537,-9.0189],[-46.5401,-9.0392],[-46.5395,-9.0493],[-46.5406,-9.0576],[-46.5439,-9.0626],[-46.5476,-9.0658],[-46.5502,-9.067],[-46.5543,-9.0716],[-46.5566,-9.0726],[-46.5609,-9.0718],[-46.56441,-9.0688],[-46.5684,-9.0685],[-46.57049,-9.0694],[-46.5717,-9.0709],[-46.5726,-9.0728],[-46.5741,-9.0788],[-46.5761,-9.0813],[-46.5781,-9.0823],[-46.5894,-9.0852],[-46.5943,-9.085],[-46.5992,-9.0868],[-46.6069,-9.0853],[-46.6105,-9.086],[-46.61419,-9.0875],[-46.6239,-9.095],[-46.6262,-9.0994],[-46.6266,-9.1033],[-46.6258,-9.1065],[-46.6225,-9.1141],[-46.62079,-9.1158],[-46.6133,-9.1166],[-46.6118,-9.1174],[-46.6106,-9.1193],[-46.6103,-9.1257],[-46.6091,-9.13],[-46.6094,-9.1315],[-46.6087,-9.1326],[-46.6083,-9.1352],[-46.6058,-9.138],[-46.6057,-9.1391],[-46.6065,-9.1411],[-46.6064,-9.1479],[-46.6068,-9.1503],[-46.61019,-9.15171],[-46.6096,-9.158],[-46.6133,-9.1606],[-46.6158,-9.1667],[-46.6172,-9.1687],[-46.6191,-9.1702],[-46.622,-9.17112],[-46.6226,-9.173],[-46.6219,-9.1756],[-46.6219,-9.18049],[-46.6204,-9.1829],[-46.6205,-9.185],[-46.6221,-9.1855],[-46.6246,-9.185],[-46.6297,-9.1815],[-46.6317,-9.1818],[-46.63299,-9.1827],[-46.6342,-9.1855],[-46.6342,-9.1902],[-46.6377,-9.19669],[-46.6376,-9.1992],[-46.6413,-9.20061],[-46.643,-9.2031],[-46.6433,-9.2052],[-46.6442,-9.2072],[-46.64609,-9.2085],[-46.6447,-9.2124],[-46.6451,-9.223],[-46.6465,-9.2333],[-46.6433,-9.25],[-46.6428,-9.261],[-46.6433,-9.2628],[-46.6456,-9.2644],[-46.6561,-9.2697],[-46.6587,-9.2715],[-46.6614,-9.2725],[-46.6656,-9.2754],[-46.6671,-9.27681],[-46.6688,-9.28191],[-46.6689,-9.2891],[-46.6672,-9.3063],[-46.6666,-9.3084],[-46.6635,-9.3122],[-46.6621,-9.3182],[-46.6621,-9.321],[-46.6612,-9.32339],[-46.6571,-9.3268],[-46.6573,-9.3306],[-46.6563,-9.33441],[-46.6548,-9.3365],[-46.6516,-9.3394],[-46.641,-9.3446],[-46.6315,-9.3485],[-46.617,-9.3571],[-46.6133,-9.3602],[-46.6116,-9.3625],[-46.6103,-9.3651],[-46.6103,-9.3678],[-46.6114,-9.3693],[-46.6299,-9.37751],[-46.6331,-9.3817],[-46.6351,-9.3878],[-46.6397,-9.3952],[-46.6405,-9.3978],[-46.6405,-9.3996],[-46.6391,-9.4031],[-46.6377,-9.4052],[-46.6335,-9.4092],[-46.6328,-9.4116],[-46.6383,-9.4104],[-46.6435,-9.4103],[-46.6516,-9.4061],[-46.6598,-9.399],[-46.6617,-9.3958],[-46.666,-9.3919],[-46.6749,-9.3908],[-46.6836,-9.393],[-46.694,-9.398],[-46.6962,-9.3986],[-46.7002,-9.399],[-46.703,-9.3987],[-46.7058,-9.3976],[-46.7169,-9.3966],[-46.7192,-9.396],[-46.7233,-9.3964],[-46.7298,-9.3986],[-46.73799,-9.40489],[-46.741,-9.412],[-46.7436,-9.4136],[-46.746,-9.4144],[-46.7516,-9.4146],[-46.7543,-9.4138],[-46.7634,-9.409],[-46.7657,-9.4063],[-46.7662,-9.4033],[-46.766,-9.4019],[-46.7613,-9.3911],[-46.7596,-9.3885],[-46.7589,-9.3861],[-46.759,-9.3828],[-46.7587,-9.3812],[-46.7663,-9.3677],[-46.7683,-9.3655],[-46.7754,-9.3616],[-46.7797,-9.3585],[-46.7817,-9.3538],[-46.78329,-9.35111],[-46.784,-9.351],[-46.7913,-9.3459],[-46.7992,-9.3388],[-46.8047,-9.32661],[-46.8071,-9.325],[-46.80691,-9.32458],[-46.8098,-9.3178],[-46.811,-9.3135],[-46.8101,-9.3085],[-46.8111,-9.3067],[-46.8133,-9.3048],[-46.8173,-9.3034],[-46.8188,-9.3034],[-46.82292,-9.30458]]]}},{"type":"Feature","properties":{"id":64,"n":"Povoado Extrema","mn":"Balsas","mi":2101400,"nl":1,"ap":255,"cp":182,"lx":-46.19551,"ly":-7.97739},"geometry":{"type":"Polygon","coordinates":[[[-46.32282,-8.16611],[-46.29317,-7.87515],[-46.20216,-7.82752],[-45.87071,-8.11679],[-45.876,-8.1204],[-45.8879,-8.1303],[-45.8922,-8.1319],[-45.8998,-8.1324],[-45.90761,-8.1317],[-45.9121,-8.1327],[-45.9145,-8.1348],[-45.9158,-8.14031],[-45.9146,-8.158],[-45.913,-8.1649],[-45.9127,-8.1709],[-45.9133,-8.1859],[-45.9168,-8.1889],[-45.9174,-8.1912],[-45.9204,-8.1942],[-45.9232,-8.1965],[-45.9263,-8.1973],[-45.9394,-8.1892],[-45.9439,-8.1882],[-45.9485,-8.1863],[-45.95499,-8.1828],[-45.9612,-8.1839],[-45.9652,-8.1824],[-45.9975,-8.165],[-46.0029,-8.1626],[-46.0046,-8.1596],[-46.0072,-8.1527],[-46.0062,-8.1467],[-46.0041,-8.1386],[-46.0025,-8.13449],[-46.00341,-8.13219],[-46.0087,-8.1297],[-46.0126,-8.1288],[-46.016,-8.1208],[-46.0199,-8.10421],[-46.0208,-8.1027],[-46.0219,-8.0972],[-46.0236,-8.0928],[-46.0319,-8.0833],[-46.034,-8.08],[-46.0331,-8.0753],[-46.0325,-8.0739],[-46.0338,-8.06801],[-46.03591,-8.0675],[-46.0382,-8.0687],[-46.0405,-8.0689],[-46.0454,-8.0707],[-46.0508,-8.0699],[-46.0573,-8.0655],[-46.0587,-8.0638],[-46.0595,-8.0597],[-46.0592,-8.0527],[-46.0604,-8.0472],[-46.0615,-8.0447],[-46.0673,-8.0422],[-46.0776,-8.0345],[-46.08131,-8.0287],[-46.089,-8.0256],[-46.0918,-8.0248],[-46.09769,-8.024],[-46.0998,-8.02641],[-46.0991,-8.0348],[-46.099,-8.0453],[-46.0997,-8.0538],[-46.1011,-8.0567],[-46.1039,-8.059],[-46.1095,-8.0623],[-46.1223,-8.067],[-46.1261,-8.0696],[-46.14269,-8.075],[-46.14479,-8.07709],[-46.1449,-8.0828],[-46.1439,-8.0866],[-46.1435,-8.0936],[-46.1491,-8.10771],[-46.1484,-8.11441],[-46.1462,-8.1197],[-46.14,-8.1303],[-46.1353,-8.1401],[-46.1326,-8.1499],[-46.1313,-8.1579],[-46.1314,-8.1664],[-46.1305,-8.1762],[-46.1265,-8.192],[-46.1262,-8.20249],[-46.1215,-8.2077],[-46.1197,-8.2123],[-46.1198,-8.2193],[-46.1206,-8.2221],[-46.1205,-8.22679],[-46.11869,-8.2284],[-46.1079,-8.23],[-46.1026,-8.2356],[-46.10298,-8.24007],[-46.32282,-8.16611]]]}},{"type":"Feature","properties":{"id":65,"n":"Manoel Novo","mn":"Balsas","mi":2101400,"nl":1,"ap":1394,"cp":1145,"lx":-45.88501,"ly":-7.5014},"geometry":{"type":"Polygon","coordinates":[[[-46.03152,-7.52342],[-46.02757,-7.51325],[-45.93724,-7.4666],[-45.71738,-7.37148],[-45.7173,-7.37351],[-45.7167,-7.3747],[-45.7155,-7.3754],[-45.71589,-7.3789],[-45.7122,-7.381],[-45.7102,-7.384],[-45.71019,-7.3849],[-45.7072,-7.3865],[-45.7048,-7.3893],[-45.7005,-7.3911],[-45.699,-7.39219],[-45.6966,-7.3917],[-45.69489,-7.3929],[-45.69132,-7.3931],[-45.6908,-7.3925],[-45.6881,-7.3929],[-45.6855,-7.3918],[-45.6846,-7.3925],[-45.68369,-7.3948],[-45.6826,-7.39539],[-45.6817,-7.3948],[-45.6795,-7.3946],[-45.6779,-7.3964],[-45.67789,-7.3978],[-45.6756,-7.3987],[-45.6755,-7.4002],[-45.6761,-7.40241],[-45.6745,-7.4055],[-45.6733,-7.4066],[-45.6757,-7.4071],[-45.6805,-7.4071],[-45.6825,-7.4077],[-45.6845,-7.409],[-45.6866,-7.4113],[-45.6884,-7.41479],[-45.6879,-7.417],[-45.6847,-7.4219],[-45.6839,-7.4237],[-45.684,-7.4251],[-45.6855,-7.4281],[-45.6875,-7.4304],[-45.689,-7.4312],[-45.6921,-7.4313],[-45.6974,-7.4307],[-45.69901,-7.43111],[-45.7009,-7.4327],[-45.7022,-7.4357],[-45.7024,-7.4374],[-45.7021,-7.4396],[-45.7034,-7.4429],[-45.7064,-7.4452],[-45.7079,-7.4456],[-45.7145,-7.446],[-45.7173,-7.4475],[-45.719,-7.4476],[-45.7218,-7.4467],[-45.7239,-7.4449],[-45.7253,-7.4442],[-45.7308,-7.4436],[-45.7323,-7.4433],[-45.7381,-7.4392],[-45.7396,-7.4386],[-45.7428,-7.438],[-45.7447,-7.4386],[-45.7475,-7.4436],[-45.7519,-7.4487],[-45.7552,-7.4512],[-45.7569,-7.4511],[-45.7603,-7.4483],[-45.7617,-7.4454],[-45.76409,-7.4443],[-45.7689,-7.4451],[-45.7715,-7.4451],[-45.7762,-7.4431],[-45.7782,-7.4425],[-45.7801,-7.443],[-45.7812,-7.4439],[-45.7821,-7.4458],[-45.7826,-7.4481],[-45.7842,-7.4509],[-45.7882,-7.4534],[-45.791,-7.454],[-45.7935,-7.4542],[-45.7972,-7.4557],[-45.8009,-7.4556],[-45.8026,-7.4552],[-45.8046,-7.4524],[-45.8058,-7.4514],[-45.8099,-7.4512],[-45.8128,-7.4519],[-45.8149,-7.4529],[-45.8157,-7.4537],[-45.818,-7.4582],[-45.8192,-7.4599],[-45.8197,-7.4622],[-45.8209,-7.4639],[-45.8225,-7.4654],[-45.8229,-7.4681],[-45.82419,-7.4692],[-45.82399,-7.4702],[-45.8218,-7.4719],[-45.8226,-7.4732],[-45.82489,-7.4716],[-45.82579,-7.4717],[-45.8267,-7.4734],[-45.8265,-7.4774],[-45.8287,-7.4781],[-45.8321,-7.47852],[-45.8323,-7.4808],[-45.8316,-7.48459],[-45.8296,-7.4864],[-45.8325,-7.4885],[-45.8328,-7.49298],[-45.8314,-7.4945],[-45.8314,-7.4963],[-45.83051,-7.49708],[-45.8285,-7.4946],[-45.8264,-7.4963],[-45.8222,-7.4952],[-45.8218,-7.4956],[-45.8212,-7.4991],[-45.82041,-7.50078],[-45.8183,-7.5008],[-45.8176,-7.5023],[-45.8157,-7.5043],[-45.8171,-7.506],[-45.819,-7.50671],[-45.8197,-7.5097],[-45.82199,-7.51023],[-45.82149,-7.5125],[-45.8179,-7.5142],[-45.81799,-7.518],[-45.8167,-7.5184],[-45.8144,-7.5176],[-45.8131,-7.5201],[-45.81439,-7.52159],[-45.8141,-7.5227],[-45.8158,-7.5249],[-45.8166,-7.52719],[-45.8149,-7.5314],[-45.815,-7.5334],[-45.8158,-7.5367],[-45.8192,-7.53862],[-45.81939,-7.54021],[-45.8171,-7.5435],[-45.8156,-7.545],[-45.8154,-7.548],[-45.8168,-7.551],[-45.8181,-7.5517],[-45.82109,-7.5554],[-45.8202,-7.5591],[-45.8213,-7.56121],[-45.8207,-7.5631],[-45.81962,-7.56456],[-46.01709,-7.53448],[-46.0299,-7.52572],[-46.03152,-7.52342]]]}},{"type":"Feature","properties":{"id":66,"n":"Povoado Rio Coco","mn":"Balsas","mi":2101400,"nl":1,"ap":283,"cp":256,"lx":-46.30101,"ly":-7.52157},"geometry":{"type":"Polygon","coordinates":[[[-46.40338,-7.5859],[-46.3878,-7.4728],[-46.3877,-7.4656],[-46.21034,-7.38534],[-46.21558,-7.56816],[-46.2378,-7.62582],[-46.40338,-7.5859]]]}},{"type":"Feature","properties":{"id":67,"n":"Fatima","mn":"Balsas","mi":2101400,"nl":1,"ap":2506,"cp":2050,"lx":-46.04743,"ly":-7.52591},"geometry":{"type":"Polygon","coordinates":[[[-46.05295,-7.5218],[-46.04657,-7.52102],[-46.04365,-7.52592],[-46.04504,-7.52903],[-46.04716,-7.53143],[-46.04909,-7.53125],[-46.05295,-7.5218]]]}},{"type":"Feature","properties":{"id":68,"n":"Açucena","mn":"Balsas","mi":2101400,"nl":1,"ap":2981,"cp":2380,"lx":-46.05397,"ly":-7.52887},"geometry":{"type":"Polygon","coordinates":[[[-46.05776,-7.53266],[-46.05776,-7.53266],[-46.05711,-7.52068],[-46.05295,-7.5218],[-46.04909,-7.53125],[-46.05166,-7.53224],[-46.05776,-7.53266]]]}},{"type":"Feature","properties":{"id":69,"n":"Sao Caetano","mn":"Balsas","mi":2101400,"nl":1,"ap":2093,"cp":1642,"lx":-46.05992,"ly":-7.53772},"geometry":{"type":"Polygon","coordinates":[[[-46.0658,-7.53546],[-46.05807,-7.53298],[-46.0544,-7.53974],[-46.06017,-7.54467],[-46.0658,-7.53546]]]}},{"type":"Feature","properties":{"id":70,"n":"Povoado Novo Carli Batavo","mn":"Balsas","mi":2101400,"nl":1,"ap":993,"cp":768,"lx":-46.7158,"ly":-8.5252},"geometry":{"type":"Polygon","coordinates":[[[-46.88593,-8.5719],[-46.8853,-8.57139],[-46.8842,-8.5678],[-46.8833,-8.5668],[-46.8824,-8.5678],[-46.88269,-8.57097],[-46.8808,-8.5707],[-46.88008,-8.57289],[-46.8788,-8.57249],[-46.8783,-8.5703],[-46.877,-8.57046],[-46.87691,-8.569],[-46.879,-8.5671],[-46.8787,-8.5656],[-46.8775,-8.5655],[-46.87478,-8.56746],[-46.87422,-8.56648],[-46.8769,-8.5635],[-46.87293,-8.56277],[-46.875,-8.56],[-46.876,-8.5566],[-46.8755,-8.5553],[-46.87071,-8.55689],[-46.8697,-8.5561],[-46.8681,-8.5566],[-46.8647,-8.5588],[-46.86281,-8.55908],[-46.8624,-8.5554],[-46.8602,-8.5525],[-46.85831,-8.55149],[-46.8603,-8.5465],[-46.8601,-8.5453],[-46.8551,-8.5454],[-46.853,-8.5446],[-46.8517,-8.5427],[-46.8526,-8.5386],[-46.8521,-8.537],[-46.8505,-8.5363],[-46.8478,-8.53669],[-46.8463,-8.53489],[-46.846,-8.53359],[-46.8479,-8.5291],[-46.8508,-8.5258],[-46.8477,-8.5246],[-46.8459,-8.5252],[-46.84441,-8.5248],[-46.84341,-8.5229],[-46.8443,-8.522],[-46.8467,-8.5213],[-46.8467,-8.5203],[-46.8477,-8.51921],[-46.8505,-8.5192],[-46.8522,-8.5159],[-46.8512,-8.5147],[-46.84849,-8.51409],[-46.8475,-8.5131],[-46.84691,-8.51092],[-46.8477,-8.5103],[-46.8479,-8.5073],[-46.8508,-8.5048],[-46.851,-8.5037],[-46.8501,-8.5025],[-46.84681,-8.5022],[-46.8463,-8.5014],[-46.8473,-8.4988],[-46.8482,-8.4979],[-46.8481,-8.496],[-46.8473,-8.49529],[-46.8472,-8.4934],[-46.84829,-8.49191],[-46.8493,-8.492],[-46.8508,-8.4908],[-46.851,-8.4897],[-46.84892,-8.48799],[-46.8493,-8.4875],[-46.8522,-8.481],[-46.8519,-8.4778],[-46.8511,-8.4762],[-46.8491,-8.4747],[-46.8467,-8.475],[-46.84341,-8.4746],[-46.8411,-8.47349],[-46.8402,-8.4722],[-46.8403,-8.47071],[-46.8417,-8.4687],[-46.8418,-8.4659],[-46.8405,-8.4656],[-46.83799,-8.4688],[-46.83511,-8.4691],[-46.83321,-8.4679],[-46.8334,-8.4669],[-46.8323,-8.465],[-46.8315,-8.4659],[-46.8309,-8.4682],[-46.831,-8.4696],[-46.8285,-8.47289],[-46.8251,-8.4742],[-46.8235,-8.47449],[-46.8219,-8.4717],[-46.8216,-8.4668],[-46.8208,-8.4655],[-46.8183,-8.4683],[-46.81701,-8.47029],[-46.8155,-8.47039],[-46.814,-8.4683],[-46.8133,-8.4655],[-46.8117,-8.4655],[-46.80991,-8.46371],[-46.8099,-8.4612],[-46.8084,-8.4613],[-46.8069,-8.4606],[-46.8058,-8.4592],[-46.80051,-8.45411],[-46.8005,-8.4516],[-46.7978,-8.44909],[-46.79661,-8.44661],[-46.79759,-8.44532],[-46.7994,-8.4454],[-46.802,-8.444],[-46.8014,-8.4428],[-46.80001,-8.44229],[-46.8001,-8.44],[-46.7974,-8.4352],[-46.7962,-8.4311],[-46.7955,-8.43],[-46.7957,-8.4287],[-46.7996,-8.4227],[-46.7996,-8.4207],[-46.7978,-8.4177],[-46.7987,-8.41281],[-46.8,-8.4103],[-46.8023,-8.4088],[-46.80261,-8.4061],[-46.8068,-8.4024],[-46.8071,-8.4004],[-46.8068,-8.399],[-46.8057,-8.3981],[-46.8046,-8.3984],[-46.80379,-8.40111],[-46.80259,-8.4019],[-46.7989,-8.4022],[-46.79499,-8.40489],[-46.7935,-8.4043],[-46.792,-8.402],[-46.787,-8.39909],[-46.786,-8.3974],[-46.7857,-8.3954],[-46.7878,-8.393],[-46.7901,-8.391],[-46.7919,-8.388],[-46.7917,-8.3862],[-46.791,-8.3851],[-46.7867,-8.38219],[-46.7864,-8.3802],[-46.7851,-8.3773],[-46.7865,-8.3744],[-46.78421,-8.37191],[-46.7842,-8.371],[-46.7824,-8.3681],[-46.7797,-8.3675],[-46.7783,-8.3683],[-46.7769,-8.3684],[-46.7729,-8.3716],[-46.77109,-8.3744],[-46.7685,-8.3757],[-46.7638,-8.3759],[-46.76119,-8.3784],[-46.75949,-8.3783],[-46.7542,-8.3747],[-46.7527,-8.3741],[-46.75,-8.374],[-46.747,-8.3747],[-46.7443,-8.3765],[-46.7407,-8.377],[-46.7387,-8.3775],[-46.7365,-8.3792],[-46.7358,-8.383],[-46.7344,-8.38539],[-46.7321,-8.3864],[-46.7301,-8.3866],[-46.7281,-8.3864],[-46.7268,-8.3846],[-46.7267,-8.3831],[-46.7215,-8.3872],[-46.7204,-8.39],[-46.72019,-8.39271],[-46.7141,-8.4],[-46.7063,-8.4117],[-46.69949,-8.4155],[-46.6892,-8.4161],[-46.6738,-8.4142],[-46.6604,-8.4064],[-46.6482,-8.4046],[-46.6388,-8.4048],[-46.6328,-8.4062],[-46.6265,-8.4098],[-46.6231,-8.4132],[-46.6171,-8.421],[-46.6143,-8.4227],[-46.61029,-8.4243],[-46.6065,-8.4236],[-46.6047,-8.4221],[-46.6026,-8.4173],[-46.5989,-8.4112],[-46.5961,-8.4095],[-46.5884,-8.4127],[-46.5802,-8.4144],[-46.5783,-8.4143],[-46.5749,-8.4132],[-46.57301,-8.41171],[-46.5721,-8.4084],[-46.5685,-8.4036],[-46.5667,-8.402],[-46.5629,-8.4014],[-46.55688,-8.40178],[-46.5174,-8.48751],[-46.70714,-8.67048],[-46.88593,-8.5719]]]}},{"type":"Feature","properties":{"id":71,"n":"Cohab","mn":"Balsas","mi":2101400,"nl":1,"ap":2848,"cp":2319,"lx":-46.04923,"ly":-7.54027},"geometry":{"type":"Polygon","coordinates":[[[-46.05219,-7.54065],[-46.05067,-7.53867],[-46.04603,-7.53691],[-46.04466,-7.5404],[-46.05082,-7.54324],[-46.05219,-7.54065]]]}},{"type":"Feature","properties":{"id":72,"n":"Povoado Peba","mn":"Balsas","mi":2101400,"nl":1,"ap":123,"cp":93,"lx":-46.36049,"ly":-7.93497},"geometry":{"type":"Polygon","coordinates":[[[-46.4437,-7.9363],[-46.4434,-7.9323],[-46.4421,-7.9277],[-46.4395,-7.9227],[-46.4364,-7.9189],[-46.4256,-7.909],[-46.4228,-7.9027],[-46.423,-7.8963],[-46.4243,-7.891],[-46.4279,-7.8839],[-46.4316,-7.8802],[-46.4358,-7.87332],[-46.29317,-7.87515],[-46.32282,-8.16611],[-46.40752,-8.17224],[-46.4075,-8.1709],[-46.4063,-8.1636],[-46.4043,-8.159],[-46.4008,-8.1542],[-46.3995,-8.1537],[-46.39501,-8.14861],[-46.3953,-8.14611],[-46.3963,-8.144],[-46.4019,-8.1361],[-46.4028,-8.1345],[-46.4033,-8.1296],[-46.4026,-8.1233],[-46.4006,-8.1178],[-46.4004,-8.11541],[-46.4016,-8.11211],[-46.4057,-8.1094],[-46.4076,-8.1072],[-46.4107,-8.1015],[-46.4148,-8.0956],[-46.419,-8.0916],[-46.4204,-8.0881],[-46.4206,-8.0862],[-46.4204,-8.0769],[-46.4164,-8.0722],[-46.4135,-8.0697],[-46.4111,-8.0688],[-46.4096,-8.0669],[-46.4083,-8.0663],[-46.4047,-8.0627],[-46.403,-8.0589],[-46.4022,-8.05531],[-46.4066,-8.0416],[-46.4074,-8.0328],[-46.4075,-8.0253],[-46.4089,-8.016],[-46.4091,-8.0111],[-46.4109,-8.0011],[-46.4078,-7.9929],[-46.4061,-7.991],[-46.4055,-7.9871],[-46.4057,-7.98561],[-46.4154,-7.9739],[-46.417,-7.9684],[-46.4175,-7.9593],[-46.41891,-7.95189],[-46.42251,-7.9473],[-46.4353,-7.943],[-46.4395,-7.9425],[-46.4426,-7.9402],[-46.4437,-7.9363]]]}},{"type":"Feature","properties":{"id":73,"n":"Flora Rica","mn":"Balsas","mi":2101400,"nl":1,"ap":1459,"cp":1191,"lx":-46.0374,"ly":-7.54541},"geometry":{"type":"Polygon","coordinates":[[[-46.04104,-7.54485],[-46.03761,-7.53871],[-46.03273,-7.53994],[-46.03751,-7.55839],[-46.04104,-7.54485]]]}},{"type":"Feature","properties":{"id":74,"n":"Bacaba","mn":"Balsas","mi":2101400,"nl":2,"ap":3790,"cp":2967,"lx":-46.04517,"ly":-7.5509},"geometry":{"type":"Polygon","coordinates":[[[-46.05112,-7.5514],[-46.05082,-7.54324],[-46.04466,-7.5404],[-46.04417,-7.54074],[-46.04104,-7.54485],[-46.03751,-7.55839],[-46.03701,-7.58022],[-46.05112,-7.5514]]]}},{"type":"Feature","properties":{"id":75,"n":"Nova Tresidela","mn":"Balsas","mi":2101400,"nl":1,"ap":502,"cp":400,"lx":-45.97358,"ly":-7.5984},"geometry":{"type":"Polygon","coordinates":[[[-46.03751,-7.55839],[-46.03273,-7.53994],[-46.02814,-7.53651],[-46.01709,-7.53448],[-45.81962,-7.56456],[-45.81929,-7.565],[-45.8148,-7.5658],[-45.8133,-7.5665],[-45.8098,-7.5706],[-45.8043,-7.5762],[-45.7994,-7.5799],[-45.7966,-7.581],[-45.7939,-7.5827],[-45.7935,-7.5839],[-45.7949,-7.5876],[-45.793,-7.5942],[-45.7933,-7.595],[-45.7971,-7.5991],[-45.7974,-7.6044],[-45.7984,-7.6068],[-45.79999,-7.60732],[-45.7989,-7.612],[-45.7983,-7.6133],[-45.7999,-7.61421],[-45.801,-7.6167],[-45.8012,-7.61799],[-45.7997,-7.6202],[-45.7988,-7.6224],[-45.7987,-7.6248],[-45.7995,-7.63],[-45.8043,-7.63462],[-45.8044,-7.63639],[-45.8034,-7.6371],[-45.8027,-7.6388],[-45.80279,-7.6406],[-45.7998,-7.6431],[-45.7998,-7.6503],[-45.80022,-7.65282],[-46.0188,-7.6557],[-46.03701,-7.58022],[-46.03751,-7.55839]]]}},{"type":"Feature","properties":{"id":76,"n":"Nova Açucena","mn":"Balsas","mi":2101400,"nl":1,"ap":1952,"cp":1478,"lx":-46.0652,"ly":-7.52427},"geometry":{"type":"Polygon","coordinates":[[[-46.08972,-7.50541],[-46.08224,-7.50499],[-46.0592,-7.51834],[-46.05711,-7.52068],[-46.05776,-7.53266],[-46.05807,-7.53298],[-46.0658,-7.53546],[-46.06674,-7.53527],[-46.08972,-7.50541]]]}},{"type":"Feature","properties":{"id":77,"n":"Nazare","mn":"Balsas","mi":2101400,"nl":2,"ap":1249,"cp":999,"lx":-46.04129,"ly":-7.53906},"geometry":{"type":"Polygon","coordinates":[[[-46.04603,-7.53691],[-46.04565,-7.53443],[-46.04232,-7.53484],[-46.03901,-7.53695],[-46.03761,-7.53871],[-46.04104,-7.54485],[-46.04417,-7.54074],[-46.04466,-7.5404],[-46.04603,-7.53691]]]}},{"type":"Feature","properties":{"id":78,"n":"Comunidade Jenipapo","mn":"Balsas","mi":2101400,"nl":1,"ap":395,"cp":303,"lx":-45.97718,"ly":-7.2635},"geometry":{"type":"Polygon","coordinates":[[[-46.10819,-7.50191],[-45.99395,-7.20965],[-45.99395,-7.20965],[-45.93074,-7.25008],[-46.05413,-7.49199],[-46.0584,-7.49579],[-46.08224,-7.50499],[-46.08972,-7.50541],[-46.10819,-7.50191]]]}},{"type":"Feature","properties":{"id":79,"n":"Comunidade Passagem da Ponte","mn":"Balsas","mi":2101400,"nl":1,"ap":123,"cp":110,"lx":-46.3168,"ly":-7.75478},"geometry":{"type":"Polygon","coordinates":[[[-46.468,-7.7705],[-46.4678,-7.7686],[-46.4666,-7.766],[-46.464,-7.763],[-46.4593,-7.7589],[-46.4515,-7.7502],[-46.4491,-7.7459],[-46.448,-7.7384],[-46.4489,-7.7273],[-46.4488,-7.7167],[-46.4469,-7.7127],[-46.4429,-7.7092],[-46.4377,-7.7063],[-46.4251,-7.7007],[-46.4184,-7.69519],[-46.40338,-7.5859],[-46.2378,-7.62582],[-46.1959,-7.6835],[-46.20216,-7.82752],[-46.29317,-7.87515],[-46.4358,-7.87332],[-46.4366,-7.872],[-46.4371,-7.8665],[-46.4368,-7.8613],[-46.4371,-7.8518],[-46.4389,-7.8428],[-46.4402,-7.8409],[-46.4424,-7.8394],[-46.4509,-7.837],[-46.4549,-7.8352],[-46.4574,-7.8334],[-46.4576,-7.8296],[-46.456,-7.8257],[-46.4536,-7.8223],[-46.4516,-7.8184],[-46.4488,-7.8143],[-46.4454,-7.8103],[-46.43911,-7.8046],[-46.4411,-7.7962],[-46.4442,-7.7913],[-46.4474,-7.7877],[-46.4576,-7.7799],[-46.4613,-7.7777],[-46.468,-7.7705]]]}},{"type":"Feature","properties":{"id":80,"n":"Bairro Primavera","mn":"Balsas","mi":2101400,"nl":1,"ap":1971,"cp":1530,"lx":-46.06635,"ly":-7.54411},"geometry":{"type":"Polygon","coordinates":[[[-46.08774,-7.56766],[-46.06674,-7.53527],[-46.0658,-7.53546],[-46.06017,-7.54467],[-46.06009,-7.54555],[-46.08774,-7.56766]]]}},{"type":"Feature","properties":{"id":81,"n":"Sao Francisco","mn":"Balsas","mi":2101400,"nl":1,"ap":1410,"cp":1123,"lx":-46.04805,"ly":-7.51291},"geometry":{"type":"Polygon","coordinates":[[[-46.05021,-7.51334],[-46.04993,-7.51043],[-46.04628,-7.51219],[-46.04444,-7.51652],[-46.05021,-7.51334]]]}},{"type":"Feature","properties":{"id":82,"n":"Sao Felix","mn":"Balsas","mi":2101400,"nl":1,"ap":2721,"cp":2026,"lx":-46.02323,"ly":-7.50323},"geometry":{"type":"Polygon","coordinates":[[[-46.03726,-7.50905],[-46.02755,-7.49756],[-45.93724,-7.4666],[-46.02757,-7.51325],[-46.03447,-7.51309],[-46.03726,-7.50905]]]}},{"type":"Feature","properties":{"id":83,"n":"Sao Luis","mn":"Balsas","mi":2101400,"nl":3,"ap":3472,"cp":2717,"lx":-46.0467,"ly":-7.50166},"geometry":{"type":"Polygon","coordinates":[[[-46.0584,-7.49579],[-46.05413,-7.49199],[-46.04178,-7.4985],[-46.03603,-7.49935],[-46.03847,-7.50827],[-46.04204,-7.50778],[-46.0427,-7.50804],[-46.04746,-7.50685],[-46.0498,-7.50586],[-46.0584,-7.49579]]]}},{"type":"Feature","properties":{"id":84,"n":"Potosi","mn":"Balsas","mi":2101400,"nl":2,"ap":3074,"cp":2476,"lx":-46.03915,"ly":-7.51284},"geometry":{"type":"Polygon","coordinates":[[[-46.04447,-7.51733],[-46.04437,-7.51657],[-46.04311,-7.51528],[-46.0427,-7.50804],[-46.04204,-7.50778],[-46.03847,-7.50827],[-46.03726,-7.50905],[-46.03447,-7.51309],[-46.03576,-7.51413],[-46.03721,-7.52127],[-46.04447,-7.51733]]]}},{"type":"Feature","properties":{"id":85,"n":"Vivendas do Potosi","mn":"Balsas","mi":2101400,"nl":1,"ap":2296,"cp":1742,"lx":-46.04254,"ly":-7.52189},"geometry":{"type":"Polygon","coordinates":[[[-46.04657,-7.52101],[-46.04447,-7.51733],[-46.03721,-7.52127],[-46.03677,-7.52237],[-46.04269,-7.52585],[-46.04365,-7.52592],[-46.04657,-7.52101]]]}},{"type":"Feature","properties":{"id":86,"n":"Parque Governador Luiz Rocha","mn":"Balsas","mi":2101400,"nl":2,"ap":2652,"cp":2153,"lx":-46.06131,"ly":-7.50656},"geometry":{"type":"Polygon","coordinates":[[[-46.08224,-7.50499],[-46.0584,-7.49579],[-46.0498,-7.50586],[-46.04993,-7.51043],[-46.05021,-7.51334],[-46.04444,-7.51652],[-46.04447,-7.51733],[-46.04657,-7.52101],[-46.05295,-7.5218],[-46.05711,-7.52068],[-46.05921,-7.51834],[-46.08224,-7.50499]]]}},{"type":"Feature","properties":{"id":87,"n":"Residencial Joci Barbosa","mn":"Balsas","mi":2101400,"nl":1,"ap":753,"cp":602,"lx":-46.07323,"ly":-7.61921},"geometry":{"type":"Polygon","coordinates":[[[-46.18503,-7.6812],[-46.08774,-7.56766],[-46.06009,-7.54555],[-46.05112,-7.5514],[-46.03701,-7.58022],[-46.0188,-7.6557],[-46.18503,-7.6812]]]}},{"type":"Feature","properties":{"id":88,"n":"Residencial Veneza","mn":"Balsas","mi":2101400,"nl":1,"ap":840,"cp":642,"lx":-46.17733,"ly":-7.59964},"geometry":{"type":"Polygon","coordinates":[[[-46.2378,-7.62582],[-46.21558,-7.56816],[-46.10819,-7.50191],[-46.08972,-7.50541],[-46.06674,-7.53527],[-46.08774,-7.56766],[-46.18503,-7.6812],[-46.1959,-7.6835],[-46.2378,-7.62582]]]}},{"type":"Feature","properties":{"id":89,"n":"São José","mn":"Balsas","mi":2101400,"nl":1,"ap":1298,"cp":1065,"lx":-46.05462,"ly":-7.54468},"geometry":{"type":"Polygon","coordinates":[[[-46.06017,-7.54467],[-46.0544,-7.53974],[-46.05219,-7.54065],[-46.05082,-7.54324],[-46.05112,-7.5514],[-46.06009,-7.54555],[-46.06017,-7.54467]]]}},{"type":"Feature","properties":{"id":90,"n":"Jardim Iracema","mn":"Balsas","mi":2101400,"nl":1,"ap":1317,"cp":1037,"lx":-45.89931,"ly":-7.36401},"geometry":{"type":"Polygon","coordinates":[[[-46.05413,-7.49199],[-45.93074,-7.25008],[-45.8704,-7.2886],[-45.86969,-7.2897],[-45.8611,-7.2947],[-45.8593,-7.2954],[-45.8554,-7.2958],[-45.8536,-7.297],[-45.8486,-7.3019],[-45.8456,-7.3026],[-45.8396,-7.3026],[-45.8359,-7.3044],[-45.8339,-7.3068],[-45.8305,-7.3102],[-45.8291,-7.311],[-45.8256,-7.3124],[-45.8226,-7.3141],[-45.8204,-7.316],[-45.8149,-7.3217],[-45.8134,-7.3229],[-45.8088,-7.3255],[-45.8054,-7.3284],[-45.8019,-7.3293],[-45.7981,-7.3293],[-45.7951,-7.3303],[-45.7931,-7.3313],[-45.7877,-7.3332],[-45.7838,-7.3331],[-45.7803,-7.334],[-45.7761,-7.3345],[-45.7702,-7.3363],[-45.7693,-7.3373],[-45.7674,-7.3379],[-45.7665,-7.3398],[-45.7644,-7.3428],[-45.76279,-7.34611],[-45.76199,-7.3466],[-45.7589,-7.3469],[-45.7547,-7.3484],[-45.75349,-7.3495],[-45.7521,-7.3497],[-45.7506,-7.3491],[-45.7489,-7.3504],[-45.74739,-7.35511],[-45.7448,-7.3566],[-45.7436,-7.3568],[-45.7423,-7.3583],[-45.7401,-7.3581],[-45.7372,-7.3588],[-45.7344,-7.36189],[-45.7325,-7.361],[-45.7305,-7.3614],[-45.7287,-7.3634],[-45.72789,-7.3654],[-45.7255,-7.3665],[-45.72181,-7.3673],[-45.7205,-7.3669],[-45.7185,-7.3685],[-45.7174,-7.371],[-45.71738,-7.37148],[-45.93724,-7.4666],[-46.02755,-7.49756],[-46.03603,-7.49935],[-46.04178,-7.4985],[-46.05413,-7.49199]]]}},{"type":"Feature","properties":{"id":91,"n":"Santo Amaro","mn":"Balsas","mi":2101400,"nl":1,"ap":647,"cp":537,"lx":-46.03269,"ly":-7.5171},"geometry":{"type":"Polygon","coordinates":[[[-46.03721,-7.52127],[-46.03576,-7.51412],[-46.03447,-7.51309],[-46.02757,-7.51325],[-46.03152,-7.52342],[-46.03509,-7.52324],[-46.03677,-7.52237],[-46.03721,-7.52127]]]}},{"type":"Feature","properties":{"id":92,"n":"Santa Rita de Cassia","mn":"Balsas","mi":2101400,"nl":1,"ap":308,"cp":240,"lx":-46.03404,"ly":-7.5012},"geometry":{"type":"Polygon","coordinates":[[[-46.03847,-7.50827],[-46.03603,-7.49935],[-46.02755,-7.49756],[-46.03726,-7.50905],[-46.03847,-7.50827]]]}},{"type":"Feature","properties":{"id":93,"n":"Bairro São Francisco","mn":"Balsas","mi":2101400,"nl":1,"ap":939,"cp":735,"lx":-46.04478,"ly":-7.50973},"geometry":{"type":"Polygon","coordinates":[[[-46.04746,-7.50685],[-46.0427,-7.50804],[-46.04311,-7.51529],[-46.04437,-7.51657],[-46.04628,-7.51219],[-46.04746,-7.50685]]]}},{"type":"Feature","properties":{"id":94,"n":"Cajueiro","mn":"Balsas","mi":2101400,"nl":1,"ap":1109,"cp":916,"lx":-46.03327,"ly":-7.5257},"geometry":{"type":"Polygon","coordinates":[[[-46.0361,-7.52616],[-46.03509,-7.52324],[-46.03152,-7.52342],[-46.0299,-7.52572],[-46.033,-7.52859],[-46.03522,-7.52929],[-46.03558,-7.529],[-46.0361,-7.52616]]]}},{"type":"Feature","properties":{"id":95,"n":"Sem Bairro","mn":"Barra do Corda","mi":2101608,"nl":63,"ap":20459,"cp":16750,"lx":-45.04691,"ly":-5.33685},"geometry":{"type":"MultiPolygon","coordinates":[[[[-45.5234,-5.5088],[-45.5074,-5.4982],[-45.4948,-5.4907],[-45.4784,-5.4812],[-45.465,-5.4723],[-45.4378,-5.4561],[-45.42478,-5.44891],[-45.38029,-5.46982],[-45.37965,-5.46933],[-45.36773,-5.39105],[-45.39218,-5.38393],[-45.42657,-5.44165],[-45.4286,-5.4404],[-45.4294,-5.4392],[-45.4305,-5.4331],[-45.4335,-5.4296],[-45.4343,-5.4276],[-45.4362,-5.4262],[-45.4386,-5.4232],[-45.439,-5.4217],[-45.4384,-5.4167],[-45.4386,-5.4125],[-45.4396,-5.4095],[-45.4413,-5.4025],[-45.4422,-5.4009],[-45.4441,-5.3987],[-45.4448,-5.3964],[-45.4471,-5.3945],[-45.44989,-5.39151],[-45.4536,-5.3905],[-45.4566,-5.3886],[-45.4572,-5.3862],[-45.4564,-5.3846],[-45.4522,-5.37991],[-45.4519,-5.37909],[-45.4677,-5.3381],[-45.4767,-5.3183],[-45.4821,-5.3033],[-45.4836,-5.2976],[-45.474,-5.285],[-45.4709,-5.2785],[-45.4677,-5.2742],[-45.4616,-5.2695],[-45.4599,-5.269],[-45.451,-5.2752],[-45.4477,-5.2769],[-45.4458,-5.2802],[-45.4436,-5.2869],[-45.4418,-5.288],[-45.4368,-5.2905],[-45.43359,-5.2915],[-45.4264,-5.29],[-45.42301,-5.28571],[-45.4229,-5.2836],[-45.4243,-5.2805],[-45.4237,-5.2781],[-45.4209,-5.2778],[-45.4065,-5.2834],[-45.4029,-5.2837],[-45.3977,-5.282],[-45.3865,-5.2839],[-45.38281,-5.2836],[-45.3772,-5.2805],[-45.3699,-5.2797],[-45.3687,-5.279],[-45.3664,-5.2758],[-45.3637,-5.2678],[-45.3615,-5.2657],[-45.3565,-5.2651],[-45.3516,-5.2643],[-45.3506,-5.26349],[-45.3491,-5.2593],[-45.3479,-5.2566],[-45.3434,-5.2559],[-45.34121,-5.25381],[-45.3393,-5.24659],[-45.3403,-5.2437],[-45.3448,-5.2356],[-45.346,-5.23391],[-45.3468,-5.234],[-45.3534,-5.2304],[-45.357,-5.2267],[-45.3593,-5.2251],[-45.3604,-5.2224],[-45.3598,-5.2197],[-45.351,-5.2114],[-45.3497,-5.208],[-45.3487,-5.2069],[-45.3455,-5.2059],[-45.3431,-5.2058],[-45.34019,-5.207],[-45.3347,-5.2053],[-45.3278,-5.1992],[-45.3254,-5.1908],[-45.3252,-5.1861],[-45.3266,-5.1769],[-45.3256,-5.175],[-45.32469,-5.17489],[-45.3201,-5.1695],[-45.3141,-5.16369],[-45.3151,-5.1343],[-45.3171,-5.1318],[-45.32,-5.1303],[-45.323,-5.1293],[-45.3273,-5.1283],[-45.3292,-5.1272],[-45.3307,-5.1226],[-45.3307,-5.1218],[-45.12492,-5.123],[-45.1232,-5.1209],[-45.02111,-5.20886],[-45.0205,-5.2058],[-45.019,-5.20508],[-45.0192,-5.20392],[-45.0206,-5.204],[-45.0207,-5.203],[-45.0197,-5.2024],[-45.01811,-5.20259],[-45.0178,-5.20152],[-45.019,-5.1998],[-45.0156,-5.1958],[-45.01339,-5.19608],[-45.01231,-5.1944],[-45.0134,-5.1923],[-45.01101,-5.19278],[-45.011,-5.1908],[-45.00971,-5.18921],[-45.0098,-5.1883],[-45.00791,-5.18759],[-45.0084,-5.1855],[-45.0104,-5.1808],[-45.009,-5.1798],[-45.00859,-5.18169],[-45.007,-5.18149],[-45.0065,-5.1799],[-45.0052,-5.1793],[-45.0042,-5.17771],[-45.0044,-5.1766],[-45.00435,-5.17497],[-45.00415,-5.17542],[-44.99724,-5.18075],[-44.96746,-5.17509],[-44.88831,-5.11646],[-44.92205,-5.08609],[-45.00025,-5.16007],[-45.0006,-5.1599],[-45.0009,-5.1587],[-45.0003,-5.1572],[-45.0006,-5.1553],[-45.0001,-5.1548],[-44.998,-5.1547],[-44.99721,-5.1538],[-44.9982,-5.15241],[-44.9999,-5.1534],[-45.0004,-5.1522],[-44.9995,-5.1506],[-44.99741,-5.1491],[-44.9976,-5.1478],[-44.9959,-5.1471],[-44.9942,-5.1443],[-44.99299,-5.14417],[-44.99271,-5.1428],[-44.9948,-5.1419],[-44.9943,-5.1405],[-44.99223,-5.14093],[-44.9931,-5.1391],[-44.9946,-5.1385],[-44.9939,-5.1375],[-44.99151,-5.13899],[-44.99031,-5.13849],[-44.99091,-5.1367],[-44.9929,-5.1363],[-44.9913,-5.13479],[-44.9908,-5.1334],[-44.9915,-5.1324],[-44.9899,-5.1308],[-44.988,-5.1315],[-44.9863,-5.1311],[-44.9854,-5.1302],[-44.9851,-5.128],[-44.984,-5.128],[-44.9839,-5.12969],[-44.9827,-5.12999],[-44.981,-5.1276],[-44.98059,-5.12937],[-44.9794,-5.1286],[-44.9781,-5.1291],[-44.97839,-5.13099],[-44.97733,-5.13139],[-44.9767,-5.1304],[-44.9769,-5.1285],[-44.9757,-5.129],[-44.9759,-5.1304],[-44.9755,-5.13178],[-44.97404,-5.13199],[-44.9742,-5.1304],[-44.9732,-5.1295],[-44.9719,-5.13099],[-44.97014,-5.13022],[-44.9708,-5.1285],[-44.9704,-5.1277],[-44.96862,-5.12739],[-44.96921,-5.1261],[-44.971,-5.1254],[-44.9691,-5.1234],[-44.9691,-5.1216],[-44.9703,-5.12],[-44.9694,-5.1191],[-44.9693,-5.1174],[-44.96851,-5.11542],[-44.9698,-5.115],[-44.9712,-5.1133],[-44.9699,-5.11219],[-44.97,-5.1095],[-44.9671,-5.1084],[-44.96529,-5.10838],[-44.96431,-5.10561],[-44.9658,-5.104],[-44.9657,-5.1028],[-44.9646,-5.1024],[-44.9625,-5.10309],[-44.96122,-5.10171],[-44.9636,-5.0984],[-44.967,-5.0968],[-44.9647,-5.0937],[-44.9613,-5.09108],[-44.9614,-5.0889],[-44.9633,-5.0875],[-44.96371,-5.0858],[-44.9667,-5.0847],[-44.96722,-5.08239],[-44.9682,-5.08191],[-44.9694,-5.0829],[-44.9706,-5.0809],[-44.9705,-5.0788],[-44.97,-5.0781],[-44.9677,-5.0776],[-44.96641,-5.0768],[-44.9654,-5.0747],[-44.9636,-5.07429],[-44.96341,-5.07219],[-44.9641,-5.0713],[-44.9658,-5.0705],[-44.9646,-5.0691],[-44.9618,-5.0702],[-44.96061,-5.07158],[-44.9597,-5.0708],[-44.9598,-5.0678],[-44.958,-5.06709],[-44.9577,-5.06502],[-44.9602,-5.0637],[-44.9588,-5.0627],[-44.9584,-5.06112],[-44.9602,-5.0596],[-44.9591,-5.0587],[-44.9565,-5.0592],[-44.95471,-5.05779],[-44.9555,-5.05421],[-44.9572,-5.0534],[-44.9569,-5.0524],[-44.95551,-5.0513],[-44.956,-5.0498],[-44.9554,-5.0492],[-44.9538,-5.0494],[-44.95171,-5.0489],[-44.9508,-5.0474],[-44.94832,-5.04749],[-44.9483,-5.0459],[-44.9477,-5.0445],[-44.94582,-5.04419],[-44.9463,-5.0426],[-44.945,-5.04209],[-44.9442,-5.0397],[-44.94291,-5.03938],[-44.94333,-5.03641],[-44.9444,-5.03661],[-44.9452,-5.0378],[-44.9477,-5.03691],[-44.9485,-5.0383],[-44.9516,-5.0384],[-44.9531,-5.0377],[-44.954,-5.0359],[-44.9543,-5.0339],[-44.9552,-5.0324],[-44.9535,-5.0311],[-44.9512,-5.0305],[-44.94991,-5.0279],[-44.9511,-5.02591],[-44.9524,-5.0258],[-44.9527,-5.0246],[-44.9506,-5.0225],[-44.9486,-5.0246],[-44.94771,-5.02489],[-44.9465,-5.0223],[-44.9455,-5.0229],[-44.9436,-5.023],[-44.94306,-5.02529],[-44.94171,-5.02489],[-44.9415,-5.0227],[-44.9407,-5.0224],[-44.9389,-5.0234],[-44.93732,-5.0233],[-44.9372,-5.0214],[-44.9348,-5.022],[-44.9363,-5.0249],[-44.93619,-5.02741],[-44.9325,-5.0302],[-44.9191,-5.0392],[-44.9177,-5.03929],[-44.9164,-5.0368],[-44.9156,-5.0368],[-44.91399,-5.03809],[-44.9084,-5.035],[-44.9074,-5.0353],[-44.9064,-5.0381],[-44.90561,-5.03909],[-44.90362,-5.039],[-44.9023,-5.0352],[-44.9002,-5.0327],[-44.8981,-5.0323],[-44.8924,-5.0322],[-44.8907,-5.0325],[-44.8881,-5.034],[-44.8824,-5.0358],[-44.8775,-5.0383],[-44.874,-5.0403],[-44.8695,-5.0446],[-44.8691,-5.0453],[-44.8694,-5.049],[-44.8686,-5.0545],[-44.8695,-5.057],[-44.86939,-5.05841],[-44.86859,-5.0593],[-44.864,-5.061],[-44.8598,-5.0623],[-44.8569,-5.0623],[-44.856,-5.0637],[-44.856,-5.0652],[-44.8571,-5.0683],[-44.8597,-5.0721],[-44.8627,-5.0757],[-44.8637,-5.0787],[-44.8633,-5.0812],[-44.8614,-5.0845],[-44.8611,-5.0886],[-44.8626,-5.0948],[-44.8626,-5.0978],[-44.8559,-5.1064],[-44.8554,-5.1096],[-44.8554,-5.1123],[-44.8579,-5.1185],[-44.8584,-5.1205],[-44.8583,-5.1227],[-44.85711,-5.12429],[-44.8537,-5.1247],[-44.8479,-5.1232],[-44.8406,-5.1175],[-44.8375,-5.1146],[-44.8345,-5.1132],[-44.8275,-5.1159],[-44.8255,-5.1176],[-44.8237,-5.1238],[-44.8231,-5.127],[-44.82,-5.1338],[-44.82378,-5.14581],[-44.7631,-5.1814],[-44.7639,-5.1828],[-44.7663,-5.18361],[-44.7667,-5.1847],[-44.7661,-5.1858],[-44.7662,-5.188],[-44.7683,-5.1895],[-44.7694,-5.19111],[-44.76989,-5.1946],[-44.7678,-5.1967],[-44.7665,-5.1998],[-44.7684,-5.201],[-44.769,-5.2027],[-44.77,-5.2038],[-44.7714,-5.2027],[-44.77291,-5.2008],[-44.77411,-5.2003],[-44.77637,-5.20101],[-44.7752,-5.2027],[-44.7755,-5.2052],[-44.7748,-5.2078],[-44.7737,-5.2092],[-44.7719,-5.2103],[-44.7716,-5.2112],[-44.7743,-5.2124],[-44.781,-5.2106],[-44.7828,-5.2107],[-44.7889,-5.2157],[-44.7897,-5.2161],[-44.7917,-5.2159],[-44.7928,-5.2149],[-44.7913,-5.2135],[-44.7897,-5.2113],[-44.78981,-5.21059],[-44.79179,-5.20861],[-44.7945,-5.2092],[-44.7967,-5.2105],[-44.79919,-5.21001],[-44.8,-5.21112],[-44.7995,-5.2131],[-44.7977,-5.2143],[-44.7979,-5.2158],[-44.8011,-5.2177],[-44.8053,-5.2198],[-44.80859,-5.2195],[-44.80946,-5.22046],[-44.8065,-5.2215],[-44.8066,-5.2243],[-44.8075,-5.2252],[-44.8089,-5.225],[-44.8103,-5.2236],[-44.8118,-5.2231],[-44.813,-5.22081],[-44.81379,-5.22031],[-44.8149,-5.2216],[-44.8149,-5.2236],[-44.8154,-5.2242],[-44.8184,-5.2256],[-44.81969,-5.22572],[-44.8193,-5.22819],[-44.81871,-5.22869],[-44.8143,-5.2284],[-44.8116,-5.2295],[-44.8105,-5.2308],[-44.8113,-5.2324],[-44.81249,-5.23271],[-44.8123,-5.2345],[-44.8128,-5.2354],[-44.8153,-5.2369],[-44.81559,-5.23898],[-44.8141,-5.2394],[-44.8131,-5.2403],[-44.81258,-5.2421],[-44.8096,-5.242],[-44.8078,-5.2408],[-44.8062,-5.2408],[-44.8057,-5.2422],[-44.80618,-5.24369],[-44.8045,-5.2442],[-44.8047,-5.2455],[-44.8042,-5.2472],[-44.8037,-5.2531],[-44.80489,-5.2547],[-44.8039,-5.2571],[-44.804,-5.258],[-44.80608,-5.25873],[-44.8043,-5.2618],[-44.8028,-5.2634],[-44.8003,-5.2653],[-44.8005,-5.2661],[-44.8034,-5.2673],[-44.804,-5.2672],[-44.8087,-5.2636],[-44.8092,-5.2614],[-44.8079,-5.25891],[-44.8082,-5.25781],[-44.8114,-5.2572],[-44.8137,-5.2557],[-44.81568,-5.25402],[-44.8172,-5.2556],[-44.81985,-5.25756],[-44.8186,-5.2582],[-44.8159,-5.2586],[-44.8156,-5.2592],[-44.8168,-5.2617],[-44.8182,-5.2671],[-44.8195,-5.2677],[-44.8215,-5.26781],[-44.822,-5.27089],[-44.8206,-5.272],[-44.8212,-5.2733],[-44.8236,-5.275],[-44.8252,-5.2745],[-44.8283,-5.2758],[-44.83041,-5.27562],[-44.83109,-5.2769],[-44.8303,-5.2777],[-44.83129,-5.2794],[-44.8298,-5.2818],[-44.83,-5.2825],[-44.8318,-5.2843],[-44.836,-5.2864],[-44.8375,-5.289],[-44.838,-5.2914],[-44.8373,-5.2933],[-44.83829,-5.2947],[-44.8374,-5.2959],[-44.83779,-5.2973],[-44.8369,-5.2982],[-44.8374,-5.3004],[-44.8382,-5.3013],[-44.8392,-5.3007],[-44.84013,-5.29861],[-44.8431,-5.2996],[-44.8466,-5.3018],[-44.8477,-5.3039],[-44.85,-5.3045],[-44.8512,-5.30849],[-44.8507,-5.3105],[-44.8511,-5.3127],[-44.8525,-5.3163],[-44.8554,-5.3173],[-44.85611,-5.3172],[-44.8589,-5.3181],[-44.8611,-5.3184],[-44.86319,-5.3191],[-44.8643,-5.3201],[-44.8655,-5.3203],[-44.8672,-5.32161],[-44.868,-5.3236],[-44.8683,-5.32829],[-44.8668,-5.3289],[-44.86609,-5.33],[-44.8639,-5.3306],[-44.8635,-5.3321],[-44.8646,-5.3333],[-44.86739,-5.3355],[-44.8671,-5.3371],[-44.8683,-5.3394],[-44.8688,-5.3419],[-44.87,-5.3437],[-44.8727,-5.3437],[-44.87381,-5.34321],[-44.875,-5.3445],[-44.876,-5.3446],[-44.87808,-5.34619],[-44.8779,-5.3474],[-44.8803,-5.3484],[-44.882,-5.3506],[-44.8859,-5.3499],[-44.8879,-5.3503],[-44.8896,-5.3512],[-44.8902,-5.3526],[-44.8913,-5.3528],[-44.8929,-5.3543],[-44.895,-5.35521],[-44.8951,-5.3568],[-44.8938,-5.35979],[-44.8913,-5.3614],[-44.8916,-5.3628],[-44.8909,-5.3647],[-44.8921,-5.3662],[-44.8916,-5.3683],[-44.8927,-5.3694],[-44.8933,-5.3709],[-44.8959,-5.3712],[-44.8994,-5.3704],[-44.9015,-5.3688],[-44.9036,-5.3689],[-44.90482,-5.36771],[-44.9068,-5.3682],[-44.90859,-5.37019],[-44.9084,-5.3724],[-44.9092,-5.3739],[-44.9109,-5.3753],[-44.9132,-5.3745],[-44.91421,-5.3726],[-44.91739,-5.3713],[-44.91839,-5.37161],[-44.9184,-5.3734],[-44.9192,-5.37451],[-44.919,-5.3769],[-44.9206,-5.3798],[-44.9203,-5.3819],[-44.9228,-5.383],[-44.92448,-5.38321],[-44.9243,-5.3851],[-44.92589,-5.3873],[-44.9241,-5.3902],[-44.92389,-5.39209],[-44.9224,-5.3921],[-44.9207,-5.3933],[-44.9205,-5.3943],[-44.9214,-5.39571],[-44.9211,-5.3991],[-44.92219,-5.40011],[-44.9216,-5.402],[-44.9202,-5.4031],[-44.9209,-5.4044],[-44.92218,-5.40539],[-44.9211,-5.4064],[-44.9217,-5.4096],[-44.9232,-5.4104],[-44.9238,-5.4072],[-44.9249,-5.4064],[-44.92563,-5.40522],[-44.92839,-5.407],[-44.9282,-5.4097],[-44.9293,-5.4126],[-44.93078,-5.41282],[-44.93,-5.4145],[-44.9301,-5.4157],[-44.9295,-5.41778],[-44.928,-5.4179],[-44.9287,-5.4204],[-44.9301,-5.4207],[-44.9325,-5.42201],[-44.93249,-5.4236],[-44.9304,-5.4248],[-44.931,-5.4276],[-44.932,-5.4289],[-44.9344,-5.4297],[-44.9353,-5.431],[-44.9358,-5.4339],[-44.9368,-5.4357],[-44.9368,-5.4381],[-44.9382,-5.4391],[-44.9384,-5.4411],[-44.9398,-5.44231],[-44.93948,-5.44378],[-44.9371,-5.4428],[-44.93639,-5.44439],[-44.934,-5.444],[-44.9339,-5.449],[-44.935,-5.4498],[-44.93661,-5.44861],[-44.9374,-5.4493],[-44.9397,-5.4495],[-44.94049,-5.45089],[-44.9398,-5.4525],[-44.9402,-5.4536],[-44.9392,-5.4555],[-44.9393,-5.45669],[-44.9382,-5.4575],[-44.93849,-5.4589],[-44.9368,-5.461],[-44.93949,-5.46101],[-44.9401,-5.4638],[-44.9416,-5.4638],[-44.94279,-5.46529],[-44.9422,-5.4668],[-44.94329,-5.46772],[-44.9418,-5.4708],[-44.94279,-5.47309],[-44.9423,-5.4741],[-44.9442,-5.4811],[-44.9455,-5.4814],[-44.947,-5.4808],[-44.94829,-5.4809],[-44.9503,-5.4828],[-44.9516,-5.4857],[-44.9517,-5.4886],[-44.9512,-5.4902],[-44.9514,-5.492],[-44.9529,-5.494],[-44.954,-5.4949],[-44.956,-5.4938],[-44.9578,-5.494],[-44.9596,-5.4962],[-44.9609,-5.5007],[-44.9616,-5.5018],[-44.96639,-5.5016],[-44.967,-5.50221],[-44.9667,-5.504],[-44.9656,-5.5057],[-44.9654,-5.508],[-44.9664,-5.5101],[-44.9658,-5.51239],[-44.9625,-5.5139],[-44.9609,-5.5159],[-44.961,-5.5168],[-44.9626,-5.5186],[-44.9631,-5.5218],[-44.9644,-5.5252],[-44.9645,-5.5273],[-44.9654,-5.52881],[-44.9648,-5.5305],[-44.96489,-5.53231],[-44.963,-5.5344],[-44.9586,-5.5409],[-44.9584,-5.5421],[-44.9588,-5.5452],[-44.9577,-5.5488],[-44.958,-5.5533],[-44.957,-5.556],[-44.9575,-5.5595],[-44.9586,-5.5629],[-44.9578,-5.5649],[-44.95839,-5.5661],[-44.9575,-5.5671],[-44.9568,-5.5697],[-44.9575,-5.57051],[-44.9572,-5.5722],[-44.95858,-5.57291],[-44.958,-5.574],[-44.9586,-5.57531],[-44.9578,-5.5769],[-44.9582,-5.5793],[-44.9596,-5.5811],[-44.9591,-5.5843],[-44.9595,-5.5857],[-44.9609,-5.58781],[-44.9617,-5.5902],[-44.9626,-5.5942],[-44.9634,-5.5995],[-44.9631,-5.6028],[-44.9659,-5.6058],[-44.9669,-5.6078],[-44.9681,-5.61139],[-44.9677,-5.6134],[-44.9685,-5.6155],[-44.9683,-5.618],[-44.969,-5.6209],[-44.9678,-5.6231],[-44.9682,-5.6263],[-44.9672,-5.6277],[-44.9663,-5.6303],[-44.9641,-5.6337],[-44.9636,-5.6353],[-44.962,-5.6361],[-44.9581,-5.641],[-44.9555,-5.6425],[-44.9534,-5.643],[-44.9521,-5.6445],[-44.9496,-5.6446],[-44.9456,-5.647],[-44.9434,-5.6499],[-44.9412,-5.6514],[-44.9385,-5.6545],[-44.9367,-5.6583],[-44.9363,-5.6605],[-44.9352,-5.6617],[-44.9344,-5.6637],[-44.9324,-5.6652],[-44.9302,-5.66899],[-44.9279,-5.6699],[-44.92739,-5.6712],[-44.9241,-5.6738],[-44.9236,-5.676],[-44.9233,-5.6808],[-44.921,-5.6857],[-44.9203,-5.6884],[-44.9202,-5.6914],[-44.9195,-5.6965],[-44.9191,-5.7021],[-44.9207,-5.706],[-44.9214,-5.709],[-44.922,-5.7142],[-44.9222,-5.7176],[-44.9219,-5.7233],[-44.9214,-5.7274],[-44.9223,-5.7312],[-44.9221,-5.7331],[-44.9232,-5.7387],[-44.9226,-5.7421],[-44.9231,-5.7448],[-44.9226,-5.7477],[-44.9227,-5.7534],[-44.9235,-5.7604],[-44.9247,-5.76291],[-44.9244,-5.765],[-44.9221,-5.7684],[-44.9219,-5.7713],[-44.9221,-5.7741],[-44.9229,-5.7766],[-44.9242,-5.7785],[-44.924,-5.7803],[-44.9252,-5.7858],[-44.9247,-5.7872],[-44.9248,-5.7892],[-45.0897,-5.8526],[-45.0913,-5.85181],[-45.0931,-5.8531],[-45.0946,-5.8521],[-45.09571,-5.85051],[-45.0988,-5.8517],[-45.0997,-5.8545],[-45.1012,-5.8544],[-45.1032,-5.85221],[-45.10509,-5.8525],[-45.1064,-5.8541],[-45.10731,-5.8537],[-45.1823,-5.8771],[-45.2723,-5.9971],[-45.2742,-5.9967],[-45.2763,-5.9941],[-45.2786,-5.9933],[-45.2795,-5.9917],[-45.2819,-5.9852],[-45.2834,-5.9834],[-45.285,-5.9807],[-45.289,-5.9768],[-45.2901,-5.9738],[-45.2906,-5.9717],[-45.2914,-5.9705],[-45.2919,-5.9672],[-45.2911,-5.9637],[-45.28911,-5.96121],[-45.2899,-5.9596],[-45.289,-5.95749],[-45.2898,-5.9545],[-45.2936,-5.9522],[-45.2946,-5.9492],[-45.2941,-5.9463],[-45.2944,-5.9421],[-45.2961,-5.9401],[-45.2964,-5.9386],[-45.2978,-5.9375],[-45.2989,-5.9346],[-45.2978,-5.9324],[-45.2946,-5.93098],[-45.2946,-5.9253],[-45.29391,-5.924],[-45.2948,-5.9227],[-45.2948,-5.9213],[-45.2956,-5.9203],[-45.2985,-5.9193],[-45.2998,-5.9184],[-45.3017,-5.9188],[-45.30231,-5.918],[-45.3131,-5.9172],[-45.3758,-5.9326],[-45.3888,-5.9206],[-45.49749,-5.81056],[-45.46993,-5.76399],[-45.51955,-5.68977],[-45.49314,-5.65349],[-45.49339,-5.63625],[-45.4927,-5.6365],[-45.49031,-5.63658],[-45.4903,-5.6355],[-45.4913,-5.6339],[-45.4906,-5.6332],[-45.4885,-5.63328],[-45.488,-5.632],[-45.4886,-5.6304],[-45.4877,-5.6285],[-45.4852,-5.6263],[-45.4847,-5.6243],[-45.4835,-5.62389],[-45.483,-5.6221],[-45.4822,-5.6212],[-45.4808,-5.6211],[-45.4787,-5.6226],[-45.47761,-5.623],[-45.4762,-5.6222],[-45.4747,-5.622],[-45.4726,-5.6203],[-45.4712,-5.62],[-45.467,-5.6216],[-45.4649,-5.6215],[-45.463,-5.6209],[-45.4593,-5.6169],[-45.4571,-5.6171],[-45.4561,-5.6178],[-45.45451,-5.6179],[-45.4532,-5.6167],[-45.4524,-5.6152],[-45.451,-5.6142],[-45.4483,-5.6143],[-45.44571,-5.6135],[-45.4452,-5.6118],[-45.4462,-5.6095],[-45.4431,-5.6093],[-45.4415,-5.6086],[-45.4407,-5.6074],[-45.4405,-5.6052],[-45.4391,-5.6048],[-45.4358,-5.6069],[-45.4344,-5.6071],[-45.4328,-5.6091],[-45.43032,-5.6095],[-45.4289,-5.6069],[-45.4275,-5.605],[-45.4272,-5.60391],[-45.5004,-5.5312],[-45.5234,-5.5088]],[[-45.30617,-5.52548],[-45.31146,-5.53757],[-45.29823,-5.56766],[-45.28183,-5.56479],[-45.24836,-5.5276],[-45.24768,-5.52717],[-45.24363,-5.5256],[-45.23447,-5.52748],[-45.16777,-5.57537],[-45.09889,-5.56026],[-45.13477,-5.46933],[-45.14467,-5.43501],[-45.14359,-5.43233],[-45.14661,-5.42107],[-45.23015,-5.32209],[-45.2435,-5.39032],[-45.16173,-5.43541],[-45.17385,-5.43878],[-45.25605,-5.44992],[-45.30741,-5.42243],[-45.32306,-5.44329],[-45.30176,-5.49578],[-45.30617,-5.52548]],[[-45.25741,-5.72807],[-45.12005,-5.75824],[-45.11453,-5.71984],[-45.19701,-5.68848],[-45.21337,-5.67589],[-45.24456,-5.70271],[-45.26431,-5.72927],[-45.25741,-5.72807]],[[-45.37973,-5.66956],[-45.39275,-5.67796],[-45.40293,-5.70307],[-45.29216,-5.7389],[-45.36647,-5.67657],[-45.28223,-5.71185],[-45.29086,-5.63614],[-45.31958,-5.61939],[-45.34492,-5.63207],[-45.37973,-5.66956]]],[[[-45.0072,-5.1711],[-45.0064,-5.17032],[-45.00564,-5.17206],[-45.0068,-5.1719],[-45.0072,-5.1711]]]]}},{"type":"Feature","properties":{"id":96,"n":"Povoado Lagoinha","mn":"Barra do Corda","mi":2101608,"nl":1,"ap":114,"cp":88,"lx":-44.92337,"ly":-5.11621},"geometry":{"type":"Polygon","coordinates":[[[-45.0064,-5.17032],[-45.0037,-5.1677],[-45.0025,-5.1651],[-45.001,-5.1643],[-44.9999,-5.163],[-44.99791,-5.16459],[-44.99692,-5.16429],[-44.9986,-5.16091],[-45.00025,-5.16007],[-44.92204,-5.08607],[-44.88828,-5.11644],[-44.96747,-5.17509],[-44.99725,-5.18075],[-45.00416,-5.17542],[-45.00435,-5.17497],[-45.0043,-5.173],[-45.00529,-5.17211],[-45.00564,-5.17206],[-45.0064,-5.17032]]]}},{"type":"Feature","properties":{"id":97,"n":"Altamira","mn":"Barra do Corda","mi":2101608,"nl":5,"ap":13704,"cp":10839,"lx":-45.16236,"ly":-5.45849},"geometry":{"type":"Polygon","coordinates":[[[-45.24363,-5.5256],[-45.24092,-5.51959],[-45.24107,-5.50962],[-45.24151,-5.50852],[-45.24203,-5.50456],[-45.24059,-5.49983],[-45.23802,-5.49435],[-45.23175,-5.491],[-45.17385,-5.43878],[-45.16173,-5.43541],[-45.14467,-5.43501],[-45.13477,-5.46933],[-45.20997,-5.50693],[-45.23447,-5.52748],[-45.24363,-5.5256]]]}},{"type":"Feature","properties":{"id":98,"n":"Centro","mn":"Barra do Corda","mi":2101608,"nl":3,"ap":4205,"cp":3358,"lx":-45.24576,"ly":-5.50943},"geometry":{"type":"Polygon","coordinates":[[[-45.25124,-5.50749],[-45.24935,-5.50418],[-45.24831,-5.50392],[-45.2477,-5.50439],[-45.24203,-5.50456],[-45.24151,-5.50852],[-45.24107,-5.50962],[-45.24092,-5.51959],[-45.24363,-5.5256],[-45.24768,-5.52717],[-45.24949,-5.51155],[-45.25124,-5.50749]]]}},{"type":"Feature","properties":{"id":99,"n":"Incra","mn":"Barra do Corda","mi":2101608,"nl":3,"ap":3253,"cp":2682,"lx":-45.25345,"ly":-5.51164},"geometry":{"type":"Polygon","coordinates":[[[-45.25855,-5.51074],[-45.25608,-5.50621],[-45.25658,-5.50173],[-45.25349,-5.50136],[-45.25109,-5.50313],[-45.24935,-5.50418],[-45.25124,-5.50749],[-45.24949,-5.51155],[-45.24768,-5.52717],[-45.24836,-5.5276],[-45.25855,-5.51074]]]}},{"type":"Feature","properties":{"id":100,"n":"Tamarindo","mn":"Barra do Corda","mi":2101608,"nl":1,"ap":2295,"cp":1817,"lx":-45.28744,"ly":-5.53936},"geometry":{"type":"Polygon","coordinates":[[[-45.31147,-5.53756],[-45.30617,-5.52548],[-45.27286,-5.50678],[-45.25855,-5.51074],[-45.24836,-5.5276],[-45.28183,-5.5648],[-45.29825,-5.56766],[-45.31147,-5.53756]]]}},{"type":"Feature","properties":{"id":101,"n":"Vila Mariano","mn":"Barra do Corda","mi":2101608,"nl":1,"ap":1834,"cp":1392,"lx":-45.15804,"ly":-5.52918},"geometry":{"type":"Polygon","coordinates":[[[-45.23447,-5.52748],[-45.20997,-5.50693],[-45.13477,-5.46933],[-45.09887,-5.56027],[-45.16777,-5.57537],[-45.23447,-5.52748]]]}},{"type":"Feature","properties":{"id":102,"n":"Aldeia Taboca","mn":"Barra do Corda","mi":2101608,"nl":1,"ap":83,"cp":78,"lx":-45.21301,"ly":-5.68798},"geometry":{"type":"Polygon","coordinates":[[[-45.26437,-5.72932],[-45.24456,-5.70271],[-45.21337,-5.67587],[-45.19701,-5.68848],[-45.25741,-5.72807],[-45.26437,-5.72932]]]}},{"type":"Feature","properties":{"id":103,"n":"Tresidela","mn":"Barra do Corda","mi":2101608,"nl":7,"ap":9724,"cp":7733,"lx":-45.25885,"ly":-5.49356},"geometry":{"type":"Polygon","coordinates":[[[-45.26798,-5.50091],[-45.2652,-5.48782],[-45.26397,-5.47346],[-45.25531,-5.48719],[-45.24338,-5.49477],[-45.23802,-5.49435],[-45.24059,-5.49983],[-45.24203,-5.50456],[-45.24771,-5.50439],[-45.24832,-5.50392],[-45.24935,-5.50418],[-45.25109,-5.50313],[-45.25349,-5.50136],[-45.25658,-5.50173],[-45.25707,-5.50131],[-45.26798,-5.50091]]]}},{"type":"Feature","properties":{"id":104,"n":"Araticum","mn":"Barra do Corda","mi":2101608,"nl":1,"ap":2443,"cp":1867,"lx":-45.26088,"ly":-5.50552},"geometry":{"type":"Polygon","coordinates":[[[-45.27286,-5.50678],[-45.26798,-5.50091],[-45.25706,-5.50132],[-45.25658,-5.50173],[-45.25608,-5.50621],[-45.25855,-5.51074],[-45.27286,-5.50678]]]}},{"type":"Feature","properties":{"id":105,"n":"Nova Tresidela","mn":"Barra do Corda","mi":2101608,"nl":1,"ap":1767,"cp":1372,"lx":-45.28211,"ly":-5.49746},"geometry":{"type":"Polygon","coordinates":[[[-45.30617,-5.52548],[-45.30176,-5.49578],[-45.2646,-5.4702],[-45.26397,-5.47346],[-45.2652,-5.48782],[-45.26798,-5.50091],[-45.27286,-5.50678],[-45.30617,-5.52548]]]}},{"type":"Feature","properties":{"id":106,"n":"Povoado Barro Branco (tamarindo)","mn":"Barra do Corda","mi":2101608,"nl":1,"ap":331,"cp":267,"lx":-45.2158,"ly":-5.37725},"geometry":{"type":"Polygon","coordinates":[[[-45.24351,-5.39032],[-45.23019,-5.32203],[-45.14661,-5.42107],[-45.14358,-5.43234],[-45.14467,-5.43501],[-45.16173,-5.43541],[-45.24351,-5.39032]]]}},{"type":"Feature","properties":{"id":107,"n":"Povoado Mamuir","mn":"Barra do Corda","mi":2101608,"nl":1,"ap":130,"cp":112,"lx":-45.39738,"ly":-5.43649},"geometry":{"type":"Polygon","coordinates":[[[-45.42658,-5.44165],[-45.39217,-5.38391],[-45.36772,-5.39104],[-45.37965,-5.46933],[-45.38027,-5.46983],[-45.42478,-5.44891],[-45.42125,-5.44669],[-45.4244,-5.4452],[-45.42658,-5.44165]]]}},{"type":"Feature","properties":{"id":108,"n":"Cerâmica","mn":"Barra do Corda","mi":2101608,"nl":1,"ap":1621,"cp":1305,"lx":-45.24032,"ly":-5.46962},"geometry":{"type":"Polygon","coordinates":[[[-45.2646,-5.4702],[-45.25605,-5.44992],[-45.17385,-5.43878],[-45.23175,-5.491],[-45.23802,-5.49435],[-45.24338,-5.49478],[-45.25531,-5.48718],[-45.26397,-5.47346],[-45.2646,-5.4702]]]}},{"type":"Feature","properties":{"id":109,"n":"Vila Alvorada","mn":"Barra do Corda","mi":2101608,"nl":1,"ap":1280,"cp":948,"lx":-45.29087,"ly":-5.45887},"geometry":{"type":"Polygon","coordinates":[[[-45.32307,-5.44329],[-45.3074,-5.42242],[-45.25605,-5.44992],[-45.2646,-5.4702],[-45.30176,-5.49578],[-45.32307,-5.44329]]]}},{"type":"Feature","properties":{"id":110,"n":"Aldeia Jatobá","mn":"Barra do Corda","mi":2101608,"nl":1,"ap":260,"cp":248,"lx":-45.52658,"ly":-5.73562},"geometry":{"type":"Polygon","coordinates":[[[-45.5739,-5.7314],[-45.5585,-5.7172],[-45.55309,-5.71868],[-45.54901,-5.71132],[-45.5527,-5.7093],[-45.5529,-5.7067],[-45.5547,-5.705],[-45.5539,-5.7027],[-45.5527,-5.70179],[-45.5524,-5.6992],[-45.55131,-5.69781],[-45.5524,-5.6965],[-45.55211,-5.695],[-45.5532,-5.6941],[-45.5525,-5.6918],[-45.5501,-5.69249],[-45.5482,-5.6909],[-45.5464,-5.6905],[-45.5453,-5.6891],[-45.5436,-5.685],[-45.5423,-5.6833],[-45.5392,-5.68379],[-45.5366,-5.6808],[-45.535,-5.6798],[-45.53291,-5.6801],[-45.53212,-5.67952],[-45.5324,-5.678],[-45.5318,-5.6773],[-45.53065,-5.67727],[-45.51955,-5.68977],[-45.46992,-5.764],[-45.49749,-5.81056],[-45.5739,-5.7314]]]}},{"type":"Feature","properties":{"id":111,"n":"Aldeia Remanso","mn":"Barra do Corda","mi":2101608,"nl":1,"ap":62,"cp":61,"lx":-45.51277,"ly":-5.66838},"geometry":{"type":"Polygon","coordinates":[[[-45.53065,-5.67727],[-45.5281,-5.6772],[-45.52671,-5.6769],[-45.5246,-5.6713],[-45.5235,-5.6705],[-45.5204,-5.66989],[-45.52031,-5.6684],[-45.5221,-5.6672],[-45.522,-5.6649],[-45.5228,-5.6636],[-45.5226,-5.6626],[-45.5203,-5.6626],[-45.51868,-5.66358],[-45.51791,-5.66259],[-45.5192,-5.6605],[-45.5191,-5.6592],[-45.5172,-5.6577],[-45.5159,-5.6583],[-45.5157,-5.6595],[-45.5144,-5.6607],[-45.5119,-5.6611],[-45.50871,-5.6603],[-45.5071,-5.6582],[-45.5058,-5.6574],[-45.5037,-5.657],[-45.50281,-5.6564],[-45.5026,-5.6547],[-45.50419,-5.65281],[-45.507,-5.652],[-45.5077,-5.6509],[-45.5068,-5.6492],[-45.5071,-5.6471],[-45.5066,-5.6464],[-45.5042,-5.64619],[-45.5032,-5.6441],[-45.5019,-5.6428],[-45.49909,-5.64279],[-45.4969,-5.6398],[-45.4962,-5.6368],[-45.4952,-5.6356],[-45.49339,-5.63625],[-45.49314,-5.65348],[-45.51955,-5.68977],[-45.53065,-5.67727]]]}},{"type":"Feature","properties":{"id":112,"n":"Aldeia Taboca Nova","mn":"Barra do Corda","mi":2101608,"nl":1,"ap":78,"cp":76,"lx":-45.19336,"ly":-5.71655},"geometry":{"type":"Polygon","coordinates":[[[-45.25741,-5.72807],[-45.19701,-5.68848],[-45.11452,-5.71981],[-45.12002,-5.75825],[-45.25741,-5.72807]]]}},{"type":"Feature","properties":{"id":113,"n":"Aldeia Sardinha","mn":"Barra do Corda","mi":2101608,"nl":1,"ap":130,"cp":123,"lx":-45.37747,"ly":-5.69179},"geometry":{"type":"Polygon","coordinates":[[[-45.40296,-5.70306],[-45.39274,-5.67796],[-45.37973,-5.66956],[-45.36646,-5.67657],[-45.29201,-5.73897],[-45.40296,-5.70306]]]}},{"type":"Feature","properties":{"id":114,"n":"Aldeia Cachoeira","mn":"Barra do Corda","mi":2101608,"nl":1,"ap":58,"cp":55,"lx":-45.3221,"ly":-5.65858},"geometry":{"type":"Polygon","coordinates":[[[-45.37973,-5.66956],[-45.34492,-5.63207],[-45.31956,-5.61938],[-45.29085,-5.63615],[-45.2822,-5.71188],[-45.36646,-5.67657],[-45.37973,-5.66956]]]}},{"type":"Feature","properties":{"id":115,"n":"Centro","mn":"Barreirinhas","mi":2101707,"nl":3,"ap":4186,"cp":3436,"lx":-42.82748,"ly":-2.75242},"geometry":{"type":"Polygon","coordinates":[[[-42.83057,-2.75191],[-42.82751,-2.74762],[-42.82232,-2.74193],[-42.82254,-2.74466],[-42.82393,-2.74846],[-42.82492,-2.75173],[-42.82541,-2.75485],[-42.8271,-2.75551],[-42.82993,-2.75482],[-42.83006,-2.75336],[-42.83057,-2.75191]]]}},{"type":"Feature","properties":{"id":116,"n":"Murici","mn":"Barreirinhas","mi":2101707,"nl":1,"ap":2347,"cp":1937,"lx":-42.83353,"ly":-2.75359},"geometry":{"type":"Polygon","coordinates":[[[-42.84264,-2.74801],[-42.83468,-2.75018],[-42.83057,-2.75191],[-42.83006,-2.75336],[-42.82993,-2.75482],[-42.83261,-2.75725],[-42.83389,-2.75741],[-42.84264,-2.74801]]]}},{"type":"Feature","properties":{"id":117,"n":"Povoado Lagoa da Esperança","mn":"Barreirinhas","mi":2101707,"nl":1,"ap":229,"cp":181,"lx":-43.01654,"ly":-2.69785},"geometry":{"type":"Polygon","coordinates":[[[-43.0557,-2.7413],[-43.0553,-2.7402],[-43.05371,-2.74],[-43.0533,-2.7388],[-43.052,-2.7381],[-43.04778,-2.73888],[-43.04531,-2.73611],[-43.0455,-2.7348],[-43.0444,-2.7338],[-43.0446,-2.73131],[-43.0455,-2.7303],[-43.0447,-2.7294],[-43.0432,-2.7294],[-43.0422,-2.7286],[-43.0407,-2.7289],[-43.03891,-2.7284],[-43.03682,-2.7271],[-43.0383,-2.725],[-43.0402,-2.7249],[-43.0404,-2.7233],[-43.03991,-2.72201],[-43.041,-2.7216],[-43.0405,-2.7196],[-43.03941,-2.71938],[-43.0396,-2.7175],[-43.0382,-2.71669],[-43.0374,-2.7151],[-43.0368,-2.7129],[-43.03501,-2.71248],[-43.0356,-2.7102],[-43.0372,-2.7089],[-43.0373,-2.7066],[-43.0365,-2.7058],[-43.03551,-2.7039],[-43.0369,-2.70281],[-43.0389,-2.704],[-43.0422,-2.7017],[-43.044,-2.7021],[-43.0452,-2.7018],[-43.0433,-2.6994],[-43.043,-2.6969],[-43.0417,-2.6953],[-43.0399,-2.69429],[-43.0397,-2.691],[-43.0383,-2.69],[-43.0366,-2.6876],[-43.0349,-2.6871],[-43.03262,-2.68521],[-43.0335,-2.6827],[-43.0323,-2.6814],[-43.02991,-2.68079],[-43.03011,-2.6787],[-43.031,-2.678],[-43.0324,-2.6782],[-43.03329,-2.6767],[-42.99567,-2.67973],[-42.99956,-2.74158],[-43.00154,-2.74327],[-43.0535,-2.74357],[-43.0543,-2.7417],[-43.0557,-2.7413]]]}},{"type":"Feature","properties":{"id":118,"n":"Povoado Morro Alto","mn":"Barreirinhas","mi":2101707,"nl":1,"ap":559,"cp":462,"lx":-42.92521,"ly":-2.99469},"geometry":{"type":"Polygon","coordinates":[[[-42.97334,-2.96376],[-42.96217,-2.95146],[-42.9603,-2.95129],[-42.90511,-2.9895],[-42.9153,-3.0104],[-42.92495,-3.01862],[-42.97334,-2.96376]]]}},{"type":"Feature","properties":{"id":119,"n":"Povoado Sobradinho","mn":"Barreirinhas","mi":2101707,"nl":1,"ap":1235,"cp":1083,"lx":-42.91212,"ly":-2.8534},"geometry":{"type":"Polygon","coordinates":[[[-42.92816,-2.87036],[-42.92097,-2.84102],[-42.90965,-2.84247],[-42.87615,-2.85369],[-42.92816,-2.87036]]]}},{"type":"Feature","properties":{"id":120,"n":"Povoado Engenho","mn":"Barreirinhas","mi":2101707,"nl":1,"ap":251,"cp":215,"lx":-42.96106,"ly":-2.8094},"geometry":{"type":"Polygon","coordinates":[[[-42.97385,-2.80073],[-42.9531,-2.79542],[-42.94611,-2.82903],[-42.95319,-2.83372],[-42.96338,-2.83476],[-42.96678,-2.83282],[-42.97385,-2.80073]]]}},{"type":"Feature","properties":{"id":121,"n":"Povoado Varas","mn":"Barreirinhas","mi":2101707,"nl":1,"ap":899,"cp":713,"lx":-43.01033,"ly":-3.0221},"geometry":{"type":"Polygon","coordinates":[[[-43.03448,-3.00201],[-43.02313,-2.99138],[-42.95634,-3.04871],[-42.99869,-3.05141],[-43.02636,-3.02818],[-43.03448,-3.00201]]]}},{"type":"Feature","properties":{"id":122,"n":"Povoado Gira Mundo","mn":"Barreirinhas","mi":2101707,"nl":1,"ap":454,"cp":372,"lx":-42.87712,"ly":-2.99954},"geometry":{"type":"Polygon","coordinates":[[[-42.9153,-3.0104],[-42.90511,-2.9895],[-42.8964,-2.97837],[-42.88132,-2.96436],[-42.832,-2.99608],[-42.85559,-3.04133],[-42.9153,-3.0104]]]}},{"type":"Feature","properties":{"id":123,"n":"Povoado Tabocas","mn":"Barreirinhas","mi":2101707,"nl":1,"ap":315,"cp":287,"lx":-43.11731,"ly":-3.03749},"geometry":{"type":"Polygon","coordinates":[[[-43.16037,-3.03362],[-43.09074,-3.00501],[-43.09066,-3.00506],[-43.0902,-3.02597],[-43.09194,-3.03481],[-43.10436,-3.05427],[-43.14413,-3.0666],[-43.144,-3.0617],[-43.1491,-3.0486],[-43.1514,-3.0434],[-43.1536,-3.0397],[-43.16037,-3.03362]]]}},{"type":"Feature","properties":{"id":124,"n":"Povoado Mandacaru","mn":"Barreirinhas","mi":2101707,"nl":1,"ap":757,"cp":652,"lx":-42.68842,"ly":-2.63015},"geometry":{"type":"Polygon","coordinates":[[[-42.73047,-2.64182],[-42.70319,-2.56812],[-42.7021,-2.5689],[-42.6964,-2.5738],[-42.6825,-2.5863],[-42.6747,-2.5935],[-42.6679,-2.6],[-42.6577,-2.6109],[-42.6415,-2.6253],[-42.65888,-2.6868],[-42.67429,-2.68292],[-42.72566,-2.64752],[-42.73047,-2.64182]]]}},{"type":"Feature","properties":{"id":125,"n":"Povoado Atins","mn":"Barreirinhas","mi":2101707,"nl":1,"ap":579,"cp":471,"lx":-42.73599,"ly":-2.5698},"geometry":{"type":"Polygon","coordinates":[[[-42.77085,-2.54713],[-42.7653,-2.5453],[-42.7632,-2.5455],[-42.7614,-2.5464],[-42.7571,-2.5511],[-42.7546,-2.5543],[-42.7517,-2.5568],[-42.74899,-2.56069],[-42.74241,-2.5591],[-42.7419,-2.5577],[-42.7401,-2.556],[-42.7368,-2.554],[-42.7329,-2.5536],[-42.7266,-2.5549],[-42.7227,-2.5562],[-42.7178,-2.5586],[-42.71437,-2.56055],[-42.73523,-2.58947],[-42.77085,-2.54713]]]}},{"type":"Feature","properties":{"id":126,"n":"Povoado Mamede","mn":"Barreirinhas","mi":2101707,"nl":1,"ap":754,"cp":611,"lx":-42.90746,"ly":-3.13071},"geometry":{"type":"Polygon","coordinates":[[[-42.94401,-3.12476],[-42.92464,-3.08827],[-42.85137,-3.10676],[-42.90044,-3.18608],[-42.93797,-3.1712],[-42.94401,-3.12476]]]}},{"type":"Feature","properties":{"id":127,"n":"Povoado Braço","mn":"Barreirinhas","mi":2101707,"nl":1,"ap":529,"cp":459,"lx":-43.05001,"ly":-2.9812},"geometry":{"type":"Polygon","coordinates":[[[-43.08764,-3.00419],[-43.0461,-2.93089],[-43.0461,-2.93089],[-43.02298,-2.99115],[-43.03448,-3.00201],[-43.08764,-3.00419]]]}},{"type":"Feature","properties":{"id":128,"n":"Povoado Manoelzinho","mn":"Barreirinhas","mi":2101707,"nl":1,"ap":471,"cp":396,"lx":-43.03097,"ly":-2.82558},"geometry":{"type":"Polygon","coordinates":[[[-43.06109,-2.82654],[-43.04642,-2.81043],[-43.02717,-2.80529],[-43.00835,-2.81552],[-43.01731,-2.84464],[-43.04121,-2.8442],[-43.0605,-2.83378],[-43.06109,-2.82654]]]}},{"type":"Feature","properties":{"id":129,"n":"Ladeira","mn":"Barreirinhas","mi":2101707,"nl":2,"ap":2251,"cp":1870,"lx":-42.82271,"ly":-2.75379},"geometry":{"type":"Polygon","coordinates":[[[-42.82541,-2.75485],[-42.82492,-2.75173],[-42.82393,-2.74846],[-42.82254,-2.74466],[-42.82067,-2.75238],[-42.81964,-2.75534],[-42.82173,-2.75757],[-42.82541,-2.75485]]]}},{"type":"Feature","properties":{"id":130,"n":"Povoado Boa Vista","mn":"Barreirinhas","mi":2101707,"nl":1,"ap":800,"cp":667,"lx":-42.7981,"ly":-2.74253},"geometry":{"type":"Polygon","coordinates":[[[-42.80789,-2.74088],[-42.79602,-2.73271],[-42.78468,-2.75247],[-42.7931,-2.7603],[-42.80789,-2.74088]]]}},{"type":"Feature","properties":{"id":131,"n":"Povoado Massangano","mn":"Barreirinhas","mi":2101707,"nl":1,"ap":283,"cp":232,"lx":-42.95496,"ly":-2.75072},"geometry":{"type":"Polygon","coordinates":[[[-42.98405,-2.7433],[-42.94682,-2.73195],[-42.92438,-2.77731],[-42.92975,-2.78291],[-42.94269,-2.78476],[-42.98405,-2.7433]]]}},{"type":"Feature","properties":{"id":132,"n":"Povoado Olho D'agua dos Cabral","mn":"Barreirinhas","mi":2101707,"nl":1,"ap":377,"cp":302,"lx":-42.95702,"ly":-2.91283},"geometry":{"type":"Polygon","coordinates":[[[-42.98417,-2.89863],[-42.97363,-2.89243],[-42.94453,-2.89179],[-42.93953,-2.9023],[-42.93522,-2.91886],[-42.94343,-2.93958],[-42.9603,-2.95129],[-42.96217,-2.95146],[-42.98417,-2.89863]]]}},{"type":"Feature","properties":{"id":133,"n":"Povoado Santa Cruz","mn":"Barreirinhas","mi":2101707,"nl":1,"ap":1020,"cp":846,"lx":-42.85019,"ly":-2.80128},"geometry":{"type":"Polygon","coordinates":[[[-42.86365,-2.80707],[-42.85915,-2.78365],[-42.8573,-2.78209],[-42.81611,-2.81146],[-42.84252,-2.81875],[-42.86365,-2.80707]]]}},{"type":"Feature","properties":{"id":134,"n":"Povoado Tapuio","mn":"Barreirinhas","mi":2101707,"nl":1,"ap":662,"cp":557,"lx":-42.8016,"ly":-2.7284},"geometry":{"type":"Polygon","coordinates":[[[-42.81622,-2.74017],[-42.79979,-2.71397],[-42.79339,-2.71646],[-42.79602,-2.73271],[-42.80789,-2.74088],[-42.81554,-2.74054],[-42.81622,-2.74017]]]}},{"type":"Feature","properties":{"id":135,"n":"Povoado Lagoas","mn":"Barreirinhas","mi":2101707,"nl":1,"ap":317,"cp":248,"lx":-42.77826,"ly":-2.85991},"geometry":{"type":"Polygon","coordinates":[[[-42.82038,-2.89757],[-42.79868,-2.81447],[-42.77791,-2.81398],[-42.7377,-2.85869],[-42.72904,-2.88333],[-42.82038,-2.89757]]]}},{"type":"Feature","properties":{"id":136,"n":"Povoado Cantinho","mn":"Barreirinhas","mi":2101707,"nl":1,"ap":937,"cp":789,"lx":-42.84062,"ly":-2.72725},"geometry":{"type":"Polygon","coordinates":[[[-42.86083,-2.72622],[-42.8546,-2.7137],[-42.82434,-2.71637],[-42.82496,-2.73573],[-42.84352,-2.74038],[-42.86083,-2.72622]]]}},{"type":"Feature","properties":{"id":137,"n":"Povoado Bom Passar","mn":"Barreirinhas","mi":2101707,"nl":1,"ap":103,"cp":84,"lx":-42.91,"ly":-2.72726},"geometry":{"type":"Polygon","coordinates":[[[-42.93367,-2.72024],[-42.91902,-2.69374],[-42.88811,-2.72844],[-42.91259,-2.75128],[-42.93367,-2.72024]]]}},{"type":"Feature","properties":{"id":138,"n":"Povoado Cocal","mn":"Barreirinhas","mi":2101707,"nl":1,"ap":232,"cp":199,"lx":-43.20246,"ly":-2.98634},"geometry":{"type":"Polygon","coordinates":[[[-43.2428,-2.992],[-43.2392,-2.9887],[-43.2317,-2.9861],[-43.2286,-2.9841],[-43.2274,-2.9821],[-43.2236,-2.979],[-43.2199,-2.9767],[-43.2144,-2.9713],[-43.211,-2.9688],[-43.207,-2.9674],[-43.2011,-2.9665],[-43.1984,-2.9653],[-43.1952,-2.9641],[-43.1938,-2.9621],[-43.1898,-2.961],[-43.188,-2.9595],[-43.1856,-2.9589],[-43.1829,-2.9576],[-43.1799,-2.9565],[-43.1783,-2.9552],[-43.176,-2.954],[-43.174,-2.9537],[-43.1717,-2.9518],[-43.1697,-2.951],[-43.1671,-2.95149],[-43.1661,-2.9505],[-43.1613,-2.9491],[-43.16,-2.948],[-43.1569,-2.9465],[-43.1556,-2.944],[-43.15429,-2.9451],[-43.1516,-2.9446],[-43.15,-2.9436],[-43.1484,-2.9434],[-43.14671,-2.94399],[-43.14569,-2.94224],[-43.14279,-2.94834],[-43.17921,-2.99888],[-43.18053,-2.99502],[-43.2217,-3.0223],[-43.2246,-3.0171],[-43.227,-3.0137],[-43.2288,-3.0128],[-43.2322,-3.0067],[-43.235,-3.0036],[-43.2377,-2.9991],[-43.2418,-2.9944],[-43.2428,-2.992]]]}},{"type":"Feature","properties":{"id":139,"n":"Povoado Vera Cruz","mn":"Barreirinhas","mi":2101707,"nl":1,"ap":276,"cp":204,"lx":-42.79086,"ly":-3.07084},"geometry":{"type":"Polygon","coordinates":[[[-42.83845,-3.10419],[-42.83561,-3.08907],[-42.79539,-3.03955],[-42.78572,-3.04247],[-42.76159,-3.06873],[-42.7635,-3.0715],[-42.7641,-3.0731],[-42.764,-3.0751],[-42.7618,-3.0799],[-42.7618,-3.0829],[-42.7623,-3.0863],[-42.76281,-3.08709],[-42.83515,-3.10686],[-42.83845,-3.10419]]]}},{"type":"Feature","properties":{"id":140,"n":"Povoado Palmeira dos Ferreiras","mn":"Barreirinhas","mi":2101707,"nl":1,"ap":320,"cp":287,"lx":-42.87046,"ly":-2.91729},"geometry":{"type":"Polygon","coordinates":[[[-42.94453,-2.89179],[-42.93741,-2.88555],[-42.9287,-2.88672],[-42.85144,-2.91056],[-42.86589,-2.93225],[-42.93953,-2.9023],[-42.94453,-2.89179]]]}},{"type":"Feature","properties":{"id":141,"n":"Povoado Roça do Meio","mn":"Barreirinhas","mi":2101707,"nl":1,"ap":154,"cp":125,"lx":-43.07417,"ly":-2.78816},"geometry":{"type":"Polygon","coordinates":[[[-43.122,-2.7751],[-43.1191,-2.7746],[-43.1179,-2.7738],[-43.1159,-2.7738],[-43.11498,-2.77498],[-43.1133,-2.7739],[-43.1122,-2.77379],[-43.1104,-2.7719],[-43.1074,-2.7736],[-43.1052,-2.7741],[-43.1027,-2.7743],[-43.1005,-2.7736],[-43.0993,-2.7736],[-43.0972,-2.7722],[-43.0953,-2.7726],[-43.09332,-2.77191],[-43.0931,-2.7711],[-43.0911,-2.7709],[-43.09,-2.76951],[-43.0895,-2.7677],[-43.0882,-2.7649],[-43.0869,-2.7646],[-43.0842,-2.7617],[-43.0815,-2.7606],[-43.0805,-2.7593],[-43.07908,-2.7603],[-43.07611,-2.7595],[-43.0754,-2.7582],[-43.0736,-2.76],[-43.0717,-2.7604],[-43.0703,-2.76118],[-43.0697,-2.7602],[-43.0664,-2.7596],[-43.0648,-2.7574],[-43.06351,-2.75729],[-43.0631,-2.7539],[-43.06201,-2.75281],[-43.0622,-2.7515],[-43.061,-2.7502],[-43.05691,-2.7507],[-43.0559,-2.7496],[-43.055,-2.7496],[-43.04642,-2.81043],[-43.06109,-2.82654],[-43.11973,-2.78585],[-43.1213,-2.7828],[-43.1218,-2.7812],[-43.1215,-2.7787],[-43.122,-2.7751]]]}},{"type":"Feature","properties":{"id":142,"n":"Povoado Jabuti","mn":"Barreirinhas","mi":2101707,"nl":1,"ap":624,"cp":488,"lx":-43.06907,"ly":-3.10395},"geometry":{"type":"Polygon","coordinates":[[[-43.09294,-3.09645],[-43.06431,-3.08453],[-43.04693,-3.10667],[-43.06494,-3.12528],[-43.07878,-3.1177],[-43.09294,-3.09645]]]}},{"type":"Feature","properties":{"id":143,"n":"Povoado Munim","mn":"Barreirinhas","mi":2101707,"nl":1,"ap":202,"cp":181,"lx":-43.05742,"ly":-3.05821},"geometry":{"type":"Polygon","coordinates":[[[-43.09194,-3.03481],[-43.0902,-3.02597],[-43.04307,-3.05211],[-43.0431,-3.05592],[-43.0488,-3.06957],[-43.05982,-3.07451],[-43.09194,-3.03481]]]}},{"type":"Feature","properties":{"id":144,"n":"Povoado Pedras","mn":"Barreirinhas","mi":2101707,"nl":1,"ap":217,"cp":181,"lx":-42.78091,"ly":-3.0243},"geometry":{"type":"Polygon","coordinates":[[[-42.80114,-2.99687],[-42.77614,-2.97052],[-42.76918,-2.97048],[-42.7697,-2.9735],[-42.7695,-2.9747],[-42.77059,-2.97532],[-42.7701,-2.9779],[-42.77199,-2.9794],[-42.7715,-2.9812],[-42.7726,-2.983],[-42.7729,-2.9867],[-42.7741,-2.9875],[-42.775,-2.9891],[-42.7766,-2.9909],[-42.77709,-2.99208],[-42.7761,-2.9933],[-42.7767,-2.9958],[-42.7765,-2.9989],[-42.7773,-3.00101],[-42.7767,-3.0025],[-42.7738,-3.0049],[-42.7738,-3.0068],[-42.7729,-3.0085],[-42.7709,-3.0096],[-42.7696,-3.0108],[-42.7671,-3.0143],[-42.7661,-3.018],[-42.765,-3.0188],[-42.7618,-3.0223],[-42.7623,-3.0237],[-42.7616,-3.0252],[-42.7622,-3.0273],[-42.7621,-3.0298],[-42.7603,-3.0315],[-42.7593,-3.03419],[-42.7584,-3.0343],[-42.75726,-3.03549],[-42.78572,-3.04247],[-42.79539,-3.03955],[-42.80114,-2.99687]]]}},{"type":"Feature","properties":{"id":145,"n":"Povoado Baixão dos Paulinos","mn":"Barreirinhas","mi":2101707,"nl":1,"ap":340,"cp":310,"lx":-42.95671,"ly":-2.87541},"geometry":{"type":"Polygon","coordinates":[[[-42.97492,-2.87915],[-42.96338,-2.83476],[-42.95319,-2.83372],[-42.93671,-2.88346],[-42.93741,-2.88555],[-42.94453,-2.89179],[-42.97363,-2.89243],[-42.97492,-2.87915]]]}},{"type":"Feature","properties":{"id":146,"n":"Povoado Bar da Hora","mn":"Barreirinhas","mi":2101707,"nl":1,"ap":298,"cp":272,"lx":-42.72497,"ly":-2.59469},"geometry":{"type":"Polygon","coordinates":[[[-42.7448,-2.62678],[-42.73523,-2.58947],[-42.71437,-2.56055],[-42.7085,-2.5643],[-42.70319,-2.56812],[-42.73047,-2.64182],[-42.7448,-2.62678]]]}},{"type":"Feature","properties":{"id":147,"n":"Povoado Palmeira dos Reis","mn":"Barreirinhas","mi":2101707,"nl":1,"ap":669,"cp":555,"lx":-42.8222,"ly":-3.03217},"geometry":{"type":"Polygon","coordinates":[[[-42.85559,-3.04133],[-42.832,-2.99608],[-42.80114,-2.99687],[-42.79539,-3.03955],[-42.83561,-3.08907],[-42.85559,-3.04133]]]}},{"type":"Feature","properties":{"id":148,"n":"Povoado São José das Varas","mn":"Barreirinhas","mi":2101707,"nl":1,"ap":416,"cp":357,"lx":-42.97335,"ly":-3.01842},"geometry":{"type":"Polygon","coordinates":[[[-43.02313,-2.99138],[-43.02298,-2.99115],[-43.01689,-2.98807],[-42.96806,-3.00722],[-42.9369,-3.03468],[-42.94324,-3.05018],[-42.94383,-3.05024],[-42.95634,-3.04871],[-43.02313,-2.99138]]]}},{"type":"Feature","properties":{"id":149,"n":"Carnaubal","mn":"Barreirinhas","mi":2101707,"nl":2,"ap":1700,"cp":1449,"lx":-42.83265,"ly":-2.74407},"geometry":{"type":"Polygon","coordinates":[[[-42.84352,-2.74038],[-42.82496,-2.73573],[-42.82146,-2.73897],[-42.82232,-2.74193],[-42.82751,-2.74762],[-42.83057,-2.75191],[-42.83468,-2.75018],[-42.84263,-2.74801],[-42.84317,-2.74764],[-42.84352,-2.74038]]]}},{"type":"Feature","properties":{"id":150,"n":"Povoado Juçaral das Canoas","mn":"Barreirinhas","mi":2101707,"nl":1,"ap":418,"cp":359,"lx":-43.00274,"ly":-2.7956},"geometry":{"type":"Polygon","coordinates":[[[-43.02717,-2.80529],[-43.02717,-2.80529],[-43.00138,-2.75817],[-42.98251,-2.79823],[-42.99846,-2.81584],[-43.00835,-2.81552],[-43.02717,-2.80529]]]}},{"type":"Feature","properties":{"id":151,"n":"Povoado Palmeira dos Eduardos","mn":"Barreirinhas","mi":2101707,"nl":1,"ap":621,"cp":528,"lx":-42.98182,"ly":-2.94767},"geometry":{"type":"Polygon","coordinates":[[[-43.01248,-2.90665],[-43.00342,-2.90228],[-42.98417,-2.89863],[-42.96217,-2.95146],[-42.97334,-2.96376],[-42.98608,-2.96732],[-42.99301,-2.96724],[-43.01248,-2.90665]]]}},{"type":"Feature","properties":{"id":152,"n":"Canequinho","mn":"Barreirinhas","mi":2101707,"nl":1,"ap":1587,"cp":1322,"lx":-42.82911,"ly":-2.75745},"geometry":{"type":"Polygon","coordinates":[[[-42.83261,-2.75725],[-42.82993,-2.75482],[-42.8271,-2.75551],[-42.82701,-2.76235],[-42.83261,-2.75725]]]}},{"type":"Feature","properties":{"id":153,"n":"Povoado Laranjeira","mn":"Barreirinhas","mi":2101707,"nl":1,"ap":516,"cp":449,"lx":-42.81513,"ly":-2.7209},"geometry":{"type":"Polygon","coordinates":[[[-42.82496,-2.73573],[-42.82434,-2.71637],[-42.81264,-2.70617],[-42.79979,-2.71397],[-42.81622,-2.74017],[-42.82146,-2.73897],[-42.82496,-2.73573]]]}},{"type":"Feature","properties":{"id":154,"n":"Povoado Buritizal","mn":"Barreirinhas","mi":2101707,"nl":1,"ap":160,"cp":131,"lx":-42.96024,"ly":-2.69391},"geometry":{"type":"Polygon","coordinates":[[[-42.99956,-2.74158],[-42.99567,-2.67973],[-42.9211,-2.59598],[-42.91903,-2.69374],[-42.93367,-2.72024],[-42.94682,-2.73195],[-42.98405,-2.7433],[-42.99956,-2.74158]]]}},{"type":"Feature","properties":{"id":155,"n":"Povoado Santa Maria","mn":"Barreirinhas","mi":2101707,"nl":1,"ap":366,"cp":324,"lx":-42.93441,"ly":-2.81279},"geometry":{"type":"Polygon","coordinates":[[[-42.9531,-2.79542],[-42.94269,-2.78476],[-42.92975,-2.78291],[-42.91792,-2.81447],[-42.92662,-2.82928],[-42.94611,-2.82903],[-42.9531,-2.79542]]]}},{"type":"Feature","properties":{"id":156,"n":"Povoado Coqueiro","mn":"Barreirinhas","mi":2101707,"nl":1,"ap":247,"cp":207,"lx":-42.77539,"ly":-2.78044},"geometry":{"type":"Polygon","coordinates":[[[-42.80323,-2.80414],[-42.79891,-2.77064],[-42.7931,-2.7603],[-42.78468,-2.75247],[-42.76853,-2.74811],[-42.74231,-2.78517],[-42.77791,-2.81397],[-42.79869,-2.81447],[-42.80183,-2.81172],[-42.80323,-2.80414]]]}},{"type":"Feature","properties":{"id":157,"n":"Povoado Vigia","mn":"Barreirinhas","mi":2101707,"nl":1,"ap":301,"cp":272,"lx":-42.91175,"ly":-2.82584},"geometry":{"type":"Polygon","coordinates":[[[-42.92662,-2.82928],[-42.91792,-2.81447],[-42.90264,-2.81451],[-42.89786,-2.825],[-42.90965,-2.84247],[-42.92097,-2.84102],[-42.92662,-2.82928]]]}},{"type":"Feature","properties":{"id":158,"n":"Povoado São Domingos","mn":"Barreirinhas","mi":2101707,"nl":1,"ap":541,"cp":467,"lx":-42.77921,"ly":-2.72975},"geometry":{"type":"Polygon","coordinates":[[[-42.79602,-2.73271],[-42.79339,-2.71646],[-42.76947,-2.71175],[-42.75827,-2.71471],[-42.76853,-2.74811],[-42.78468,-2.75247],[-42.79602,-2.73271]]]}},{"type":"Feature","properties":{"id":159,"n":"Povoado Juçaral dos Canavieiras","mn":"Barreirinhas","mi":2101707,"nl":1,"ap":232,"cp":194,"lx":-43.04995,"ly":-3.02393},"geometry":{"type":"Polygon","coordinates":[[[-43.09066,-3.00506],[-43.08764,-3.00419],[-43.03448,-3.00201],[-43.02636,-3.02818],[-43.04307,-3.05211],[-43.0902,-3.02597],[-43.09066,-3.00506]]]}},{"type":"Feature","properties":{"id":160,"n":"Povoado Guarima","mn":"Barreirinhas","mi":2101707,"nl":1,"ap":197,"cp":147,"lx":-42.84521,"ly":-3.16705},"geometry":{"type":"Polygon","coordinates":[[[-42.90044,-3.18608],[-42.85137,-3.10676],[-42.83845,-3.10419],[-42.83515,-3.10686],[-42.80156,-3.15716],[-42.8248,-3.2161],[-42.90044,-3.18608]]]}},{"type":"Feature","properties":{"id":161,"n":"Povoado Gamba","mn":"Barreirinhas","mi":2101707,"nl":1,"ap":56,"cp":51,"lx":-42.73342,"ly":-2.67823},"geometry":{"type":"Polygon","coordinates":[[[-42.7909,-2.67487],[-42.72566,-2.64752],[-42.67429,-2.68292],[-42.75827,-2.71471],[-42.76947,-2.71175],[-42.7909,-2.67487]]]}},{"type":"Feature","properties":{"id":162,"n":"Povoado Atoleiro","mn":"Barreirinhas","mi":2101707,"nl":1,"ap":141,"cp":120,"lx":-42.79767,"ly":-2.69589},"geometry":{"type":"Polygon","coordinates":[[[-42.81936,-2.66816],[-42.7909,-2.67487],[-42.76947,-2.71175],[-42.79339,-2.71646],[-42.79979,-2.71397],[-42.81264,-2.70617],[-42.81936,-2.66816]]]}},{"type":"Feature","properties":{"id":163,"n":"Povoado Armazém I","mn":"Barreirinhas","mi":2101707,"nl":1,"ap":257,"cp":212,"lx":-43.11805,"ly":-3.0788},"geometry":{"type":"Polygon","coordinates":[[[-43.1503,-3.087],[-43.1478,-3.0843],[-43.1455,-3.0823],[-43.1448,-3.081],[-43.1418,-3.0791],[-43.14061,-3.0779],[-43.141,-3.0764],[-43.1432,-3.0716],[-43.14271,-3.07079],[-43.14413,-3.0666],[-43.10436,-3.05427],[-43.09343,-3.09632],[-43.10815,-3.10371],[-43.1503,-3.087]]]}},{"type":"Feature","properties":{"id":164,"n":"Povoado Mirinzal","mn":"Barreirinhas","mi":2101707,"nl":1,"ap":124,"cp":105,"lx":-43.08295,"ly":-2.83426},"geometry":{"type":"Polygon","coordinates":[[[-43.11973,-2.78585],[-43.06109,-2.82654],[-43.0605,-2.83378],[-43.08363,-2.87197],[-43.0845,-2.8707],[-43.0856,-2.87],[-43.088,-2.8695],[-43.0898,-2.8674],[-43.0938,-2.8583],[-43.0961,-2.8557],[-43.0982,-2.8513],[-43.0985,-2.8499],[-43.0985,-2.8457],[-43.0996,-2.843],[-43.1013,-2.84031],[-43.1021,-2.8399],[-43.1019,-2.8374],[-43.1022,-2.8338],[-43.1014,-2.8318],[-43.1014,-2.8283],[-43.1,-2.8258],[-43.0997,-2.8243],[-43.1002,-2.8208],[-43.1003,-2.81842],[-43.1048,-2.8172],[-43.1041,-2.81321],[-43.1048,-2.812],[-43.105,-2.80999],[-43.1065,-2.807],[-43.1077,-2.8056],[-43.1094,-2.803],[-43.1145,-2.7983],[-43.1154,-2.7944],[-43.1167,-2.7922],[-43.1175,-2.789],[-43.11973,-2.78585]]]}},{"type":"Feature","properties":{"id":165,"n":"Povoado Baixa D'agua","mn":"Barreirinhas","mi":2101707,"nl":1,"ap":365,"cp":292,"lx":-43.02511,"ly":-3.07148},"geometry":{"type":"Polygon","coordinates":[[[-43.0488,-3.06957],[-43.0431,-3.05592],[-43.01031,-3.06458],[-43.02012,-3.08655],[-43.0488,-3.06957]]]}},{"type":"Feature","properties":{"id":166,"n":"Povoado Mucambo","mn":"Barreirinhas","mi":2101707,"nl":1,"ap":83,"cp":69,"lx":-42.98656,"ly":-2.57875},"geometry":{"type":"Polygon","coordinates":[[[-43.071,-2.6081],[-43.0676,-2.6056],[-43.0651,-2.6051],[-43.0631,-2.6043],[-43.06191,-2.60449],[-43.0614,-2.6035],[-43.06009,-2.60359],[-43.05791,-2.6019],[-43.058,-2.5997],[-43.056,-2.5977],[-43.0551,-2.5939],[-43.0542,-2.5916],[-43.0521,-2.5897],[-43.0504,-2.5849],[-43.05061,-2.5825],[-43.0526,-2.5816],[-43.0539,-2.5803],[-43.0543,-2.5783],[-43.0527,-2.57519],[-43.0528,-2.57389],[-43.0545,-2.5713],[-43.0526,-2.568],[-43.0504,-2.56689],[-43.05021,-2.56569],[-43.0517,-2.5636],[-43.0505,-2.5622],[-43.0498,-2.5604],[-43.049,-2.5604],[-43.0475,-2.5621],[-43.04512,-2.56349],[-43.0442,-2.5625],[-43.04431,-2.5603],[-43.0471,-2.5584],[-43.0474,-2.5578],[-43.046,-2.55379],[-43.0469,-2.5513],[-43.0478,-2.5504],[-43.0478,-2.5483],[-43.0494,-2.5461],[-43.04901,-2.544],[-43.05,-2.5429],[-43.0505,-2.5411],[-43.052,-2.5403],[-43.0527,-2.538],[-43.0519,-2.5359],[-43.0524,-2.5343],[-43.0504,-2.5312],[-43.0501,-2.5299],[-43.0505,-2.5277],[-43.0494,-2.5263],[-43.0487,-2.52252],[-43.0501,-2.5212],[-43.0499,-2.5197],[-43.0479,-2.51869],[-43.047,-2.5161],[-43.0472,-2.5139],[-43.0467,-2.5125],[-43.0456,-2.5111],[-43.0429,-2.5099],[-43.04159,-2.5107],[-43.0397,-2.51],[-43.03898,-2.5106],[-43.0343,-2.5103],[-43.032,-2.5097],[-43.02529,-2.5093],[-43.0241,-2.5085],[-43.0232,-2.5058],[-43.0199,-2.5027],[-43.0194,-2.5015],[-43.0171,-2.4983],[-43.01731,-2.49682],[-43.0189,-2.4971],[-43.0203,-2.4956],[-43.0208,-2.4927],[-43.019,-2.487],[-43.0199,-2.4833],[-43.0191,-2.4811],[-43.0168,-2.4785],[-43.0168,-2.4767],[-43.0161,-2.4755],[-43.0143,-2.4746],[-43.013,-2.4731],[-43.0117,-2.46571],[-43.012,-2.4647],[-43.0137,-2.4621],[-43.0143,-2.4604],[-43.0143,-2.4584],[-43.0148,-2.4567],[-43.0117,-2.4581],[-43.0057,-2.4605],[-43.0009,-2.462],[-42.9983,-2.4625],[-42.9972,-2.4635],[-42.9912,-2.4659],[-42.9801,-2.4711],[-42.9771,-2.4722],[-42.9734,-2.4738],[-42.971,-2.4746],[-42.9653,-2.4747],[-42.9634,-2.4753],[-42.9616,-2.4764],[-42.9564,-2.4787],[-42.95328,-2.48035],[-42.91983,-2.5927],[-42.9211,-2.59598],[-42.99567,-2.67973],[-43.03329,-2.6767],[-43.03301,-2.6747],[-43.035,-2.6732],[-43.03542,-2.6723],[-43.03739,-2.6722],[-43.0379,-2.6736],[-43.0401,-2.6739],[-43.04131,-2.673],[-43.0447,-2.6733],[-43.046,-2.6718],[-43.0463,-2.6707],[-43.0445,-2.6671],[-43.0443,-2.6647],[-43.0392,-2.664],[-43.0367,-2.66259],[-43.0367,-2.66179],[-43.0378,-2.6597],[-43.0382,-2.6562],[-43.037,-2.6554],[-43.0369,-2.6536],[-43.0386,-2.6512],[-43.0403,-2.6496],[-43.04081,-2.64751],[-43.0452,-2.6467],[-43.0476,-2.6453],[-43.048,-2.6431],[-43.04969,-2.64171],[-43.0508,-2.6421],[-43.0519,-2.6411],[-43.05409,-2.6405],[-43.0562,-2.6417],[-43.0579,-2.6414],[-43.05891,-2.6399],[-43.0629,-2.6387],[-43.0647,-2.6357],[-43.067,-2.6351],[-43.068,-2.6275],[-43.0674,-2.6262],[-43.0669,-2.6236],[-43.0651,-2.6199],[-43.0654,-2.6177],[-43.0651,-2.6156],[-43.06201,-2.61328],[-43.06241,-2.61221],[-43.0639,-2.6122],[-43.06619,-2.61121],[-43.0676,-2.6121],[-43.06771,-2.61031],[-43.0708,-2.6096],[-43.071,-2.6081]]]}},{"type":"Feature","properties":{"id":167,"n":"Povoado Riacho do Meio","mn":"Barreirinhas","mi":2101707,"nl":1,"ap":167,"cp":143,"lx":-42.9908,"ly":-3.06866},"geometry":{"type":"Polygon","coordinates":[[[-43.02012,-3.08656],[-43.01031,-3.06458],[-42.99869,-3.05141],[-42.95634,-3.04871],[-42.94383,-3.05024],[-43.01288,-3.11178],[-43.01662,-3.10789],[-43.02012,-3.08656]]]}},{"type":"Feature","properties":{"id":168,"n":"Povoado Mumbuca","mn":"Barreirinhas","mi":2101707,"nl":1,"ap":229,"cp":194,"lx":-43.05532,"ly":-2.86678},"geometry":{"type":"Polygon","coordinates":[[[-43.08363,-2.87197],[-43.0605,-2.83378],[-43.04121,-2.8442],[-43.01461,-2.90677],[-43.04568,-2.91666],[-43.07381,-2.88688],[-43.0731,-2.8865],[-43.071,-2.8858],[-43.06952,-2.88441],[-43.0714,-2.882],[-43.0717,-2.88071],[-43.0774,-2.8795],[-43.0788,-2.8769],[-43.0821,-2.8742],[-43.08363,-2.87197]]]}},{"type":"Feature","properties":{"id":169,"n":"Povoado Barra do Sitio","mn":"Barreirinhas","mi":2101707,"nl":1,"ap":119,"cp":100,"lx":-43.09512,"ly":-3.10334},"geometry":{"type":"Polygon","coordinates":[[[-43.10815,-3.10371],[-43.09343,-3.09632],[-43.09294,-3.09645],[-43.07878,-3.1177],[-43.0943,-3.1092],[-43.10815,-3.10371]]]}},{"type":"Feature","properties":{"id":170,"n":"Povoado Fazendinha","mn":"Barreirinhas","mi":2101707,"nl":1,"ap":425,"cp":379,"lx":-42.90019,"ly":-2.96117},"geometry":{"type":"Polygon","coordinates":[[[-42.94343,-2.93958],[-42.93522,-2.91886],[-42.88099,-2.96275],[-42.88132,-2.96436],[-42.8964,-2.97837],[-42.94343,-2.93958]]]}},{"type":"Feature","properties":{"id":171,"n":"Povoado Caboclo","mn":"Barreirinhas","mi":2101707,"nl":1,"ap":233,"cp":205,"lx":-42.92355,"ly":-2.75458},"geometry":{"type":"Polygon","coordinates":[[[-42.94682,-2.73195],[-42.93367,-2.72024],[-42.91259,-2.75128],[-42.91341,-2.77255],[-42.92438,-2.77731],[-42.94682,-2.73195]]]}},{"type":"Feature","properties":{"id":172,"n":"Povoado Olho D'agua dos Bentos","mn":"Barreirinhas","mi":2101707,"nl":1,"ap":237,"cp":188,"lx":-42.79683,"ly":-3.12103},"geometry":{"type":"Polygon","coordinates":[[[-42.83515,-3.10686],[-42.83515,-3.10686],[-42.76281,-3.08709],[-42.7634,-3.088],[-42.7637,-3.09],[-42.7627,-3.094],[-42.7627,-3.0956],[-42.7636,-3.1018],[-42.7625,-3.1085],[-42.7629,-3.1205],[-42.7632,-3.1233],[-42.767,-3.1303],[-42.7681,-3.1334],[-42.7694,-3.1351],[-42.7713,-3.1367],[-42.7745,-3.1384],[-42.7794,-3.1397],[-42.7806,-3.1404],[-42.7834,-3.1407],[-42.7898,-3.1445],[-42.7946,-3.1464],[-42.79849,-3.14869],[-42.80156,-3.15716],[-42.83515,-3.10686]]]}},{"type":"Feature","properties":{"id":173,"n":"Povoado Canoas","mn":"Barreirinhas","mi":2101707,"nl":1,"ap":278,"cp":238,"lx":-42.98311,"ly":-2.8178},"geometry":{"type":"Polygon","coordinates":[[[-42.99846,-2.81584],[-42.98251,-2.79823],[-42.97385,-2.80073],[-42.96678,-2.83282],[-42.98863,-2.83413],[-42.99846,-2.81584]]]}},{"type":"Feature","properties":{"id":174,"n":"Povoado Carnaubeira","mn":"Barreirinhas","mi":2101707,"nl":1,"ap":427,"cp":331,"lx":-42.86106,"ly":-2.74614},"geometry":{"type":"Polygon","coordinates":[[[-42.87684,-2.73448],[-42.86083,-2.72622],[-42.84352,-2.74038],[-42.84317,-2.74764],[-42.85317,-2.76692],[-42.85605,-2.76823],[-42.87681,-2.75444],[-42.87684,-2.73448]]]}},{"type":"Feature","properties":{"id":175,"n":"Riacho","mn":"Barreirinhas","mi":2101707,"nl":1,"ap":2303,"cp":1888,"lx":-42.82475,"ly":-2.75865},"geometry":{"type":"Polygon","coordinates":[[[-42.8271,-2.75551],[-42.82541,-2.75485],[-42.82173,-2.75758],[-42.8218,-2.75879],[-42.82593,-2.76435],[-42.82701,-2.76235],[-42.8271,-2.75551]]]}},{"type":"Feature","properties":{"id":176,"n":"Povoado Barreira Velha","mn":"Barreirinhas","mi":2101707,"nl":1,"ap":217,"cp":189,"lx":-42.87618,"ly":-2.8398},"geometry":{"type":"Polygon","coordinates":[[[-42.88774,-2.80529],[-42.88622,-2.8038],[-42.87603,-2.80838],[-42.86877,-2.84612],[-42.87337,-2.85492],[-42.87615,-2.85369],[-42.88158,-2.84414],[-42.88774,-2.80529]]]}},{"type":"Feature","properties":{"id":177,"n":"Cebola","mn":"Barreirinhas","mi":2101707,"nl":1,"ap":1594,"cp":1313,"lx":-42.81701,"ly":-2.75111},"geometry":{"type":"Polygon","coordinates":[[[-42.82254,-2.74466],[-42.82232,-2.74193],[-42.82146,-2.73897],[-42.81623,-2.74017],[-42.81554,-2.74054],[-42.81212,-2.75509],[-42.81964,-2.75534],[-42.82067,-2.75238],[-42.82254,-2.74466]]]}},{"type":"Feature","properties":{"id":178,"n":"Povoado Tratada dos Carlos","mn":"Barreirinhas","mi":2101707,"nl":1,"ap":130,"cp":112,"lx":-42.88889,"ly":-2.67941},"geometry":{"type":"Polygon","coordinates":[[[-42.9211,-2.59598],[-42.91983,-2.5927],[-42.86386,-2.62719],[-42.8546,-2.7137],[-42.86083,-2.72622],[-42.87684,-2.73448],[-42.88811,-2.72844],[-42.91902,-2.69374],[-42.9211,-2.59598]]]}},{"type":"Feature","properties":{"id":179,"n":"Povoado Bosque","mn":"Barreirinhas","mi":2101707,"nl":1,"ap":348,"cp":289,"lx":-42.7154,"ly":-2.74004},"geometry":{"type":"Polygon","coordinates":[[[-42.76853,-2.74811],[-42.75827,-2.71471],[-42.67429,-2.68292],[-42.65888,-2.6868],[-42.68296,-2.77235],[-42.68639,-2.77386],[-42.74231,-2.78517],[-42.76853,-2.74811]]]}},{"type":"Feature","properties":{"id":180,"n":"Povoado Mangas","mn":"Barreirinhas","mi":2101707,"nl":1,"ap":323,"cp":269,"lx":-43.09193,"ly":-2.96549},"geometry":{"type":"Polygon","coordinates":[[[-43.12702,-2.95702],[-43.12702,-2.95702],[-43.04656,-2.91848],[-43.0461,-2.93089],[-43.08764,-3.00419],[-43.09074,-3.00501],[-43.12702,-2.95702]]]}},{"type":"Feature","properties":{"id":181,"n":"Povoado São Miguel","mn":"Barreirinhas","mi":2101707,"nl":1,"ap":152,"cp":136,"lx":-42.99043,"ly":-2.88312},"geometry":{"type":"Polygon","coordinates":[[[-43.01136,-2.84817],[-42.99303,-2.84261],[-42.97492,-2.87915],[-42.97363,-2.89243],[-42.98417,-2.89863],[-43.00342,-2.90228],[-43.01136,-2.84817]]]}},{"type":"Feature","properties":{"id":182,"n":"Povoado Olho D'agua dos Neca","mn":"Barreirinhas","mi":2101707,"nl":1,"ap":203,"cp":180,"lx":-42.88593,"ly":-2.93985},"geometry":{"type":"Polygon","coordinates":[[[-42.93953,-2.9023],[-42.86589,-2.93225],[-42.88099,-2.96275],[-42.93522,-2.91886],[-42.93953,-2.9023]]]}},{"type":"Feature","properties":{"id":183,"n":"Povoado Ponta do Mangue","mn":"Barreirinhas","mi":2101707,"nl":1,"ap":161,"cp":141,"lx":-42.8515,"ly":-2.58212},"geometry":{"type":"Polygon","coordinates":[[[-42.95328,-2.48035],[-42.9386,-2.4876],[-42.9328,-2.4902],[-42.9216,-2.4959],[-42.9186,-2.4973],[-42.915,-2.4994],[-42.9094,-2.5033],[-42.9013,-2.5072],[-42.8961,-2.51],[-42.8932,-2.5111],[-42.8907,-2.511],[-42.8877,-2.512],[-42.8855,-2.5134],[-42.8826,-2.5147],[-42.8808,-2.5161],[-42.8752,-2.5191],[-42.8681,-2.5234],[-42.8514,-2.5309],[-42.8485,-2.5326],[-42.8433,-2.5351],[-42.8368,-2.539],[-42.8328,-2.541],[-42.8287,-2.5434],[-42.8253,-2.5447],[-42.8185,-2.5461],[-42.8164,-2.5462],[-42.8154,-2.547],[-42.81169,-2.5481],[-42.8072,-2.5482],[-42.8033,-2.5475],[-42.8002,-2.5474],[-42.7905,-2.5479],[-42.7837,-2.548],[-42.7804,-2.5478],[-42.77555,-2.54794],[-42.77534,-2.6146],[-42.85562,-2.62965],[-42.86386,-2.62719],[-42.91983,-2.5927],[-42.95328,-2.48035]]]}},{"type":"Feature","properties":{"id":184,"n":"Povoado Santo Inacio","mn":"Barreirinhas","mi":2101707,"nl":1,"ap":304,"cp":249,"lx":-42.75634,"ly":-2.59433},"geometry":{"type":"Polygon","coordinates":[[[-42.77555,-2.54794],[-42.7735,-2.548],[-42.77085,-2.54713],[-42.73523,-2.58947],[-42.7448,-2.62678],[-42.77534,-2.6146],[-42.77555,-2.54794]]]}},{"type":"Feature","properties":{"id":185,"n":"Povoado Baixão dos Julios","mn":"Barreirinhas","mi":2101707,"nl":1,"ap":338,"cp":303,"lx":-42.93582,"ly":-2.84294},"geometry":{"type":"Polygon","coordinates":[[[-42.95319,-2.83372],[-42.94611,-2.82903],[-42.92662,-2.82928],[-42.92097,-2.84102],[-42.92816,-2.87036],[-42.93671,-2.88346],[-42.95319,-2.83372]]]}},{"type":"Feature","properties":{"id":186,"n":"Povoado Buriti","mn":"Barreirinhas","mi":2101707,"nl":1,"ap":168,"cp":140,"lx":-43.1379,"ly":-2.99231},"geometry":{"type":"Polygon","coordinates":[[[-43.17921,-2.99888],[-43.14279,-2.94834],[-43.12702,-2.95702],[-43.09074,-3.00501],[-43.16037,-3.03362],[-43.1613,-3.0328],[-43.1642,-3.0288],[-43.1644,-3.0221],[-43.165,-3.0192],[-43.1662,-3.0178],[-43.166,-3.01679],[-43.16859,-3.00375],[-43.1763,-3.0086],[-43.17921,-2.99888]]]}},{"type":"Feature","properties":{"id":187,"n":"Povoado Palmeira dos Bentos","mn":"Barreirinhas","mi":2101707,"nl":1,"ap":325,"cp":250,"lx":-42.90014,"ly":-3.05801},"geometry":{"type":"Polygon","coordinates":[[[-42.94324,-3.05018],[-42.9369,-3.03468],[-42.92495,-3.01862],[-42.9153,-3.0104],[-42.85559,-3.04133],[-42.83561,-3.08907],[-42.83845,-3.10419],[-42.85137,-3.10676],[-42.92464,-3.08827],[-42.94324,-3.05018]]]}},{"type":"Feature","properties":{"id":188,"n":"Povoado Cedro","mn":"Barreirinhas","mi":2101707,"nl":1,"ap":134,"cp":109,"lx":-42.83625,"ly":-2.69116},"geometry":{"type":"Polygon","coordinates":[[[-42.86386,-2.62719],[-42.85562,-2.62965],[-42.81936,-2.66816],[-42.81264,-2.70617],[-42.82434,-2.71637],[-42.8546,-2.7137],[-42.86386,-2.62719]]]}},{"type":"Feature","properties":{"id":189,"n":"Povoado Andiroba","mn":"Barreirinhas","mi":2101707,"nl":1,"ap":313,"cp":288,"lx":-42.89732,"ly":-2.83822},"geometry":{"type":"Polygon","coordinates":[[[-42.90965,-2.84247],[-42.89786,-2.825],[-42.88158,-2.84414],[-42.87615,-2.85369],[-42.90965,-2.84247]]]}},{"type":"Feature","properties":{"id":190,"n":"Povoado São José dos Sacos","mn":"Barreirinhas","mi":2101707,"nl":1,"ap":288,"cp":240,"lx":-43.03049,"ly":-2.7654},"geometry":{"type":"Polygon","coordinates":[[[-43.055,-2.7496],[-43.05489,-2.74957],[-43.0544,-2.7476],[-43.0548,-2.7456],[-43.05341,-2.74382],[-43.0535,-2.74357],[-43.00154,-2.74327],[-43.00138,-2.75817],[-43.02717,-2.80529],[-43.04642,-2.81043],[-43.055,-2.7496]]]}},{"type":"Feature","properties":{"id":191,"n":"Povoado Guaribinha","mn":"Barreirinhas","mi":2101707,"nl":1,"ap":180,"cp":141,"lx":-43.08174,"ly":-3.07383},"geometry":{"type":"Polygon","coordinates":[[[-43.10436,-3.05427],[-43.09194,-3.03481],[-43.05982,-3.07451],[-43.06431,-3.08453],[-43.09294,-3.09645],[-43.09343,-3.09632],[-43.10436,-3.05427]]]}},{"type":"Feature","properties":{"id":192,"n":"Povoado Pacas","mn":"Barreirinhas","mi":2101707,"nl":1,"ap":105,"cp":98,"lx":-43.02502,"ly":-2.93153},"geometry":{"type":"Polygon","coordinates":[[[-43.04656,-2.91848],[-43.04568,-2.91666],[-43.01461,-2.90677],[-43.01248,-2.90665],[-42.99301,-2.96724],[-43.01689,-2.98807],[-43.02298,-2.99115],[-43.0461,-2.93089],[-43.04656,-2.91848]]]}},{"type":"Feature","properties":{"id":193,"n":"Povoado Fome","mn":"Barreirinhas","mi":2101707,"nl":1,"ap":128,"cp":110,"lx":-42.78165,"ly":-2.91705},"geometry":{"type":"Polygon","coordinates":[[[-42.82354,-2.90075],[-42.82038,-2.89757],[-42.72904,-2.88333],[-42.71806,-2.89097],[-42.72009,-2.8916],[-42.7209,-2.8931],[-42.7224,-2.8933],[-42.7236,-2.8947],[-42.72496,-2.89538],[-42.7238,-2.8964],[-42.7243,-2.8977],[-42.7259,-2.898],[-42.72829,-2.8979],[-42.7296,-2.8997],[-42.73151,-2.8994],[-42.7333,-2.9],[-42.73448,-2.90089],[-42.734,-2.9025],[-42.73589,-2.90301],[-42.7358,-2.9059],[-42.7381,-2.9067],[-42.7393,-2.9064],[-42.73823,-2.90351],[-42.7395,-2.9034],[-42.7417,-2.9042],[-42.7432,-2.9018],[-42.74418,-2.90141],[-42.7471,-2.9032],[-42.75,-2.90213],[-42.7503,-2.9054],[-42.75188,-2.90836],[-42.7512,-2.9086],[-42.7522,-2.9109],[-42.7527,-2.9131],[-42.7539,-2.91331],[-42.7552,-2.9154],[-42.7549,-2.9177],[-42.7532,-2.9187],[-42.7529,-2.9206],[-42.7533,-2.9218],[-42.755,-2.92281],[-42.7552,-2.9259],[-42.7564,-2.9278],[-42.7579,-2.9282],[-42.7596,-2.92941],[-42.7595,-2.9333],[-42.76119,-2.9362],[-42.7601,-2.9384],[-42.7609,-2.93891],[-42.7609,-2.94049],[-42.76,-2.9417],[-42.7613,-2.9447],[-42.7616,-2.9493],[-42.76429,-2.9521],[-42.7635,-2.954],[-42.7633,-2.9564],[-42.7643,-2.95821],[-42.7654,-2.9642],[-42.7655,-2.9659],[-42.76839,-2.96779],[-42.7683,-2.9693],[-42.76909,-2.97],[-42.76918,-2.97048],[-42.77614,-2.97052],[-42.82354,-2.90075]]]}},{"type":"Feature","properties":{"id":194,"n":"Povoado Cangote","mn":"Barreirinhas","mi":2101707,"nl":1,"ap":314,"cp":256,"lx":-42.83401,"ly":-2.95106},"geometry":{"type":"Polygon","coordinates":[[[-42.88132,-2.96436],[-42.88099,-2.96275],[-42.86589,-2.93225],[-42.85144,-2.91056],[-42.84286,-2.90307],[-42.82354,-2.90075],[-42.77614,-2.97052],[-42.80114,-2.99687],[-42.832,-2.99608],[-42.88132,-2.96436]]]}},{"type":"Feature","properties":{"id":195,"n":"Povoado Passagem do Gado","mn":"Barreirinhas","mi":2101707,"nl":1,"ap":159,"cp":142,"lx":-42.96026,"ly":-3.1429},"geometry":{"type":"Polygon","coordinates":[[[-43.01322,-3.14133],[-43.00742,-3.12568],[-42.94401,-3.12476],[-42.93797,-3.1712],[-43.01322,-3.14133]]]}},{"type":"Feature","properties":{"id":196,"n":"Povoado Centro Novo","mn":"Barreirinhas","mi":2101707,"nl":1,"ap":226,"cp":177,"lx":-42.74145,"ly":-2.81693},"geometry":{"type":"Polygon","coordinates":[[[-42.77791,-2.81398],[-42.74231,-2.78517],[-42.68639,-2.77386],[-42.7377,-2.85869],[-42.77791,-2.81398]]]}},{"type":"Feature","properties":{"id":197,"n":"Povoado Fura Braço","mn":"Barreirinhas","mi":2101707,"nl":1,"ap":178,"cp":148,"lx":-42.90582,"ly":-2.79452},"geometry":{"type":"Polygon","coordinates":[[[-42.92975,-2.78291],[-42.92438,-2.77731],[-42.91341,-2.77255],[-42.89744,-2.77446],[-42.88732,-2.78944],[-42.88622,-2.8038],[-42.88774,-2.80529],[-42.90264,-2.81451],[-42.91792,-2.81447],[-42.92975,-2.78291]]]}},{"type":"Feature","properties":{"id":198,"n":"Povoado Jurubeba","mn":"Barreirinhas","mi":2101707,"nl":1,"ap":229,"cp":166,"lx":-43.02513,"ly":-3.12156},"geometry":{"type":"Polygon","coordinates":[[[-43.06494,-3.12528],[-43.04693,-3.10667],[-43.01662,-3.10789],[-43.01288,-3.11178],[-43.00742,-3.12568],[-43.01322,-3.14133],[-43.04107,-3.13031],[-43.0422,-3.1327],[-43.0422,-3.1345],[-43.043,-3.1359],[-43.0428,-3.1374],[-43.06494,-3.12528]]]}},{"type":"Feature","properties":{"id":199,"n":"Povoado Santa Rita","mn":"Barreirinhas","mi":2101707,"nl":1,"ap":178,"cp":154,"lx":-42.87502,"ly":-2.77249},"geometry":{"type":"Polygon","coordinates":[[[-42.89744,-2.77446],[-42.87681,-2.75444],[-42.85605,-2.76823],[-42.8573,-2.78209],[-42.85915,-2.78365],[-42.88732,-2.78944],[-42.89744,-2.77446]]]}},{"type":"Feature","properties":{"id":200,"n":"Povoado Sucuruju","mn":"Barreirinhas","mi":2101707,"nl":1,"ap":90,"cp":74,"lx":-42.79323,"ly":-2.64591},"geometry":{"type":"Polygon","coordinates":[[[-42.85562,-2.62965],[-42.77534,-2.6146],[-42.7448,-2.62678],[-42.73047,-2.64182],[-42.72566,-2.64752],[-42.7909,-2.67487],[-42.81936,-2.66816],[-42.85562,-2.62965]]]}},{"type":"Feature","properties":{"id":201,"n":"Povoado Cachoeira","mn":"Barreirinhas","mi":2101707,"nl":1,"ap":161,"cp":126,"lx":-42.76651,"ly":-3.04855},"geometry":{"type":"Polygon","coordinates":[[[-42.78572,-3.04247],[-42.75726,-3.03549],[-42.7564,-3.0364],[-42.7558,-3.0375],[-42.755,-3.0408],[-42.7553,-3.0422],[-42.7546,-3.0477],[-42.75619,-3.0495],[-42.7555,-3.0525],[-42.75719,-3.0532],[-42.7576,-3.05399],[-42.7575,-3.0558],[-42.7598,-3.0628],[-42.7604,-3.067],[-42.76159,-3.06873],[-42.78572,-3.04247]]]}},{"type":"Feature","properties":{"id":202,"n":"Povoado Baixão dos Romoaldos","mn":"Barreirinhas","mi":2101707,"nl":1,"ap":207,"cp":188,"lx":-42.97844,"ly":-2.84556},"geometry":{"type":"Polygon","coordinates":[[[-42.99303,-2.84261],[-42.98863,-2.83413],[-42.96678,-2.83282],[-42.96338,-2.83476],[-42.97492,-2.87915],[-42.99303,-2.84261]]]}},{"type":"Feature","properties":{"id":203,"n":"Povoado Santa Rosa","mn":"Barreirinhas","mi":2101707,"nl":1,"ap":270,"cp":234,"lx":-43.03917,"ly":-3.09233},"geometry":{"type":"Polygon","coordinates":[[[-43.06431,-3.08453],[-43.05982,-3.07451],[-43.0488,-3.06958],[-43.02012,-3.08656],[-43.01662,-3.10789],[-43.04693,-3.10667],[-43.06431,-3.08453]]]}},{"type":"Feature","properties":{"id":204,"n":"Povoado Jacu","mn":"Barreirinhas","mi":2101707,"nl":1,"ap":315,"cp":265,"lx":-42.9579,"ly":-2.99982},"geometry":{"type":"Polygon","coordinates":[[[-42.98608,-2.96732],[-42.97334,-2.96376],[-42.92495,-3.01862],[-42.9369,-3.03468],[-42.96806,-3.00722],[-42.98608,-2.96732]]]}},{"type":"Feature","properties":{"id":205,"n":"Povoado Cajazal","mn":"Barreirinhas","mi":2101707,"nl":1,"ap":176,"cp":163,"lx":-42.8931,"ly":-2.81749},"geometry":{"type":"Polygon","coordinates":[[[-42.90264,-2.81451],[-42.88774,-2.80529],[-42.88158,-2.84414],[-42.89786,-2.825],[-42.90264,-2.81451]]]}},{"type":"Feature","properties":{"id":206,"n":"Povoado Cancela","mn":"Barreirinhas","mi":2101707,"nl":1,"ap":89,"cp":67,"lx":-42.9595,"ly":-3.09884},"geometry":{"type":"Polygon","coordinates":[[[-43.01288,-3.11178],[-42.94383,-3.05024],[-42.94324,-3.05018],[-42.92464,-3.08827],[-42.94401,-3.12476],[-43.00742,-3.12568],[-43.01288,-3.11178]]]}},{"type":"Feature","properties":{"id":207,"n":"Amapá","mn":"Barreirinhas","mi":2101707,"nl":1,"ap":794,"cp":655,"lx":-42.84263,"ly":-2.76081},"geometry":{"type":"Polygon","coordinates":[[[-42.85317,-2.76692],[-42.85317,-2.76692],[-42.84317,-2.74764],[-42.84263,-2.74801],[-42.83389,-2.75741],[-42.83908,-2.76894],[-42.85317,-2.76692]]]}},{"type":"Feature","properties":{"id":208,"n":"Residencial Brasil","mn":"Barreirinhas","mi":2101707,"nl":1,"ap":1022,"cp":830,"lx":-42.80467,"ly":-2.75486},"geometry":{"type":"Polygon","coordinates":[[[-42.81554,-2.74054],[-42.80789,-2.74088],[-42.7931,-2.7603],[-42.79891,-2.77064],[-42.80197,-2.76763],[-42.81212,-2.75509],[-42.81554,-2.74054]]]}},{"type":"Feature","properties":{"id":209,"n":"Aeroporto","mn":"Barreirinhas","mi":2101707,"nl":1,"ap":1186,"cp":937,"lx":-42.81357,"ly":-2.75862},"geometry":{"type":"Polygon","coordinates":[[[-42.8218,-2.75879],[-42.82173,-2.75758],[-42.81964,-2.75534],[-42.81212,-2.75509],[-42.80197,-2.76763],[-42.8218,-2.75879]]]}},{"type":"Feature","properties":{"id":210,"n":"Cidade Nova","mn":"Barreirinhas","mi":2101707,"nl":1,"ap":2205,"cp":1771,"lx":-42.8342,"ly":-2.78442},"geometry":{"type":"Polygon","coordinates":[[[-42.8573,-2.78209],[-42.85605,-2.76823],[-42.85317,-2.76692],[-42.83908,-2.76894],[-42.82672,-2.77531],[-42.80323,-2.80414],[-42.80183,-2.81172],[-42.81611,-2.81146],[-42.8573,-2.78209]]]}},{"type":"Feature","properties":{"id":211,"n":"Povoado Massangano II","mn":"Barreirinhas","mi":2101707,"nl":1,"ap":191,"cp":166,"lx":-42.89768,"ly":-2.75587},"geometry":{"type":"Polygon","coordinates":[[[-42.91341,-2.77255],[-42.91259,-2.75128],[-42.88811,-2.72844],[-42.87684,-2.73448],[-42.87681,-2.75444],[-42.89744,-2.77446],[-42.91341,-2.77255]]]}},{"type":"Feature","properties":{"id":212,"n":"Povoado Mata","mn":"Barreirinhas","mi":2101707,"nl":1,"ap":134,"cp":111,"lx":-42.72209,"ly":-2.85954},"geometry":{"type":"Polygon","coordinates":[[[-42.7377,-2.85869],[-42.68639,-2.77386],[-42.68296,-2.77236],[-42.6904,-2.7997],[-42.7109,-2.8707],[-42.7119,-2.8727],[-42.713,-2.8768],[-42.7153,-2.87901],[-42.7158,-2.8824],[-42.7152,-2.8836],[-42.71649,-2.88608],[-42.7152,-2.8868],[-42.7156,-2.8889],[-42.71806,-2.89097],[-42.72904,-2.88333],[-42.7377,-2.85869]]]}},{"type":"Feature","properties":{"id":213,"n":"Santarém","mn":"Barreirinhas","mi":2101707,"nl":1,"ap":796,"cp":642,"lx":-42.81129,"ly":-2.77612},"geometry":{"type":"Polygon","coordinates":[[[-42.82671,-2.77531],[-42.82593,-2.76435],[-42.8218,-2.75879],[-42.80197,-2.76763],[-42.79891,-2.77064],[-42.80323,-2.80414],[-42.82671,-2.77531]]]}},{"type":"Feature","properties":{"id":214,"n":"Povoado Bacuri","mn":"Barreirinhas","mi":2101707,"nl":1,"ap":160,"cp":145,"lx":-42.86163,"ly":-2.82177},"geometry":{"type":"Polygon","coordinates":[[[-42.87603,-2.80838],[-42.86365,-2.80707],[-42.84252,-2.81875],[-42.86877,-2.84612],[-42.87603,-2.80838]]]}},{"type":"Feature","properties":{"id":215,"n":"Povoado Maracujá","mn":"Barreirinhas","mi":2101707,"nl":1,"ap":150,"cp":120,"lx":-42.94392,"ly":-2.95128},"geometry":{"type":"Polygon","coordinates":[[[-42.9603,-2.95129],[-42.94343,-2.93958],[-42.8964,-2.97837],[-42.90511,-2.9895],[-42.9603,-2.95129]]]}},{"type":"Feature","properties":{"id":216,"n":"Povoado Formigas","mn":"Barreirinhas","mi":2101707,"nl":1,"ap":123,"cp":108,"lx":-42.92321,"ly":-2.87665},"geometry":{"type":"Polygon","coordinates":[[[-42.93741,-2.88555],[-42.93671,-2.88346],[-42.92816,-2.87036],[-42.87615,-2.85369],[-42.87337,-2.85492],[-42.86939,-2.86336],[-42.9287,-2.88672],[-42.93741,-2.88555]]]}},{"type":"Feature","properties":{"id":217,"n":"Povoado Ponta do Buriti","mn":"Barreirinhas","mi":2101707,"nl":1,"ap":153,"cp":144,"lx":-42.83924,"ly":-2.85668},"geometry":{"type":"Polygon","coordinates":[[[-42.87337,-2.85492],[-42.86877,-2.84612],[-42.84252,-2.81875],[-42.81611,-2.81146],[-42.80183,-2.81172],[-42.79869,-2.81447],[-42.82038,-2.89756],[-42.82354,-2.90075],[-42.84286,-2.90307],[-42.86939,-2.86336],[-42.87337,-2.85492]]]}},{"type":"Feature","properties":{"id":218,"n":"Povoado Axixá","mn":"Barreirinhas","mi":2101707,"nl":1,"ap":147,"cp":133,"lx":-42.87633,"ly":-2.88475},"geometry":{"type":"Polygon","coordinates":[[[-42.9287,-2.88672],[-42.86939,-2.86336],[-42.84286,-2.90307],[-42.85144,-2.91056],[-42.9287,-2.88672]]]}},{"type":"Feature","properties":{"id":219,"n":"Povoado Bartolomeu","mn":"Barreirinhas","mi":2101707,"nl":1,"ap":81,"cp":74,"lx":-43.07364,"ly":-2.91236},"geometry":{"type":"Polygon","coordinates":[[[-43.14569,-2.94224],[-43.1443,-2.9415],[-43.1436,-2.9406],[-43.14189,-2.94079],[-43.1403,-2.9395],[-43.139,-2.9377],[-43.1373,-2.9373],[-43.1363,-2.9364],[-43.13481,-2.93649],[-43.1345,-2.9341],[-43.1308,-2.9318],[-43.1298,-2.9302],[-43.1282,-2.93],[-43.12571,-2.9285],[-43.124,-2.9258],[-43.1226,-2.9251],[-43.1208,-2.9251],[-43.1179,-2.9232],[-43.1162,-2.923],[-43.1139,-2.922],[-43.1129,-2.921],[-43.11049,-2.9208],[-43.1088,-2.92],[-43.1059,-2.9178],[-43.1044,-2.9177],[-43.1032,-2.9169],[-43.09929,-2.91599],[-43.0976,-2.9146],[-43.0965,-2.9114],[-43.09431,-2.90941],[-43.0947,-2.9083],[-43.0929,-2.9064],[-43.0929,-2.9051],[-43.0903,-2.9037],[-43.0876,-2.9011],[-43.0865,-2.9006],[-43.0838,-2.8967],[-43.0821,-2.89679],[-43.0815,-2.8955],[-43.0798,-2.8941],[-43.0788,-2.8928],[-43.078,-2.89],[-43.0755,-2.8878],[-43.07381,-2.88688],[-43.04568,-2.91666],[-43.04657,-2.91849],[-43.12702,-2.95702],[-43.14279,-2.94834],[-43.14569,-2.94224]]]}},{"type":"Feature","properties":{"id":220,"n":"Povoado São José dos Viúvos","mn":"Barreirinhas","mi":2101707,"nl":1,"ap":228,"cp":197,"lx":-42.99283,"ly":-2.98379},"geometry":{"type":"Polygon","coordinates":[[[-43.01689,-2.98807],[-42.99301,-2.96724],[-42.98608,-2.96732],[-42.96806,-3.00722],[-43.01689,-2.98807]]]}},{"type":"Feature","properties":{"id":221,"n":"Povoado Anibal","mn":"Barreirinhas","mi":2101707,"nl":1,"ap":66,"cp":55,"lx":-42.97096,"ly":-2.78165},"geometry":{"type":"Polygon","coordinates":[[[-43.00154,-2.74327],[-42.99956,-2.74158],[-42.98405,-2.7433],[-42.94269,-2.78476],[-42.9531,-2.79542],[-42.97385,-2.80073],[-42.98251,-2.79823],[-43.00138,-2.75817],[-43.00154,-2.74327]]]}},{"type":"Feature","properties":{"id":222,"n":"Boa Fé","mn":"Barreirinhas","mi":2101707,"nl":1,"ap":357,"cp":300,"lx":-42.83168,"ly":-2.76626},"geometry":{"type":"Polygon","coordinates":[[[-42.83908,-2.76894],[-42.83389,-2.75741],[-42.83261,-2.75725],[-42.82701,-2.76235],[-42.82593,-2.76435],[-42.82671,-2.77531],[-42.83908,-2.76894]]]}},{"type":"Feature","properties":{"id":223,"n":"Povoado Arraial","mn":"Barreirinhas","mi":2101707,"nl":1,"ap":75,"cp":64,"lx":-43.02261,"ly":-2.85688},"geometry":{"type":"Polygon","coordinates":[[[-43.04121,-2.8442],[-43.01731,-2.84464],[-43.01136,-2.84817],[-43.00342,-2.90228],[-43.01248,-2.90665],[-43.01461,-2.90677],[-43.04121,-2.8442]]]}},{"type":"Feature","properties":{"id":224,"n":"Povoado Croas","mn":"Barreirinhas","mi":2101707,"nl":1,"ap":81,"cp":71,"lx":-43.00185,"ly":-2.83316},"geometry":{"type":"Polygon","coordinates":[[[-43.01731,-2.84464],[-43.00835,-2.81552],[-42.99846,-2.81584],[-42.98863,-2.83413],[-42.99303,-2.84261],[-43.01136,-2.84817],[-43.01731,-2.84464]]]}},{"type":"Feature","properties":{"id":225,"n":"Povoado Marcelino","mn":"Barreirinhas","mi":2101707,"nl":1,"ap":109,"cp":101,"lx":-42.87283,"ly":-2.79737},"geometry":{"type":"Polygon","coordinates":[[[-42.88732,-2.78944],[-42.85915,-2.78365],[-42.86365,-2.80707],[-42.87603,-2.80838],[-42.88622,-2.8038],[-42.88732,-2.78944]]]}},{"type":"Feature","properties":{"id":226,"n":"Povoado Piquizeiro","mn":"Barreirinhas","mi":2101707,"nl":1,"ap":79,"cp":73,"lx":-43.02377,"ly":-3.04752},"geometry":{"type":"Polygon","coordinates":[[[-43.0431,-3.05592],[-43.04307,-3.05211],[-43.02636,-3.02818],[-42.99869,-3.05141],[-43.01031,-3.06458],[-43.0431,-3.05592]]]}},{"type":"Feature","properties":{"id":227,"n":"Centro","mn":"Buriticupu","mi":2102325,"nl":5,"ap":9463,"cp":7413,"lx":-46.47785,"ly":-4.33246},"geometry":{"type":"Polygon","coordinates":[[[-46.50546,-4.37853],[-46.505,-4.3765],[-46.5037,-4.3753],[-46.5028,-4.3737],[-46.5006,-4.37289],[-46.5002,-4.3693],[-46.4977,-4.3647],[-46.4952,-4.357],[-46.494,-4.355],[-46.4937,-4.3529],[-46.494,-4.3493],[-46.4952,-4.3467],[-46.49583,-4.3446],[-46.48497,-4.32553],[-46.47149,-4.31722],[-46.46866,-4.31619],[-46.46297,-4.31597],[-46.44452,-4.30568],[-46.44568,-4.30731],[-46.45329,-4.32059],[-46.45704,-4.32245],[-46.50302,-4.37912],[-46.50546,-4.37853]]]}},{"type":"Feature","properties":{"id":228,"n":"P1 V3 Terceira Vicinal","mn":"Buriticupu","mi":2102325,"nl":1,"ap":656,"cp":514,"lx":-46.37195,"ly":-4.38134},"geometry":{"type":"Polygon","coordinates":[[[-46.41453,-4.41974],[-46.39244,-4.3658],[-46.35618,-4.35286],[-46.34478,-4.36912],[-46.35226,-4.39708],[-46.41453,-4.41974]]]}},{"type":"Feature","properties":{"id":229,"n":"P1 V4","mn":"Buriticupu","mi":2102325,"nl":1,"ap":350,"cp":297,"lx":-46.338,"ly":-4.3486},"geometry":{"type":"Polygon","coordinates":[[[-46.35852,-4.33516],[-46.31578,-4.32606],[-46.30272,-4.34385],[-46.30894,-4.35715],[-46.34478,-4.36912],[-46.35618,-4.35286],[-46.35852,-4.33516]]]}},{"type":"Feature","properties":{"id":230,"n":"2º Núcleo","mn":"Buriticupu","mi":2102325,"nl":1,"ap":2593,"cp":1963,"lx":-46.29273,"ly":-4.31729},"geometry":{"type":"Polygon","coordinates":[[[-46.31745,-4.3081],[-46.2922,-4.27623],[-46.2919,-4.2776],[-46.29199,-4.2788],[-46.2902,-4.2796],[-46.2892,-4.2808],[-46.2875,-4.2845],[-46.28681,-4.28549],[-46.2852,-4.2862],[-46.2831,-4.2883],[-46.281,-4.2916],[-46.2803,-4.2957],[-46.2792,-4.2977],[-46.2769,-4.2999],[-46.2713,-4.3031],[-46.2687,-4.3052],[-46.2646,-4.3077],[-46.25832,-4.32532],[-46.27073,-4.33747],[-46.30272,-4.34385],[-46.31578,-4.32606],[-46.31745,-4.3081]]]}},{"type":"Feature","properties":{"id":231,"n":"P1 V5","mn":"Buriticupu","mi":2102325,"nl":1,"ap":243,"cp":199,"lx":-46.28526,"ly":-4.36012},"geometry":{"type":"Polygon","coordinates":[[[-46.30894,-4.35715],[-46.30272,-4.34385],[-46.27073,-4.33747],[-46.25622,-4.40069],[-46.30348,-4.37163],[-46.30894,-4.35715]]]}},{"type":"Feature","properties":{"id":232,"n":"Sagrima","mn":"Buriticupu","mi":2102325,"nl":1,"ap":2079,"cp":1662,"lx":-46.42762,"ly":-4.3939},"geometry":{"type":"Polygon","coordinates":[[[-46.45723,-4.3977],[-46.40005,-4.31706],[-46.39982,-4.31716],[-46.39244,-4.3658],[-46.41453,-4.41974],[-46.42317,-4.42655],[-46.45723,-4.3977]]]}},{"type":"Feature","properties":{"id":233,"n":"Presa de Porco","mn":"Buriticupu","mi":2102325,"nl":1,"ap":1137,"cp":852,"lx":-46.27909,"ly":-4.06219},"geometry":{"type":"Polygon","coordinates":[[[-46.32935,-4.04475],[-46.328,-4.0443],[-46.3215,-4.0411],[-46.3197,-4.0404],[-46.3135,-4.0353],[-46.3119,-4.0329],[-46.307,-4.0285],[-46.3053,-4.0281],[-46.3024,-4.0269],[-46.2957,-4.022],[-46.2941,-4.0204],[-46.2893,-4.0166],[-46.2857,-4.0132],[-46.28326,-4.01051],[-46.22414,-4.06913],[-46.2247,-4.0701],[-46.227,-4.0718],[-46.2282,-4.07339],[-46.2287,-4.0773],[-46.2293,-4.0785],[-46.2319,-4.08041],[-46.233,-4.087],[-46.2345,-4.0883],[-46.2388,-4.08981],[-46.2395,-4.0907],[-46.2402,-4.0929],[-46.2444,-4.0978],[-46.2456,-4.0996],[-46.24601,-4.10112],[-46.29966,-4.09312],[-46.32935,-4.04475]]]}},{"type":"Feature","properties":{"id":234,"n":"Trilha 410","mn":"Buriticupu","mi":2102325,"nl":1,"ap":482,"cp":395,"lx":-46.29,"ly":-4.48219},"geometry":{"type":"Polygon","coordinates":[[[-46.37682,-4.48563],[-46.31693,-4.42011],[-46.22354,-4.46206],[-46.26895,-4.5374],[-46.28625,-4.53674],[-46.37682,-4.48563]]]}},{"type":"Feature","properties":{"id":235,"n":"Terra Bela","mn":"Buriticupu","mi":2102325,"nl":3,"ap":8817,"cp":6683,"lx":-46.46411,"ly":-4.29932},"geometry":{"type":"Polygon","coordinates":[[[-46.48497,-4.32553],[-46.47553,-4.27719],[-46.4753,-4.27699],[-46.47519,-4.27541],[-46.4749,-4.27393],[-46.47368,-4.27372],[-46.45655,-4.28605],[-46.44515,-4.2926],[-46.43598,-4.29657],[-46.44452,-4.30568],[-46.46298,-4.31597],[-46.46866,-4.31619],[-46.47149,-4.31722],[-46.48497,-4.32553]]]}},{"type":"Feature","properties":{"id":236,"n":"Centro dos Farias","mn":"Buriticupu","mi":2102325,"nl":1,"ap":280,"cp":214,"lx":-46.38709,"ly":-4.13342},"geometry":{"type":"Polygon","coordinates":[[[-46.43096,-4.12905],[-46.4267,-4.1276],[-46.4238,-4.1258],[-46.4233,-4.1247],[-46.417,-4.1215],[-46.411,-4.1179],[-46.4087,-4.1171],[-46.4009,-4.1127],[-46.3964,-4.1098],[-46.3919,-4.1065],[-46.3884,-4.1037],[-46.3853,-4.1016],[-46.3832,-4.0986],[-46.3814,-4.0951],[-46.38021,-4.09241],[-46.35237,-4.11788],[-46.36999,-4.15736],[-46.38559,-4.16583],[-46.38774,-4.16583],[-46.43096,-4.12905]]]}},{"type":"Feature","properties":{"id":237,"n":"P2 V3","mn":"Buriticupu","mi":2102325,"nl":1,"ap":189,"cp":164,"lx":-46.37855,"ly":-4.44032},"geometry":{"type":"Polygon","coordinates":[[[-46.42317,-4.42655],[-46.41453,-4.41974],[-46.35226,-4.39708],[-46.31934,-4.41677],[-46.31693,-4.42011],[-46.37682,-4.48563],[-46.38959,-4.48267],[-46.42269,-4.42983],[-46.42317,-4.42655]]]}},{"type":"Feature","properties":{"id":238,"n":"Pau Ferrado","mn":"Buriticupu","mi":2102325,"nl":1,"ap":111,"cp":84,"lx":-46.32285,"ly":-4.21182},"geometry":{"type":"Polygon","coordinates":[[[-46.35382,-4.24039],[-46.34008,-4.17892],[-46.28733,-4.2009],[-46.2879,-4.2032],[-46.2882,-4.2064],[-46.2879,-4.209],[-46.2868,-4.2104],[-46.2842,-4.213],[-46.2824,-4.2159],[-46.2821,-4.2176],[-46.2833,-4.222],[-46.2828,-4.2237],[-46.2829,-4.2253],[-46.2843,-4.2276],[-46.2865,-4.2289],[-46.28858,-4.23053],[-46.35382,-4.24039]]]}},{"type":"Feature","properties":{"id":239,"n":"Buritizinho","mn":"Buriticupu","mi":2102325,"nl":1,"ap":1234,"cp":977,"lx":-46.48594,"ly":-4.29113},"geometry":{"type":"MultiPolygon","coordinates":[[[[-46.47519,-4.27541],[-46.4751,-4.2742],[-46.47517,-4.27387],[-46.4749,-4.27393],[-46.47519,-4.27541]]],[[[-46.4985,-4.3387],[-46.4983,-4.3361],[-46.4954,-4.332],[-46.4916,-4.3273],[-46.4903,-4.3252],[-46.4891,-4.3218],[-46.4884,-4.3185],[-46.4886,-4.3156],[-46.4881,-4.3099],[-46.4884,-4.3079],[-46.4894,-4.3056],[-46.4933,-4.3032],[-46.4946,-4.3003],[-46.4946,-4.2991],[-46.4935,-4.2977],[-46.4932,-4.2951],[-46.4935,-4.2917],[-46.494,-4.2907],[-46.4939,-4.2881],[-46.4893,-4.284],[-46.4869,-4.2825],[-46.4844,-4.2825],[-46.4823,-4.2822],[-46.4801,-4.2795],[-46.4768,-4.2782],[-46.47553,-4.27719],[-46.48497,-4.32553],[-46.49583,-4.3446],[-46.4964,-4.3427],[-46.498,-4.3406],[-46.4985,-4.3387]]]]}},{"type":"Feature","properties":{"id":240,"n":"Vila São Francisco - Acampamento","mn":"Buriticupu","mi":2102325,"nl":1,"ap":547,"cp":462,"lx":-46.43668,"ly":-4.27378},"geometry":{"type":"Polygon","coordinates":[[[-46.47368,-4.27372],[-46.45169,-4.24216],[-46.40742,-4.26651],[-46.41625,-4.29957],[-46.43598,-4.29657],[-46.44515,-4.2926],[-46.45655,-4.28604],[-46.47368,-4.27372]]]}},{"type":"Feature","properties":{"id":241,"n":"Vila 07 de Maio - Brejinho - Cikel","mn":"Buriticupu","mi":2102325,"nl":1,"ap":371,"cp":282,"lx":-46.45926,"ly":-4.58018},"geometry":{"type":"Polygon","coordinates":[[[-46.496,-4.5642],[-46.4958,-4.5597],[-46.4943,-4.5563],[-46.4931,-4.555],[-46.4892,-4.5541],[-46.4835,-4.5536],[-46.4819,-4.5529],[-46.4808,-4.5512],[-46.48108,-4.54733],[-46.43106,-4.54487],[-46.41891,-4.56267],[-46.44518,-4.64221],[-46.48786,-4.62676],[-46.4897,-4.6204],[-46.4906,-4.6164],[-46.4908,-4.6119],[-46.4902,-4.6074],[-46.4902,-4.6033],[-46.4891,-4.5976],[-46.4895,-4.5963],[-46.4917,-4.5939],[-46.4922,-4.5919],[-46.4922,-4.5903],[-46.4913,-4.58759],[-46.4918,-4.5853],[-46.4929,-4.5823],[-46.4932,-4.5807],[-46.4924,-4.5781],[-46.4923,-4.5749],[-46.4928,-4.5726],[-46.4943,-4.5695],[-46.496,-4.5642]]]}},{"type":"Feature","properties":{"id":242,"n":"Vila 11 de Junho Sede Cikel","mn":"Buriticupu","mi":2102325,"nl":1,"ap":357,"cp":276,"lx":-46.46111,"ly":-4.67478},"geometry":{"type":"Polygon","coordinates":[[[-46.493,-4.6731],[-46.4928,-4.6697],[-46.4922,-4.6672],[-46.4907,-4.6655],[-46.4865,-4.6627],[-46.4844,-4.6608],[-46.4826,-4.6586],[-46.47671,-4.65331],[-46.47611,-4.65072],[-46.4787,-4.6489],[-46.4795,-4.6464],[-46.4796,-4.64161],[-46.4812,-4.6406],[-46.4841,-4.6371],[-46.4859,-4.6323],[-46.4868,-4.6304],[-46.48786,-4.62676],[-46.44518,-4.64221],[-46.42075,-4.66478],[-46.44547,-4.69754],[-46.48058,-4.71062],[-46.4798,-4.7092],[-46.4795,-4.7062],[-46.481,-4.7002],[-46.4809,-4.69241],[-46.48141,-4.6919],[-46.4845,-4.6916],[-46.4865,-4.6899],[-46.4876,-4.6882],[-46.4885,-4.6837],[-46.4908,-4.6816],[-46.4912,-4.6787],[-46.493,-4.6731]]]}},{"type":"Feature","properties":{"id":243,"n":"Colégio Agrícola","mn":"Buriticupu","mi":2102325,"nl":2,"ap":4459,"cp":3382,"lx":-46.48589,"ly":-4.3737},"geometry":{"type":"Polygon","coordinates":[[[-46.50302,-4.37912],[-46.45704,-4.32244],[-46.45329,-4.32059],[-46.44889,-4.32727],[-46.48118,-4.38576],[-46.50302,-4.37912]]]}},{"type":"Feature","properties":{"id":244,"n":"Vila União","mn":"Buriticupu","mi":2102325,"nl":1,"ap":521,"cp":382,"lx":-46.3385,"ly":-4.08189},"geometry":{"type":"Polygon","coordinates":[[[-46.38021,-4.09241],[-46.3795,-4.0908],[-46.3796,-4.089],[-46.3777,-4.0845],[-46.3745,-4.0786],[-46.373,-4.0773],[-46.368,-4.0714],[-46.3653,-4.0691],[-46.3637,-4.0669],[-46.3622,-4.0655],[-46.3571,-4.0627],[-46.3554,-4.061],[-46.3508,-4.058],[-46.3479,-4.0555],[-46.3459,-4.0532],[-46.3422,-4.0501],[-46.3393,-4.0488],[-46.3358,-4.0464],[-46.3331,-4.0455],[-46.3301,-4.045],[-46.32935,-4.04475],[-46.29966,-4.09312],[-46.35237,-4.11788],[-46.38021,-4.09241]]]}},{"type":"Feature","properties":{"id":245,"n":"Santa Maria","mn":"Buriticupu","mi":2102325,"nl":1,"ap":200,"cp":143,"lx":-46.36265,"ly":-4.1875},"geometry":{"type":"Polygon","coordinates":[[[-46.38559,-4.16583],[-46.36999,-4.15736],[-46.34008,-4.17892],[-46.35382,-4.24039],[-46.36825,-4.24634],[-46.37563,-4.244],[-46.38559,-4.16583]]]}},{"type":"Feature","properties":{"id":246,"n":"Trilha 405","mn":"Buriticupu","mi":2102325,"nl":1,"ap":146,"cp":110,"lx":-46.29073,"ly":-4.4066},"geometry":{"type":"Polygon","coordinates":[[[-46.31934,-4.41678],[-46.30348,-4.37163],[-46.25622,-4.40069],[-46.23193,-4.43873],[-46.2322,-4.4415],[-46.23289,-4.44531],[-46.22264,-4.46132],[-46.22354,-4.46206],[-46.31693,-4.42011],[-46.31934,-4.41678]]]}},{"type":"Feature","properties":{"id":247,"n":"Vila Boa Esperanca P. a Tabocao","mn":"Buriticupu","mi":2102325,"nl":1,"ap":190,"cp":149,"lx":-46.37052,"ly":-4.65141},"geometry":{"type":"Polygon","coordinates":[[[-46.41212,-4.66483],[-46.37448,-4.61295],[-46.31065,-4.66987],[-46.39337,-4.67993],[-46.41212,-4.66483]]]}},{"type":"Feature","properties":{"id":248,"n":"Vila Bom Jesus - Cikel","mn":"Buriticupu","mi":2102325,"nl":1,"ap":157,"cp":123,"lx":-46.40381,"ly":-4.60598},"geometry":{"type":"Polygon","coordinates":[[[-46.44518,-4.64221],[-46.41891,-4.56267],[-46.3706,-4.59293],[-46.37141,-4.60035],[-46.37448,-4.61295],[-46.41212,-4.66483],[-46.42075,-4.66478],[-46.44518,-4.64221]]]}},{"type":"Feature","properties":{"id":249,"n":"Vila São João - Cikel","mn":"Buriticupu","mi":2102325,"nl":1,"ap":116,"cp":87,"lx":-46.44711,"ly":-4.80075},"geometry":{"type":"Polygon","coordinates":[[[-46.4866,-4.7211],[-46.4861,-4.7189],[-46.4835,-4.7148],[-46.481,-4.7114],[-46.48058,-4.71062],[-46.44547,-4.69754],[-46.39511,-4.85168],[-46.465,-4.851],[-46.4619,-4.84451],[-46.4623,-4.8424],[-46.46381,-4.8417],[-46.4671,-4.8419],[-46.471,-4.8427],[-46.4723,-4.8423],[-46.4727,-4.8409],[-46.4713,-4.8357],[-46.4706,-4.8323],[-46.4714,-4.8306],[-46.4739,-4.8285],[-46.4751,-4.8266],[-46.4749,-4.8246],[-46.4738,-4.822],[-46.47419,-4.82052],[-46.4808,-4.8182],[-46.4823,-4.8154],[-46.4844,-4.8088],[-46.4842,-4.804],[-46.4828,-4.797],[-46.4815,-4.7942],[-46.4792,-4.7907],[-46.4791,-4.789],[-46.4799,-4.7862],[-46.4797,-4.7846],[-46.478,-4.7818],[-46.4751,-4.7797],[-46.4715,-4.7774],[-46.4703,-4.7756],[-46.4668,-4.7682],[-46.4617,-4.76349],[-46.4606,-4.7616],[-46.4604,-4.75921],[-46.462,-4.7576],[-46.4663,-4.7539],[-46.468,-4.7496],[-46.4679,-4.7465],[-46.4672,-4.7428],[-46.4672,-4.7398],[-46.4679,-4.73741],[-46.4723,-4.7359],[-46.4736,-4.7346],[-46.47651,-4.72829],[-46.4782,-4.7267],[-46.4815,-4.7248],[-46.4841,-4.7238],[-46.4861,-4.7227],[-46.4866,-4.7211]]]}},{"type":"Feature","properties":{"id":250,"n":"California - Cikelândia - Cikel","mn":"Buriticupu","mi":2102325,"nl":1,"ap":77,"cp":61,"lx":-46.30363,"ly":-4.65546},"geometry":{"type":"Polygon","coordinates":[[[-46.37448,-4.61295],[-46.37141,-4.60035],[-46.21652,-4.6865],[-46.21618,-4.68798],[-46.31065,-4.66987],[-46.37448,-4.61295]]]}},{"type":"Feature","properties":{"id":251,"n":"Vila Fundão","mn":"Buriticupu","mi":2102325,"nl":1,"ap":311,"cp":250,"lx":-46.46507,"ly":-4.42875},"geometry":{"type":"Polygon","coordinates":[[[-46.5068,-4.4445],[-46.5057,-4.4427],[-46.5025,-4.4408],[-46.5006,-4.43949],[-46.5002,-4.4285],[-46.49481,-4.4286],[-46.4932,-4.4266],[-46.4928,-4.41791],[-46.4944,-4.414],[-46.4959,-4.4121],[-46.5003,-4.4102],[-46.5017,-4.4087],[-46.502,-4.406],[-46.5005,-4.4019],[-46.5004,-4.3988],[-46.5011,-4.3963],[-46.5012,-4.3924],[-46.5033,-4.3886],[-46.5035,-4.387],[-46.5048,-4.3851],[-46.5051,-4.3805],[-46.50546,-4.37853],[-46.50302,-4.37912],[-46.48118,-4.38576],[-46.47511,-4.38815],[-46.45723,-4.3977],[-46.42317,-4.42655],[-46.42269,-4.42983],[-46.49812,-4.49544],[-46.4982,-4.4945],[-46.4971,-4.4905],[-46.4974,-4.4859],[-46.4969,-4.4844],[-46.4949,-4.4819],[-46.4927,-4.4801],[-46.4912,-4.4783],[-46.4907,-4.477],[-46.4909,-4.474],[-46.4926,-4.4709],[-46.4951,-4.4682],[-46.4979,-4.4661],[-46.5002,-4.4651],[-46.5003,-4.45092],[-46.5021,-4.4503],[-46.506,-4.4467],[-46.5068,-4.4445]]]}},{"type":"Feature","properties":{"id":252,"n":"Vila Casa Azul P a Terra Bela","mn":"Buriticupu","mi":2102325,"nl":1,"ap":82,"cp":70,"lx":-46.45845,"ly":-4.20104},"geometry":{"type":"Polygon","coordinates":[[[-46.4809,-4.195],[-46.4791,-4.1921],[-46.477,-4.1904],[-46.4713,-4.1875],[-46.46761,-4.18391],[-46.4667,-4.182],[-46.4646,-4.1794],[-46.46002,-4.17443],[-46.43492,-4.19368],[-46.43774,-4.20525],[-46.45323,-4.22457],[-46.47848,-4.21975],[-46.478,-4.2189],[-46.4776,-4.21709],[-46.478,-4.2156],[-46.4794,-4.2147],[-46.4803,-4.2135],[-46.4803,-4.2113],[-46.4783,-4.2092],[-46.4771,-4.20711],[-46.477,-4.204],[-46.4785,-4.1998],[-46.4799,-4.1964],[-46.4809,-4.195]]]}},{"type":"Feature","properties":{"id":253,"n":"Vila 21 de Maio","mn":"Buriticupu","mi":2102325,"nl":1,"ap":485,"cp":373,"lx":-46.34006,"ly":-4.25722},"geometry":{"type":"Polygon","coordinates":[[[-46.36825,-4.24634],[-46.35382,-4.24039],[-46.28858,-4.23053],[-46.2921,-4.2333],[-46.2947,-4.2371],[-46.2958,-4.2395],[-46.2984,-4.2425],[-46.2991,-4.2438],[-46.2994,-4.2477],[-46.2977,-4.2515],[-46.2965,-4.2605],[-46.2956,-4.2659],[-46.29539,-4.26819],[-46.35324,-4.27864],[-46.36825,-4.24634]]]}},{"type":"Feature","properties":{"id":254,"n":"Vila Cajueiro","mn":"Buriticupu","mi":2102325,"nl":1,"ap":215,"cp":191,"lx":-46.45254,"ly":-4.50726},"geometry":{"type":"Polygon","coordinates":[[[-46.49812,-4.49544],[-46.42269,-4.42983],[-46.38959,-4.48267],[-46.43106,-4.54487],[-46.48108,-4.54733],[-46.4815,-4.5449],[-46.4839,-4.541],[-46.4847,-4.5359],[-46.486,-4.53351],[-46.4904,-4.5299],[-46.4916,-4.5285],[-46.4917,-4.5263],[-46.4912,-4.5218],[-46.4918,-4.5181],[-46.4926,-4.5151],[-46.4934,-4.50771],[-46.4965,-4.5028],[-46.4968,-4.4993],[-46.49812,-4.49544]]]}},{"type":"Feature","properties":{"id":255,"n":"Vila São João","mn":"Buriticupu","mi":2102325,"nl":1,"ap":212,"cp":174,"lx":-46.32258,"ly":-4.28908},"geometry":{"type":"Polygon","coordinates":[[[-46.35344,-4.29412],[-46.35324,-4.27864],[-46.29539,-4.26819],[-46.2952,-4.2702],[-46.2934,-4.2723],[-46.2927,-4.2739],[-46.2922,-4.27623],[-46.31745,-4.3081],[-46.35344,-4.29412]]]}},{"type":"Feature","properties":{"id":256,"n":"Vila Fortaleza - Faiza","mn":"Buriticupu","mi":2102325,"nl":1,"ap":913,"cp":688,"lx":-46.20995,"ly":-4.56364},"geometry":{"type":"Polygon","coordinates":[[[-46.26895,-4.5374],[-46.22354,-4.46206],[-46.22264,-4.46132],[-46.2172,-4.4698],[-46.2031,-4.4716],[-46.1956,-4.5005],[-46.1946,-4.507],[-46.1932,-4.5117],[-46.1896,-4.517],[-46.1881,-4.5187],[-46.1752,-4.5372],[-46.1657,-4.5505],[-46.1591,-4.5605],[-46.1643,-4.5703],[-46.1673,-4.5775],[-46.1716,-4.5846],[-46.1736,-4.5913],[-46.1781,-4.6003],[-46.1835,-4.6047],[-46.2093,-4.6237],[-46.2231,-4.6233],[-46.228,-4.62351],[-46.2289,-4.62501],[-46.22733,-4.63465],[-46.26895,-4.5374]]]}},{"type":"Feature","properties":{"id":257,"n":"Alto Bonito","mn":"Buriticupu","mi":2102325,"nl":1,"ap":86,"cp":66,"lx":-46.38253,"ly":-4.28413},"geometry":{"type":"Polygon","coordinates":[[[-46.41625,-4.29957],[-46.40742,-4.26651],[-46.38895,-4.24901],[-46.37563,-4.244],[-46.36825,-4.24634],[-46.35324,-4.27864],[-46.35344,-4.29412],[-46.37325,-4.31736],[-46.39982,-4.31715],[-46.40005,-4.31705],[-46.41472,-4.3025],[-46.41625,-4.29957]]]}},{"type":"Feature","properties":{"id":258,"n":"Vila São Raimundo P1 V4","mn":"Buriticupu","mi":2102325,"nl":1,"ap":257,"cp":208,"lx":-46.34793,"ly":-4.31496},"geometry":{"type":"Polygon","coordinates":[[[-46.37326,-4.31736],[-46.35344,-4.29412],[-46.31745,-4.3081],[-46.31578,-4.32606],[-46.35852,-4.33516],[-46.37326,-4.31736]]]}},{"type":"Feature","properties":{"id":259,"n":"Curva do Córrego","mn":"Buriticupu","mi":2102325,"nl":1,"ap":63,"cp":53,"lx":-46.4045,"ly":-4.20316},"geometry":{"type":"Polygon","coordinates":[[[-46.43774,-4.20525],[-46.43492,-4.19368],[-46.38774,-4.16583],[-46.38559,-4.16583],[-46.37563,-4.244],[-46.38895,-4.24901],[-46.43774,-4.20525]]]}},{"type":"Feature","properties":{"id":260,"n":"Segundinho","mn":"Buriticupu","mi":2102325,"nl":1,"ap":128,"cp":103,"lx":-46.32882,"ly":-4.38495},"geometry":{"type":"Polygon","coordinates":[[[-46.35226,-4.39708],[-46.34478,-4.36912],[-46.30894,-4.35715],[-46.30348,-4.37163],[-46.31934,-4.41678],[-46.35226,-4.39708]]]}},{"type":"Feature","properties":{"id":261,"n":"Sexta Vicinal P1 V6","mn":"Buriticupu","mi":2102325,"nl":1,"ap":116,"cp":94,"lx":-46.24244,"ly":-4.3938},"geometry":{"type":"Polygon","coordinates":[[[-46.27073,-4.33747],[-46.25832,-4.32532],[-46.2462,-4.3593],[-46.2409,-4.3738],[-46.2346,-4.3799],[-46.2336,-4.3816],[-46.2283,-4.3842],[-46.226,-4.3856],[-46.2251,-4.3876],[-46.2234,-4.3904],[-46.2238,-4.3937],[-46.2253,-4.3967],[-46.2283,-4.3993],[-46.23,-4.4026],[-46.2284,-4.416],[-46.2276,-4.4192],[-46.2283,-4.4211],[-46.2298,-4.42231],[-46.2307,-4.4259],[-46.23193,-4.43873],[-46.25622,-4.40069],[-46.27073,-4.33747]]]}},{"type":"Feature","properties":{"id":262,"n":"Portão da Cikel","mn":"Buriticupu","mi":2102325,"nl":1,"ap":75,"cp":61,"lx":-46.37335,"ly":-4.53866},"geometry":{"type":"Polygon","coordinates":[[[-46.43106,-4.54487],[-46.38959,-4.48267],[-46.37682,-4.48564],[-46.28625,-4.53674],[-46.3706,-4.59293],[-46.41891,-4.56267],[-46.43106,-4.54487]]]}},{"type":"Feature","properties":{"id":263,"n":"Vila São Raimundo - Cikel","mn":"Buriticupu","mi":2102325,"nl":1,"ap":68,"cp":46,"lx":-46.37664,"ly":-4.81847},"geometry":{"type":"Polygon","coordinates":[[[-46.44547,-4.69754],[-46.42075,-4.66478],[-46.41212,-4.66483],[-46.39337,-4.67993],[-46.33602,-4.85225],[-46.39511,-4.85168],[-46.44547,-4.69754]]]}},{"type":"Feature","properties":{"id":264,"n":"Presinha","mn":"Buriticupu","mi":2102325,"nl":1,"ap":96,"cp":66,"lx":-46.24418,"ly":-4.02284},"geometry":{"type":"Polygon","coordinates":[[[-46.28326,-4.01051],[-46.2818,-4.0089],[-46.2799,-4.0078],[-46.2784,-4.0055],[-46.2772,-4.0045],[-46.27511,-4.00161],[-46.2753,-3.9999],[-46.27381,-3.998],[-46.2746,-3.9967],[-46.2743,-3.9946],[-46.2736,-3.9931],[-46.26932,-3.99121],[-46.2691,-3.9896],[-46.2655,-3.9881],[-46.2623,-3.9889],[-46.2607,-3.9908],[-46.2575,-3.9927],[-46.256,-3.99229],[-46.2535,-3.9891],[-46.2517,-3.9884],[-46.2486,-3.9883],[-46.2467,-3.9894],[-46.2456,-3.9905],[-46.2447,-3.9925],[-46.2451,-3.99989],[-46.2436,-4.0018],[-46.2401,-4.0041],[-46.2319,-4.0071],[-46.2257,-4.0101],[-46.2249,-4.0118],[-46.225,-4.0156],[-46.226,-4.0175],[-46.22521,-4.01937],[-46.2223,-4.0189],[-46.2213,-4.0195],[-46.2205,-4.021],[-46.2197,-4.02468],[-46.2184,-4.0248],[-46.2176,-4.0259],[-46.218,-4.0278],[-46.218,-4.03029],[-46.2174,-4.0323],[-46.216,-4.0343],[-46.2139,-4.0366],[-46.2138,-4.0382],[-46.2123,-4.0409],[-46.2134,-4.044],[-46.2127,-4.0474],[-46.2128,-4.0495],[-46.2142,-4.0523],[-46.2191,-4.0601],[-46.22414,-4.06913],[-46.28326,-4.01051]]]}},{"type":"Feature","properties":{"id":265,"n":"Centro do Meio","mn":"Buriticupu","mi":2102325,"nl":1,"ap":119,"cp":95,"lx":-46.43457,"ly":-4.23157},"geometry":{"type":"Polygon","coordinates":[[[-46.45323,-4.22457],[-46.43774,-4.20525],[-46.38895,-4.24901],[-46.40742,-4.26651],[-46.45169,-4.24216],[-46.45323,-4.22457]]]}},{"type":"Feature","properties":{"id":266,"n":"Vila Mansueto","mn":"Buriticupu","mi":2102325,"nl":1,"ap":956,"cp":752,"lx":-46.43242,"ly":-4.30593},"geometry":{"type":"Polygon","coordinates":[[[-46.45329,-4.32059],[-46.44568,-4.30731],[-46.44452,-4.30568],[-46.43598,-4.29657],[-46.41625,-4.29957],[-46.41472,-4.3025],[-46.42046,-4.30862],[-46.44889,-4.32727],[-46.45329,-4.32059]]]}},{"type":"Feature","properties":{"id":267,"n":"Vila Davi","mn":"Buriticupu","mi":2102325,"nl":2,"ap":2792,"cp":2032,"lx":-46.43649,"ly":-4.3397},"geometry":{"type":"Polygon","coordinates":[[[-46.48118,-4.38576],[-46.44889,-4.32727],[-46.42047,-4.30863],[-46.41472,-4.3025],[-46.40005,-4.31705],[-46.45723,-4.3977],[-46.47511,-4.38815],[-46.48118,-4.38576]]]}},{"type":"Feature","properties":{"id":268,"n":"Vila Progresso - Parafuso - Cikel","mn":"Buriticupu","mi":2102325,"nl":1,"ap":108,"cp":81,"lx":-46.29651,"ly":-4.74528},"geometry":{"type":"Polygon","coordinates":[[[-46.39337,-4.67993],[-46.31065,-4.66987],[-46.21618,-4.68798],[-46.2072,-4.72956],[-46.27305,-4.85286],[-46.33602,-4.85225],[-46.39337,-4.67993]]]}},{"type":"Feature","properties":{"id":269,"n":"Novo Horizonte","mn":"Buriticupu","mi":2102325,"nl":1,"ap":69,"cp":56,"lx":-46.46591,"ly":-4.23864},"geometry":{"type":"Polygon","coordinates":[[[-46.4854,-4.2476],[-46.4839,-4.2447],[-46.4818,-4.2417],[-46.4798,-4.2375],[-46.4787,-4.234],[-46.4784,-4.2313],[-46.4806,-4.2243],[-46.4799,-4.2223],[-46.47848,-4.21975],[-46.45323,-4.22457],[-46.45169,-4.24216],[-46.47369,-4.27372],[-46.4749,-4.27393],[-46.47517,-4.27387],[-46.4759,-4.2704],[-46.4793,-4.2629],[-46.4807,-4.2588],[-46.4822,-4.257],[-46.484,-4.2559],[-46.4852,-4.2544],[-46.4854,-4.2513],[-46.4854,-4.2476]]]}},{"type":"Feature","properties":{"id":270,"n":"Povoado Cerqueiro","mn":"Buriticupu","mi":2102325,"nl":1,"ap":260,"cp":202,"lx":-46.31504,"ly":-4.14511},"geometry":{"type":"Polygon","coordinates":[[[-46.36999,-4.15736],[-46.35237,-4.11788],[-46.29966,-4.09312],[-46.24601,-4.10112],[-46.2467,-4.1037],[-46.2475,-4.1049],[-46.2509,-4.107],[-46.2515,-4.1109],[-46.2532,-4.1132],[-46.2532,-4.1144],[-46.2561,-4.117],[-46.2572,-4.1193],[-46.2588,-4.1197],[-46.2605,-4.12121],[-46.26189,-4.1237],[-46.2609,-4.1256],[-46.2607,-4.1271],[-46.2626,-4.1287],[-46.264,-4.1283],[-46.266,-4.1283],[-46.2675,-4.12901],[-46.2677,-4.1319],[-46.2674,-4.13399],[-46.2664,-4.135],[-46.2677,-4.1387],[-46.2689,-4.1399],[-46.269,-4.1411],[-46.2712,-4.1443],[-46.2717,-4.14569],[-46.2715,-4.1504],[-46.2732,-4.1537],[-46.2742,-4.1544],[-46.2762,-4.15741],[-46.2763,-4.1588],[-46.2751,-4.1613],[-46.2751,-4.1639],[-46.276,-4.1654],[-46.2779,-4.1666],[-46.2815,-4.168],[-46.2845,-4.172],[-46.2845,-4.1734],[-46.2836,-4.1746],[-46.2832,-4.1778],[-46.2846,-4.1859],[-46.2854,-4.1892],[-46.2853,-4.1928],[-46.28733,-4.2009],[-46.34008,-4.17892],[-46.36999,-4.15736]]]}},{"type":"Feature","properties":{"id":271,"n":"Aldeia Indígena Lago Branco","mn":"Buriticupu","mi":2102325,"nl":1,"ap":224,"cp":191,"lx":-46.19661,"ly":-4.80747},"geometry":{"type":"Polygon","coordinates":[[[-46.27305,-4.85286],[-46.2072,-4.72956],[-46.2027,-4.7503],[-46.20179,-4.7525],[-46.194,-4.757],[-46.1694,-4.7702],[-46.1407,-4.7861],[-46.132,-4.7902],[-46.1314,-4.791],[-46.1314,-4.7934],[-46.1323,-4.7964],[-46.13199,-4.79761],[-46.13069,-4.7982],[-46.1271,-4.797],[-46.1192,-4.7985],[-46.1151,-4.8004],[-46.1129,-4.8034],[-46.1105,-4.8095],[-46.108,-4.8111],[-46.1056,-4.8115],[-46.1041,-4.8139],[-46.1027,-4.822],[-46.1025,-4.8303],[-46.10269,-4.83199],[-46.1001,-4.833],[-46.0964,-4.8355],[-46.0957,-4.837],[-46.0957,-4.8388],[-46.0948,-4.84],[-46.0919,-4.8405],[-46.0894,-4.8503],[-46.0894,-4.8546],[-46.27305,-4.85286]]]}},{"type":"Feature","properties":{"id":272,"n":"Vila Real Brasil","mn":"Buriticupu","mi":2102325,"nl":1,"ap":78,"cp":59,"lx":-46.37766,"ly":-4.34092},"geometry":{"type":"Polygon","coordinates":[[[-46.39982,-4.31716],[-46.37326,-4.31736],[-46.35852,-4.33516],[-46.35618,-4.35286],[-46.39244,-4.3658],[-46.39982,-4.31716]]]}},{"type":"Feature","properties":{"id":273,"n":"Vila Labote","mn":"Buriticupu","mi":2102325,"nl":1,"ap":85,"cp":67,"lx":-46.42316,"ly":-4.16288},"geometry":{"type":"Polygon","coordinates":[[[-46.46002,-4.17443],[-46.4552,-4.1697],[-46.4522,-4.1672],[-46.4496,-4.1654],[-46.4475,-4.1635],[-46.4431,-4.1576],[-46.4405,-4.1517],[-46.4401,-4.1472],[-46.4395,-4.1434],[-46.4394,-4.141],[-46.4386,-4.1397],[-46.4385,-4.1384],[-46.4359,-4.134],[-46.4333,-4.1303],[-46.432,-4.1294],[-46.43096,-4.12905],[-46.38774,-4.16583],[-46.43492,-4.19368],[-46.46002,-4.17443]]]}},{"type":"Feature","properties":{"id":274,"n":"Vila São João California Diamantina - Cikel","mn":"Buriticupu","mi":2102325,"nl":1,"ap":159,"cp":123,"lx":-46.29273,"ly":-4.59378},"geometry":{"type":"Polygon","coordinates":[[[-46.37141,-4.60035],[-46.3706,-4.59293],[-46.28625,-4.53674],[-46.26895,-4.5374],[-46.22733,-4.63465],[-46.2268,-4.6379],[-46.2211,-4.6659],[-46.21651,-4.6865],[-46.37141,-4.60035]]]}},{"type":"Feature","properties":{"id":275,"n":"Centro","mn":"Caxias","mi":2103000,"nl":13,"ap":10304,"cp":8504,"lx":-43.3615,"ly":-4.85966},"geometry":{"type":"Polygon","coordinates":[[[-43.37219,-4.86226],[-43.3678,-4.86006],[-43.36759,-4.85626],[-43.3668,-4.85142],[-43.3668,-4.85061],[-43.36487,-4.85076],[-43.36432,-4.85107],[-43.36072,-4.8515],[-43.35442,-4.85419],[-43.35532,-4.8564],[-43.35461,-4.8584],[-43.354,-4.85919],[-43.35439,-4.86307],[-43.35526,-4.86318],[-43.35884,-4.86583],[-43.359,-4.86677],[-43.36136,-4.86816],[-43.36526,-4.86543],[-43.36646,-4.86604],[-43.36785,-4.86635],[-43.36949,-4.86497],[-43.37219,-4.86226]]]}},{"type":"Feature","properties":{"id":276,"n":"Cangalheiro","mn":"Caxias","mi":2103000,"nl":3,"ap":3682,"cp":2947,"lx":-43.35888,"ly":-4.87131},"geometry":{"type":"Polygon","coordinates":[[[-43.36471,-4.87302],[-43.36156,-4.86906],[-43.36136,-4.86816],[-43.359,-4.86677],[-43.35656,-4.86812],[-43.35334,-4.87163],[-43.35639,-4.87395],[-43.35831,-4.87714],[-43.36219,-4.87448],[-43.36471,-4.87302]]]}},{"type":"Feature","properties":{"id":277,"n":"Morro do Alecrim","mn":"Caxias","mi":2103000,"nl":2,"ap":2486,"cp":2025,"lx":-43.35433,"ly":-4.86648},"geometry":{"type":"Polygon","coordinates":[[[-43.359,-4.86677],[-43.35885,-4.86583],[-43.35525,-4.86318],[-43.35439,-4.86307],[-43.3533,-4.86398],[-43.35242,-4.86431],[-43.35135,-4.86651],[-43.35114,-4.871],[-43.35131,-4.87124],[-43.35206,-4.87154],[-43.35334,-4.87163],[-43.35656,-4.86812],[-43.359,-4.86677]]]}},{"type":"Feature","properties":{"id":278,"n":"Refinaria","mn":"Caxias","mi":2103000,"nl":2,"ap":1946,"cp":1620,"lx":-43.3517,"ly":-4.85627},"geometry":{"type":"MultiPolygon","coordinates":[[[[-43.34817,-4.86376],[-43.34743,-4.8596],[-43.34417,-4.86028],[-43.34188,-4.86532],[-43.34183,-4.86596],[-43.34425,-4.86812],[-43.34693,-4.86584],[-43.34817,-4.86376]]],[[[-43.35533,-4.8564],[-43.35442,-4.85419],[-43.35338,-4.85335],[-43.34968,-4.85145],[-43.34759,-4.85951],[-43.34874,-4.85989],[-43.354,-4.85919],[-43.35461,-4.8584],[-43.35533,-4.8564]]]]}},{"type":"Feature","properties":{"id":279,"n":"Castelo Branco","mn":"Caxias","mi":2103000,"nl":3,"ap":2214,"cp":1883,"lx":-43.35069,"ly":-4.86238},"geometry":{"type":"Polygon","coordinates":[[[-43.35439,-4.86307],[-43.354,-4.85919],[-43.34875,-4.85989],[-43.34759,-4.85951],[-43.34743,-4.8596],[-43.34817,-4.86376],[-43.34974,-4.86568],[-43.35135,-4.86651],[-43.35242,-4.86432],[-43.3533,-4.86399],[-43.35439,-4.86307]]]}},{"type":"Feature","properties":{"id":280,"n":"Volta Redonda","mn":"Caxias","mi":2103000,"nl":5,"ap":6665,"cp":5384,"lx":-43.3403,"ly":-4.88197},"geometry":{"type":"Polygon","coordinates":[[[-43.35831,-4.87714],[-43.35639,-4.87395],[-43.35334,-4.87163],[-43.35206,-4.87154],[-43.35164,-4.87873],[-43.35075,-4.87899],[-43.34831,-4.87893],[-43.34707,-4.88106],[-43.34121,-4.87596],[-43.33755,-4.87753],[-43.33132,-4.88386],[-43.33602,-4.89176],[-43.34646,-4.88338],[-43.35069,-4.88394],[-43.3574,-4.88689],[-43.35765,-4.8826],[-43.35751,-4.88126],[-43.35828,-4.87898],[-43.35831,-4.87714]]]}},{"type":"Feature","properties":{"id":281,"n":"Cohab","mn":"Caxias","mi":2103000,"nl":1,"ap":3134,"cp":2618,"lx":-43.34064,"ly":-4.86989},"geometry":{"type":"Polygon","coordinates":[[[-43.34415,-4.86811],[-43.34183,-4.86596],[-43.3378,-4.86765],[-43.33755,-4.87753],[-43.34121,-4.87596],[-43.34227,-4.87529],[-43.34415,-4.86811]]]}},{"type":"Feature","properties":{"id":282,"n":"1º Distrito","mn":"Caxias","mi":2103000,"nl":18,"ap":10541,"cp":8037,"lx":-43.1969,"ly":-4.99882},"geometry":{"type":"Polygon","coordinates":[[[-43.8154,-5.2845],[-43.8113,-5.2843],[-43.8101,-5.2853],[-43.80831,-5.2855],[-43.807,-5.2844],[-43.8055,-5.2851],[-43.80259,-5.2852],[-43.80142,-5.28468],[-43.8025,-5.2827],[-43.7985,-5.2793],[-43.7973,-5.279],[-43.7948,-5.2775],[-43.7872,-5.2761],[-43.7807,-5.2711],[-43.7758,-5.2584],[-43.7748,-5.2486],[-43.772,-5.2319],[-43.7704,-5.2283],[-43.76879,-5.22827],[-43.766,-5.2165],[-43.7661,-5.211],[-43.7613,-5.202],[-43.7545,-5.1996],[-43.7479,-5.198],[-43.7458,-5.1979],[-43.7355,-5.2008],[-43.7297,-5.1985],[-43.726,-5.1944],[-43.7245,-5.19111],[-43.7248,-5.1832],[-43.7223,-5.1819],[-43.7183,-5.1813],[-43.7161,-5.179],[-43.7139,-5.1789],[-43.7122,-5.1797],[-43.7105,-5.1791],[-43.7087,-5.1766],[-43.7074,-5.171],[-43.7067,-5.1705],[-43.6919,-5.1629],[-43.6888,-5.1638],[-43.68179,-5.1627],[-43.6784,-5.1604],[-43.6744,-5.1551],[-43.6662,-5.152],[-43.6645,-5.1471],[-43.6603,-5.1399],[-43.65848,-5.13842],[-43.49829,-5.11641],[-43.48488,-5.10489],[-43.46059,-5.10665],[-43.40973,-5.04189],[-43.44989,-4.99381],[-43.45425,-4.99093],[-43.43695,-4.93597],[-43.41225,-4.92967],[-43.32036,-4.97919],[-43.3026,-4.97189],[-43.30005,-4.94736],[-43.25172,-4.84596],[-43.23924,-4.82988],[-43.22599,-4.81651],[-43.19906,-4.86345],[-43.14892,-4.89271],[-43.13119,-4.91245],[-43.12317,-4.91637],[-43.07057,-4.9371],[-43.04018,-4.9658],[-43.0433,-5.0756],[-43.0453,-5.0776],[-43.0484,-5.0781],[-43.05029,-5.0789],[-43.0521,-5.081],[-43.05501,-5.0801],[-43.0574,-5.0802],[-43.0586,-5.0812],[-43.0633,-5.0811],[-43.0672,-5.079],[-43.0749,-5.0774],[-43.0764,-5.0767],[-43.0811,-5.0753],[-43.0851,-5.0754],[-43.0865,-5.0749],[-43.0914,-5.07],[-43.0949,-5.0683],[-43.09581,-5.06851],[-43.0978,-5.0704],[-43.1017,-5.0708],[-43.1062,-5.0702],[-43.11109,-5.0715],[-43.1128,-5.0745],[-43.1144,-5.0751],[-43.1169,-5.0779],[-43.1192,-5.0792],[-43.1228,-5.0796],[-43.12559,-5.0811],[-43.1273,-5.0829],[-43.1307,-5.0848],[-43.13239,-5.08669],[-43.1324,-5.1072],[-43.1426,-5.1157],[-43.14381,-5.1155],[-43.206,-5.1432],[-43.22909,-5.14321],[-43.229,-5.1823],[-43.2454,-5.193],[-43.2637,-5.2048],[-43.2659,-5.2061],[-43.2673,-5.2063],[-43.3212,-5.1967],[-43.336,-5.1942],[-43.345,-5.1925],[-43.3507,-5.1916],[-43.35339,-5.1918],[-43.3614,-5.1946],[-43.378,-5.2],[-43.4415,-5.2213],[-43.4494,-5.2238],[-43.45096,-5.22371],[-43.4493,-5.2276],[-43.4493,-5.2288],[-43.4506,-5.231],[-43.4507,-5.2337],[-43.4491,-5.2379],[-43.4467,-5.2415],[-43.4461,-5.2431],[-43.4457,-5.246],[-43.4442,-5.2501],[-43.4424,-5.252],[-43.4431,-5.2565],[-43.4424,-5.26],[-43.4374,-5.2704],[-43.4366,-5.2737],[-43.4373,-5.2755],[-43.4433,-5.2792],[-43.44669,-5.2823],[-43.447,-5.284],[-43.4467,-5.2872],[-43.4474,-5.2884],[-43.45,-5.2875],[-43.4584,-5.2816],[-43.4637,-5.2798],[-43.4653,-5.2789],[-43.4675,-5.2745],[-43.4731,-5.2695],[-43.5004,-5.248],[-43.523,-5.2307],[-43.52861,-5.2272],[-43.5398,-5.2283],[-43.567,-5.2302],[-43.5783,-5.2366],[-43.6331,-5.2637],[-43.6368,-5.2657],[-43.70089,-5.2984],[-43.7135,-5.3117],[-43.7404,-5.3087],[-43.74024,-5.30829],[-43.8119,-5.2899],[-43.8154,-5.2845]]]}},{"type":"Feature","properties":{"id":283,"n":"Fumo Verde","mn":"Caxias","mi":2103000,"nl":1,"ap":622,"cp":484,"lx":-43.33627,"ly":-4.94315},"geometry":{"type":"Polygon","coordinates":[[[-43.41225,-4.92967],[-43.41141,-4.92859],[-43.40867,-4.92708],[-43.34459,-4.91281],[-43.32117,-4.92349],[-43.30005,-4.94736],[-43.30258,-4.97188],[-43.32035,-4.97919],[-43.41225,-4.92967]]]}},{"type":"Feature","properties":{"id":284,"n":"Veneza","mn":"Caxias","mi":2103000,"nl":1,"ap":575,"cp":472,"lx":-43.37531,"ly":-4.91359},"geometry":{"type":"Polygon","coordinates":[[[-43.40867,-4.92708],[-43.40303,-4.92332],[-43.37785,-4.90796],[-43.35005,-4.90437],[-43.34459,-4.91281],[-43.40867,-4.92708]]]}},{"type":"Feature","properties":{"id":285,"n":"Itapecuruzinho","mn":"Caxias","mi":2103000,"nl":1,"ap":1337,"cp":1074,"lx":-43.3576,"ly":-4.89851},"geometry":{"type":"Polygon","coordinates":[[[-43.37785,-4.90796],[-43.36014,-4.89157],[-43.35848,-4.89069],[-43.34667,-4.89502],[-43.35005,-4.90437],[-43.37785,-4.90796]]]}},{"type":"Feature","properties":{"id":286,"n":"Nova Caxias","mn":"Caxias","mi":2103000,"nl":2,"ap":2228,"cp":1865,"lx":-43.34891,"ly":-4.86767},"geometry":{"type":"Polygon","coordinates":[[[-43.35135,-4.86651],[-43.34974,-4.86568],[-43.34817,-4.86376],[-43.34693,-4.86584],[-43.34425,-4.86812],[-43.35114,-4.871],[-43.35135,-4.86651]]]}},{"type":"Feature","properties":{"id":287,"n":"Mutirao","mn":"Caxias","mi":2103000,"nl":2,"ap":3040,"cp":2403,"lx":-43.32801,"ly":-4.85496},"geometry":{"type":"Polygon","coordinates":[[[-43.34188,-4.86532],[-43.33719,-4.86104],[-43.3387,-4.85459],[-43.3367,-4.84989],[-43.33252,-4.84705],[-43.23924,-4.82988],[-43.25172,-4.84596],[-43.26014,-4.84933],[-43.33152,-4.86445],[-43.33535,-4.8669],[-43.3378,-4.86765],[-43.34183,-4.86596],[-43.34188,-4.86532]]]}},{"type":"Feature","properties":{"id":288,"n":"Vila Alecrim","mn":"Caxias","mi":2103000,"nl":1,"ap":1511,"cp":1141,"lx":-43.34945,"ly":-4.87638},"geometry":{"type":"Polygon","coordinates":[[[-43.35206,-4.87154],[-43.35131,-4.87124],[-43.34684,-4.87571],[-43.34831,-4.87893],[-43.35075,-4.87899],[-43.35166,-4.87873],[-43.35206,-4.87154]]]}},{"type":"Feature","properties":{"id":289,"n":"Baixinha","mn":"Caxias","mi":2103000,"nl":1,"ap":1526,"cp":1241,"lx":-43.34386,"ly":-4.8542},"geometry":{"type":"Polygon","coordinates":[[[-43.34968,-4.85145],[-43.34936,-4.85087],[-43.34835,-4.85037],[-43.3367,-4.84989],[-43.3387,-4.85459],[-43.34417,-4.86028],[-43.34759,-4.85951],[-43.34968,-4.85145]]]}},{"type":"Feature","properties":{"id":290,"n":"Joao Viana","mn":"Caxias","mi":2103000,"nl":2,"ap":2128,"cp":1659,"lx":-43.32728,"ly":-4.87226},"geometry":{"type":"Polygon","coordinates":[[[-43.3378,-4.86765],[-43.33535,-4.8669],[-43.33152,-4.86445],[-43.26014,-4.84933],[-43.32932,-4.88268],[-43.33132,-4.88386],[-43.33755,-4.87753],[-43.3378,-4.86765]]]}},{"type":"Feature","properties":{"id":291,"n":"Vila Sao Jose","mn":"Caxias","mi":2103000,"nl":1,"ap":1382,"cp":1080,"lx":-43.34774,"ly":-4.88902},"geometry":{"type":"Polygon","coordinates":[[[-43.35848,-4.89069],[-43.3574,-4.88689],[-43.35068,-4.88394],[-43.34646,-4.88338],[-43.33609,-4.89176],[-43.34667,-4.89502],[-43.35848,-4.89069]]]}},{"type":"Feature","properties":{"id":292,"n":"Res. Helio Queiroz","mn":"Caxias","mi":2103000,"nl":1,"ap":1087,"cp":917,"lx":-43.3462,"ly":-4.87222},"geometry":{"type":"Polygon","coordinates":[[[-43.35131,-4.87124],[-43.35114,-4.871],[-43.34415,-4.86811],[-43.34227,-4.87529],[-43.34684,-4.87571],[-43.35131,-4.87124]]]}},{"type":"Feature","properties":{"id":293,"n":"Jose Castro","mn":"Caxias","mi":2103000,"nl":1,"ap":707,"cp":555,"lx":-43.34048,"ly":-4.86018},"geometry":{"type":"Polygon","coordinates":[[[-43.34417,-4.86028],[-43.34417,-4.86028],[-43.3387,-4.85459],[-43.33719,-4.86104],[-43.34188,-4.86532],[-43.34417,-4.86028]]]}},{"type":"Feature","properties":{"id":294,"n":"Vila Lobao","mn":"Caxias","mi":2103000,"nl":1,"ap":905,"cp":707,"lx":-43.34559,"ly":-4.87764},"geometry":{"type":"Polygon","coordinates":[[[-43.34831,-4.87893],[-43.34684,-4.87571],[-43.34227,-4.87529],[-43.34121,-4.87596],[-43.34709,-4.88109],[-43.34831,-4.87893]]]}},{"type":"Feature","properties":{"id":295,"n":"Luiza Queiroz","mn":"Caxias","mi":2103000,"nl":1,"ap":785,"cp":588,"lx":-43.34034,"ly":-4.90341},"geometry":{"type":"Polygon","coordinates":[[[-43.35005,-4.90437],[-43.34667,-4.89502],[-43.33602,-4.89176],[-43.32117,-4.92349],[-43.34459,-4.91281],[-43.35005,-4.90437]]]}},{"type":"Feature","properties":{"id":296,"n":"2º Distrito","mn":"Caxias","mi":2103000,"nl":14,"ap":9059,"cp":6988,"lx":-43.08574,"ly":-4.73698},"geometry":{"type":"Polygon","coordinates":[[[-43.49181,-4.67662],[-43.49169,-4.67657],[-43.4903,-4.6712],[-43.4844,-4.6631],[-43.4826,-4.6557],[-43.4804,-4.6531],[-43.4808,-4.6507],[-43.4785,-4.6478],[-43.4743,-4.64849],[-43.4712,-4.6444],[-43.4634,-4.6426],[-43.45708,-4.64699],[-43.45221,-4.6454],[-43.4511,-4.6405],[-43.4461,-4.6406],[-43.4438,-4.6379],[-43.42781,-4.6382],[-43.4212,-4.6297],[-43.4156,-4.6315],[-43.40761,-4.6333],[-43.403,-4.6304],[-43.3944,-4.6345],[-43.3913,-4.635],[-43.38899,-4.6382],[-43.3668,-4.6442],[-43.3623,-4.6497],[-43.3565,-4.6503],[-43.35539,-4.6552],[-43.3453,-4.6581],[-43.3433,-4.6649],[-43.3358,-4.6717],[-43.3289,-4.6731],[-43.3248,-4.6764],[-43.31271,-4.6814],[-43.3056,-4.6807],[-43.301,-4.6842],[-43.29809,-4.6928],[-43.2899,-4.6948],[-43.2842,-4.6938],[-43.2815,-4.6943],[-43.2758,-4.6978],[-43.2718,-4.7029],[-43.2669,-4.704],[-43.2649,-4.7095],[-43.2625,-4.7126],[-43.2572,-4.7142],[-43.25358,-4.71728],[-43.2487,-4.71309],[-43.2444,-4.7034],[-43.2399,-4.6947],[-43.2334,-4.6896],[-43.2294,-4.6856],[-43.2207,-4.6828],[-43.2161,-4.6775],[-43.2119,-4.67658],[-43.2084,-4.6572],[-43.2074,-4.6531],[-43.2067,-4.6479],[-43.2049,-4.64301],[-43.2075,-4.6376],[-43.2041,-4.6294],[-43.1994,-4.625],[-43.1943,-4.6217],[-43.15981,-4.59101],[-43.1582,-4.5876],[-43.1407,-4.5698],[-43.1341,-4.5625],[-43.1328,-4.5497],[-43.1298,-4.5398],[-43.1251,-4.53768],[-43.1225,-4.5254],[-43.121,-4.51301],[-43.122,-4.5097],[-43.1159,-4.5012],[-43.1147,-4.4987],[-43.1121,-4.4953],[-43.1112,-4.49459],[-43.1102,-4.4927],[-43.1098,-4.4907],[-43.1086,-4.489],[-43.1068,-4.4821],[-43.1046,-4.4789],[-43.1013,-4.47659],[-43.0995,-4.4741],[-43.0978,-4.4702],[-43.0918,-4.4645],[-43.0908,-4.4608],[-43.0885,-4.4582],[-43.0844,-4.4518],[-43.0827,-4.4462],[-42.9486,-4.3855],[-42.9433,-4.3845],[-42.9388,-4.3827],[-42.9364,-4.3822],[-42.9341,-4.3824],[-42.9272,-4.3852],[-42.9189,-4.3905],[-42.9059,-4.3966],[-42.8966,-4.4022],[-42.8877,-4.4089],[-42.88,-4.4159],[-42.8743,-4.4233],[-42.8716,-4.4281],[-42.8711,-4.43],[-42.8712,-4.4317],[-42.873,-4.4365],[-42.8758,-4.4426],[-42.8777,-4.4502],[-42.8783,-4.4576],[-42.878,-4.4596],[-42.87559,-4.4629],[-42.867,-4.4678],[-42.8536,-4.4743],[-42.8526,-4.4759],[-42.8504,-4.4845],[-42.8498,-4.4927],[-42.8501,-4.498],[-42.8522,-4.506],[-42.8544,-4.5094],[-42.8654,-4.5215],[-42.8728,-4.5306],[-42.8744,-4.534],[-42.8751,-4.5365],[-42.8748,-4.5388],[-42.8697,-4.5505],[-42.8672,-4.5586],[-42.8665,-4.5663],[-42.8696,-4.5742],[-42.873,-4.5817],[-42.8781,-4.5904],[-42.8871,-4.6025],[-42.8937,-4.6128],[-42.8969,-4.62],[-42.9009,-4.6283],[-42.9162,-4.6514],[-42.924,-4.6582],[-42.9324,-4.6635],[-42.9446,-4.6717],[-42.9485,-4.6749],[-42.951,-4.67721],[-42.9524,-4.6798],[-42.9529,-4.6829],[-42.9531,-4.6874],[-42.9518,-4.6931],[-42.9492,-4.6995],[-42.947,-4.703],[-42.9442,-4.7064],[-42.9389,-4.7103],[-42.9297,-4.7152],[-42.9269,-4.717],[-42.9247,-4.7191],[-42.9231,-4.7213],[-42.9223,-4.7233],[-42.9209,-4.7321],[-42.9207,-4.7382],[-42.9218,-4.7425],[-42.9262,-4.7507],[-42.9342,-4.7555],[-42.9419,-4.7586],[-42.945,-4.7609],[-42.9473,-4.7633],[-42.949,-4.7664],[-42.9498,-4.7691],[-42.9504,-4.7752],[-42.9499,-4.7808],[-42.9479,-4.7886],[-42.9419,-4.8029],[-42.9386,-4.8092],[-42.9303,-4.8179],[-42.9195,-4.8255],[-42.9097,-4.8315],[-42.9034,-4.836],[-42.9001,-4.839],[-42.8974,-4.8426],[-42.8955,-4.8484],[-42.8946,-4.8525],[-42.8933,-4.8628],[-42.894,-4.8737],[-42.8949,-4.8804],[-42.8949,-4.8831],[-42.8941,-4.8852],[-42.8927,-4.888],[-42.8898,-4.8947],[-42.9094,-4.8989],[-43.03908,-4.9274],[-43.04018,-4.9658],[-43.07058,-4.9371],[-43.12317,-4.91637],[-43.13119,-4.91245],[-43.14892,-4.89271],[-43.19907,-4.86345],[-43.22599,-4.81651],[-43.22443,-4.80079],[-43.22023,-4.77566],[-43.45787,-4.72285],[-43.48505,-4.70742],[-43.49181,-4.67662]]]}},{"type":"Feature","properties":{"id":297,"n":"Vila Arias","mn":"Caxias","mi":2103000,"nl":1,"ap":1057,"cp":859,"lx":-43.36339,"ly":-4.8466},"geometry":{"type":"Polygon","coordinates":[[[-43.36976,-4.8486],[-43.36976,-4.8486],[-43.36089,-4.84186],[-43.36099,-4.84755],[-43.36487,-4.85076],[-43.3668,-4.85061],[-43.36976,-4.8486]]]}},{"type":"Feature","properties":{"id":298,"n":"Seriema","mn":"Caxias","mi":2103000,"nl":5,"ap":5489,"cp":4435,"lx":-43.35603,"ly":-4.84943},"geometry":{"type":"Polygon","coordinates":[[[-43.36487,-4.85076],[-43.36099,-4.84755],[-43.35804,-4.8462],[-43.3553,-4.84331],[-43.35211,-4.84811],[-43.34936,-4.85087],[-43.34968,-4.85145],[-43.35337,-4.85335],[-43.35442,-4.85419],[-43.36071,-4.8515],[-43.36432,-4.85107],[-43.36487,-4.85076]]]}},{"type":"Feature","properties":{"id":299,"n":"Teso Duro","mn":"Caxias","mi":2103000,"nl":3,"ap":5021,"cp":3923,"lx":-43.34235,"ly":-4.78836},"geometry":{"type":"Polygon","coordinates":[[[-43.45787,-4.72285],[-43.22021,-4.77566],[-43.22443,-4.8008],[-43.33577,-4.82671],[-43.34437,-4.83906],[-43.34808,-4.83811],[-43.34817,-4.84751],[-43.34835,-4.85037],[-43.34936,-4.85087],[-43.35211,-4.84812],[-43.3553,-4.84331],[-43.35512,-4.83305],[-43.35747,-4.82733],[-43.43974,-4.75119],[-43.45787,-4.72285]]]}},{"type":"Feature","properties":{"id":300,"n":"Res. Eugênio Coutinho","mn":"Caxias","mi":2103000,"nl":2,"ap":2704,"cp":2166,"lx":-43.24572,"ly":-4.8185},"geometry":{"type":"Polygon","coordinates":[[[-43.34437,-4.83906],[-43.33578,-4.82671],[-43.22443,-4.8008],[-43.22599,-4.81651],[-43.23924,-4.82988],[-43.33252,-4.84705],[-43.34437,-4.83906]]]}},{"type":"Feature","properties":{"id":301,"n":"Sao Francisco","mn":"Caxias","mi":2103000,"nl":2,"ap":2350,"cp":1829,"lx":-43.34335,"ly":-4.84537},"geometry":{"type":"Polygon","coordinates":[[[-43.34835,-4.85037],[-43.34817,-4.84751],[-43.34808,-4.83808],[-43.34437,-4.83906],[-43.33252,-4.84705],[-43.3367,-4.84989],[-43.34835,-4.85037]]]}},{"type":"Feature","properties":{"id":302,"n":"Matadouro Novo","mn":"Caxias","mi":2103000,"nl":2,"ap":1584,"cp":1310,"lx":-43.39314,"ly":-4.81455},"geometry":{"type":"Polygon","coordinates":[[[-43.43974,-4.75119],[-43.35746,-4.82734],[-43.35512,-4.83305],[-43.3553,-4.84331],[-43.35804,-4.8462],[-43.36099,-4.84755],[-43.36094,-4.8419],[-43.36976,-4.8486],[-43.38153,-4.84301],[-43.40525,-4.82388],[-43.43974,-4.75119]]]}},{"type":"Feature","properties":{"id":303,"n":"Salobro","mn":"Caxias","mi":2103000,"nl":1,"ap":1711,"cp":1329,"lx":-43.36855,"ly":-4.89142},"geometry":{"type":"Polygon","coordinates":[[[-43.40303,-4.92332],[-43.37275,-4.88752],[-43.36716,-4.88208],[-43.36014,-4.89157],[-43.37785,-4.90796],[-43.40303,-4.92332]]]}},{"type":"Feature","properties":{"id":304,"n":"Trizidela","mn":"Caxias","mi":2103000,"nl":5,"ap":3987,"cp":3282,"lx":-43.36533,"ly":-4.86879},"geometry":{"type":"Polygon","coordinates":[[[-43.3801,-4.87306],[-43.37346,-4.86838],[-43.37383,-4.8643],[-43.37234,-4.86225],[-43.37219,-4.86226],[-43.36949,-4.86497],[-43.36786,-4.86634],[-43.36646,-4.86604],[-43.36527,-4.86542],[-43.36136,-4.86816],[-43.36156,-4.86906],[-43.36471,-4.87302],[-43.36609,-4.87217],[-43.36939,-4.86906],[-43.37081,-4.86957],[-43.37132,-4.87305],[-43.37594,-4.87421],[-43.3801,-4.87306]]]}},{"type":"Feature","properties":{"id":305,"n":"3º Distrito","mn":"Caxias","mi":2103000,"nl":6,"ap":3527,"cp":2703,"lx":-43.54552,"ly":-4.78359},"geometry":{"type":"Polygon","coordinates":[[[-43.8416,-4.7634],[-43.8405,-4.7615],[-43.8379,-4.7595],[-43.8354,-4.7564],[-43.7449,-4.7421],[-43.7429,-4.7414],[-43.7378,-4.7415],[-43.7337,-4.7396],[-43.7217,-4.7392],[-43.718,-4.7366],[-43.7137,-4.7348],[-43.7005,-4.7316],[-43.6937,-4.7356],[-43.687,-4.7358],[-43.6775,-4.7387],[-43.6752,-4.7431],[-43.6727,-4.7467],[-43.67,-4.7496],[-43.667,-4.7511],[-43.6612,-4.7524],[-43.6599,-4.7544],[-43.65812,-4.75499],[-43.6556,-4.7536],[-43.65319,-4.75469],[-43.6487,-4.7522],[-43.6471,-4.752],[-43.6463,-4.7512],[-43.6425,-4.7509],[-43.6412,-4.7498],[-43.6396,-4.74731],[-43.64,-4.744],[-43.6385,-4.7428],[-43.6343,-4.7417],[-43.63231,-4.7398],[-43.6329,-4.7343],[-43.6336,-4.7323],[-43.6303,-4.7268],[-43.6303,-4.7238],[-43.6288,-4.72348],[-43.6287,-4.7221],[-43.6293,-4.7207],[-43.6261,-4.7194],[-43.6235,-4.717],[-43.6216,-4.71669],[-43.6216,-4.7135],[-43.6201,-4.71249],[-43.6195,-4.7112],[-43.6184,-4.7072],[-43.6173,-4.70521],[-43.6177,-4.7033],[-43.6158,-4.6975],[-43.6133,-4.6942],[-43.6126,-4.6916],[-43.6108,-4.68891],[-43.611,-4.6871],[-43.61,-4.686],[-43.607,-4.68449],[-43.6061,-4.6794],[-43.6055,-4.6782],[-43.6031,-4.6769],[-43.6011,-4.6748],[-43.5956,-4.6733],[-43.5926,-4.6711],[-43.5912,-4.6696],[-43.5908,-4.6682],[-43.5907,-4.663],[-43.5889,-4.6617],[-43.5859,-4.6609],[-43.5843,-4.6587],[-43.58319,-4.6606],[-43.5801,-4.6621],[-43.5778,-4.6627],[-43.5713,-4.6654],[-43.565,-4.6706],[-43.5583,-4.6749],[-43.5537,-4.6766],[-43.5496,-4.6765],[-43.547,-4.6775],[-43.541,-4.6776],[-43.53509,-4.6802],[-43.5315,-4.6802],[-43.5222,-4.678],[-43.5191,-4.679],[-43.517,-4.6808],[-43.5126,-4.6817],[-43.5089,-4.6836],[-43.50761,-4.6837],[-43.505,-4.6821],[-43.49981,-4.68269],[-43.4984,-4.6787],[-43.49472,-4.67929],[-43.4945,-4.677],[-43.49181,-4.67662],[-43.48505,-4.70741],[-43.45787,-4.72285],[-43.43974,-4.75119],[-43.40525,-4.82388],[-43.40252,-4.83929],[-43.40654,-4.91331],[-43.41141,-4.92859],[-43.41225,-4.92967],[-43.43695,-4.93598],[-43.45424,-4.99091],[-43.44989,-4.9938],[-43.40972,-5.04188],[-43.4606,-5.10666],[-43.48487,-5.10489],[-43.49828,-5.11641],[-43.65848,-5.13842],[-43.6541,-5.1318],[-43.6502,-5.1276],[-43.6482,-5.1243],[-43.6392,-5.1134],[-43.6353,-5.113],[-43.6322,-5.1137],[-43.628,-5.1152],[-43.6259,-5.1171],[-43.62109,-5.12],[-43.6149,-5.1186],[-43.6037,-5.1135],[-43.5985,-5.1107],[-43.5971,-5.1107],[-43.5936,-5.11217],[-43.593,-5.1073],[-43.5933,-5.1043],[-43.5974,-5.0984],[-43.5991,-5.0946],[-43.6083,-5.0889],[-43.6098,-5.0865],[-43.611,-5.0826],[-43.6105,-5.0774],[-43.6081,-5.0727],[-43.6066,-5.07169],[-43.6021,-5.0638],[-43.5993,-5.0599],[-43.5964,-5.0569],[-43.5908,-5.048],[-43.5845,-5.04],[-43.5763,-5.0271],[-43.5752,-5.0261],[-43.5725,-5.016],[-43.5684,-5.0134],[-43.567,-5.012],[-43.565,-5.0088],[-43.5638,-5.0051],[-43.561,-5.0038],[-43.55696,-5.00025],[-43.559,-4.9999],[-43.5586,-4.999],[-43.5537,-4.9943],[-43.5504,-4.989],[-43.5492,-4.9882],[-43.5479,-4.9859],[-43.54801,-4.9843],[-43.5511,-4.981],[-43.5506,-4.9788],[-43.549,-4.9775],[-43.5476,-4.9757],[-43.5469,-4.9681],[-43.549,-4.9644],[-43.5506,-4.9562],[-43.5524,-4.9521],[-43.552,-4.9484],[-43.5528,-4.9467],[-43.5531,-4.945],[-43.552,-4.94379],[-43.5523,-4.9412],[-43.5514,-4.9368],[-43.5516,-4.9356],[-43.5501,-4.9298],[-43.5508,-4.9275],[-43.5528,-4.9259],[-43.5526,-4.92509],[-43.5534,-4.9225],[-43.5564,-4.9178],[-43.5568,-4.9158],[-43.5584,-4.9141],[-43.5594,-4.9102],[-43.5591,-4.90939],[-43.5604,-4.9058],[-43.5604,-4.9027],[-43.5611,-4.89911],[-43.5617,-4.8985],[-43.5622,-4.89361],[-43.5646,-4.8903],[-43.5643,-4.8885],[-43.5648,-4.88351],[-43.5654,-4.8828],[-43.56501,-4.87874],[-43.5684,-4.88],[-43.5713,-4.8803],[-43.5733,-4.8782],[-43.5745,-4.8777],[-43.5847,-4.8781],[-43.5864,-4.8788],[-43.5873,-4.8799],[-43.5898,-4.881],[-43.5908,-4.8819],[-43.5955,-4.8832],[-43.597,-4.8828],[-43.6001,-4.8813],[-43.6029,-4.8814],[-43.607,-4.8798],[-43.6124,-4.8763],[-43.6158,-4.8761],[-43.6185,-4.8753],[-43.6193,-4.8735],[-43.6232,-4.8703],[-43.6269,-4.86461],[-43.6306,-4.8651],[-43.6344,-4.8636],[-43.6374,-4.85961],[-43.6388,-4.859],[-43.6416,-4.8587],[-43.6428,-4.859],[-43.6444,-4.8601],[-43.6476,-4.8581],[-43.6497,-4.8561],[-43.6582,-4.8538],[-43.6615,-4.8512],[-43.6639,-4.8499],[-43.6673,-4.8491],[-43.6702,-4.8495],[-43.6751,-4.8541],[-43.679,-4.8539],[-43.6806,-4.8542],[-43.6823,-4.8555],[-43.6856,-4.8559],[-43.6888,-4.8553],[-43.6916,-4.8556],[-43.69739,-4.8584],[-43.698,-4.8592],[-43.6999,-4.8596],[-43.7012,-4.8614],[-43.7036,-4.8626],[-43.7064,-4.8633],[-43.713,-4.8638],[-43.7177,-4.8611],[-43.723,-4.8566],[-43.73,-4.8545],[-43.7352,-4.8504],[-43.7379,-4.8497],[-43.7396,-4.8485],[-43.7417,-4.8459],[-43.7449,-4.8445],[-43.7483,-4.8448],[-43.7504,-4.8465],[-43.7525,-4.8496],[-43.7551,-4.8516],[-43.756,-4.8551],[-43.75701,-4.8526],[-43.7604,-4.8529],[-43.7687,-4.8513],[-43.7695,-4.8494],[-43.77022,-4.84239],[-43.7753,-4.8396],[-43.7772,-4.8393],[-43.7845,-4.8395],[-43.7858,-4.8391],[-43.7902,-4.8372],[-43.7954,-4.8327],[-43.796,-4.8277],[-43.7955,-4.8265],[-43.7939,-4.8251],[-43.7918,-4.8247],[-43.7895,-4.8266],[-43.7866,-4.8278],[-43.78139,-4.825],[-43.789,-4.8238],[-43.7978,-4.8195],[-43.8024,-4.8197],[-43.80539,-4.81242],[-43.8064,-4.8122],[-43.8069,-4.8106],[-43.8064,-4.8094],[-43.8066,-4.8072],[-43.8087,-4.8039],[-43.818,-4.7982],[-43.823,-4.797],[-43.8245,-4.7962],[-43.8271,-4.7904],[-43.82661,-4.78898],[-43.8283,-4.7864],[-43.8353,-4.779],[-43.8378,-4.7722],[-43.8384,-4.7688],[-43.8416,-4.7634]]]}},{"type":"Feature","properties":{"id":306,"n":"Pirajá","mn":"Caxias","mi":2103000,"nl":2,"ap":2393,"cp":1829,"lx":-43.39362,"ly":-4.87142},"geometry":{"type":"Polygon","coordinates":[[[-43.40654,-4.9133],[-43.40252,-4.83929],[-43.40252,-4.83929],[-43.3836,-4.86652],[-43.38093,-4.86542],[-43.37383,-4.8643],[-43.37345,-4.86837],[-43.3801,-4.87306],[-43.38255,-4.87331],[-43.40002,-4.90378],[-43.40654,-4.9133]]]}},{"type":"Feature","properties":{"id":307,"n":"Campo de Belem","mn":"Caxias","mi":2103000,"nl":4,"ap":5200,"cp":4141,"lx":-43.37941,"ly":-4.87882},"geometry":{"type":"Polygon","coordinates":[[[-43.40002,-4.90378],[-43.38254,-4.8733],[-43.3801,-4.87306],[-43.37594,-4.87421],[-43.37134,-4.87305],[-43.37122,-4.87283],[-43.37081,-4.86956],[-43.36938,-4.86905],[-43.36609,-4.87217],[-43.36473,-4.87302],[-43.36811,-4.87848],[-43.37141,-4.87895],[-43.40002,-4.90378]]]}},{"type":"Feature","properties":{"id":308,"n":"Ponte","mn":"Caxias","mi":2103000,"nl":5,"ap":4942,"cp":3991,"lx":-43.39664,"ly":-4.90791},"geometry":{"type":"Polygon","coordinates":[[[-43.41141,-4.92859],[-43.40654,-4.91331],[-43.40002,-4.90378],[-43.3714,-4.87894],[-43.36905,-4.87869],[-43.36811,-4.87847],[-43.36473,-4.87302],[-43.36219,-4.87448],[-43.35831,-4.87714],[-43.35828,-4.87899],[-43.35751,-4.88126],[-43.35765,-4.8826],[-43.3574,-4.88689],[-43.35848,-4.89069],[-43.36014,-4.89157],[-43.36719,-4.88211],[-43.37275,-4.88752],[-43.40303,-4.92332],[-43.40867,-4.92708],[-43.41141,-4.92859]]]}},{"type":"Feature","properties":{"id":309,"n":"Caldeiroes","mn":"Caxias","mi":2103000,"nl":2,"ap":1724,"cp":1379,"lx":-43.37209,"ly":-4.85327},"geometry":{"type":"Polygon","coordinates":[[[-43.38153,-4.84301],[-43.36976,-4.8486],[-43.3668,-4.85061],[-43.3668,-4.85142],[-43.36759,-4.85626],[-43.3678,-4.86006],[-43.37234,-4.86225],[-43.37402,-4.85974],[-43.375,-4.85855],[-43.38153,-4.84301]]]}},{"type":"Feature","properties":{"id":310,"n":"Tamarineiro","mn":"Caxias","mi":2103000,"nl":2,"ap":2063,"cp":1650,"lx":-43.38699,"ly":-4.8488},"geometry":{"type":"Polygon","coordinates":[[[-43.40525,-4.82388],[-43.38153,-4.84301],[-43.375,-4.85854],[-43.37402,-4.85974],[-43.37234,-4.86225],[-43.37383,-4.8643],[-43.38093,-4.86542],[-43.38358,-4.86654],[-43.40252,-4.83929],[-43.40525,-4.82388]]]}},{"type":"Feature","properties":{"id":311,"n":"Res. Vila Paraiso","mn":"Caxias","mi":2103000,"nl":1,"ap":1804,"cp":1376,"lx":-43.30474,"ly":-4.89895},"geometry":{"type":"Polygon","coordinates":[[[-43.33602,-4.89176],[-43.33132,-4.88386],[-43.32932,-4.88269],[-43.26014,-4.84933],[-43.25172,-4.84596],[-43.30005,-4.94736],[-43.32117,-4.92349],[-43.33602,-4.89176]]]}},{"type":"Feature","properties":{"id":312,"n":"Centro","mn":"Chapadinha","mi":2103208,"nl":5,"ap":14347,"cp":11734,"lx":-43.35818,"ly":-3.74124},"geometry":{"type":"Polygon","coordinates":[[[-43.36583,-3.74076],[-43.36149,-3.73816],[-43.36031,-3.73728],[-43.35999,-3.7342],[-43.35533,-3.7301],[-43.35417,-3.73151],[-43.35463,-3.73902],[-43.34893,-3.74232],[-43.34949,-3.74594],[-43.34907,-3.74943],[-43.36037,-3.7452],[-43.36087,-3.74544],[-43.3622,-3.74539],[-43.36541,-3.7421],[-43.36583,-3.74076]]]}},{"type":"Feature","properties":{"id":313,"n":"Areal","mn":"Chapadinha","mi":2103208,"nl":5,"ap":8547,"cp":6618,"lx":-43.38485,"ly":-3.69236},"geometry":{"type":"Polygon","coordinates":[[[-43.44453,-3.69212],[-43.44136,-3.67758],[-43.37348,-3.63985],[-43.36532,-3.63509],[-43.3651,-3.6355],[-43.3655,-3.63631],[-43.3652,-3.6381],[-43.3664,-3.6427],[-43.3667,-3.6462],[-43.36759,-3.6496],[-43.3575,-3.6549],[-43.3492,-3.6585],[-43.3404,-3.6613],[-43.3404,-3.6658],[-43.3407,-3.6693],[-43.33491,-3.68278],[-43.32852,-3.68425],[-43.34433,-3.70039],[-43.35555,-3.72761],[-43.35533,-3.7301],[-43.36,-3.7342],[-43.37046,-3.73477],[-43.37579,-3.73208],[-43.42132,-3.73798],[-43.43015,-3.72494],[-43.44326,-3.71075],[-43.44453,-3.69212]]]}},{"type":"Feature","properties":{"id":314,"n":"Boa Vista","mn":"Chapadinha","mi":2103208,"nl":1,"ap":1231,"cp":996,"lx":-43.30268,"ly":-3.72103},"geometry":{"type":"Polygon","coordinates":[[[-43.33517,-3.73125],[-43.32701,-3.68459],[-43.26755,-3.69807],[-43.27105,-3.74639],[-43.3264,-3.7551],[-43.33354,-3.73932],[-43.33517,-3.73125]]]}},{"type":"Feature","properties":{"id":315,"n":"Corrente","mn":"Chapadinha","mi":2103208,"nl":3,"ap":8546,"cp":6950,"lx":-43.33985,"ly":-3.74759},"geometry":{"type":"Polygon","coordinates":[[[-43.35463,-3.73902],[-43.35417,-3.73151],[-43.34869,-3.73449],[-43.33517,-3.73125],[-43.33354,-3.73932],[-43.3264,-3.7551],[-43.34045,-3.76722],[-43.34907,-3.74943],[-43.34949,-3.74594],[-43.34894,-3.74232],[-43.35463,-3.73902]]]}},{"type":"Feature","properties":{"id":316,"n":"Novo Castelo","mn":"Chapadinha","mi":2103208,"nl":1,"ap":2277,"cp":1789,"lx":-43.34351,"ly":-3.72335},"geometry":{"type":"Polygon","coordinates":[[[-43.35555,-3.72762],[-43.34433,-3.70039],[-43.32852,-3.68425],[-43.32701,-3.68459],[-43.33517,-3.73125],[-43.34869,-3.7345],[-43.35417,-3.73151],[-43.35533,-3.7301],[-43.35555,-3.72762]]]}},{"type":"Feature","properties":{"id":317,"n":"Nossa Senhora Aparecida","mn":"Chapadinha","mi":2103208,"nl":1,"ap":2597,"cp":2108,"lx":-43.36513,"ly":-3.73707},"geometry":{"type":"Polygon","coordinates":[[[-43.37046,-3.73477],[-43.37046,-3.73477],[-43.35999,-3.7342],[-43.3603,-3.73727],[-43.36149,-3.73816],[-43.36583,-3.74076],[-43.37046,-3.73477]]]}},{"type":"Feature","properties":{"id":318,"n":"Terras Duras","mn":"Chapadinha","mi":2103208,"nl":1,"ap":3721,"cp":2853,"lx":-43.37409,"ly":-3.75222},"geometry":{"type":"Polygon","coordinates":[[[-43.39381,-3.75915],[-43.36541,-3.7421],[-43.3622,-3.74539],[-43.37217,-3.75608],[-43.39381,-3.75915]]]}},{"type":"Feature","properties":{"id":319,"n":"Povoado Bacuri","mn":"Chapadinha","mi":2103208,"nl":1,"ap":382,"cp":314,"lx":-43.57613,"ly":-3.81376},"geometry":{"type":"Polygon","coordinates":[[[-43.61632,-3.82063],[-43.59355,-3.77366],[-43.56754,-3.76967],[-43.55037,-3.77809],[-43.53266,-3.85992],[-43.53524,-3.8631],[-43.61023,-3.83619],[-43.61632,-3.82063]]]}},{"type":"Feature","properties":{"id":320,"n":"Povoado Baturite","mn":"Chapadinha","mi":2103208,"nl":1,"ap":477,"cp":371,"lx":-43.60171,"ly":-3.665},"geometry":{"type":"Polygon","coordinates":[[[-43.63481,-3.69162],[-43.6067,-3.6187],[-43.60391,-3.61341],[-43.57113,-3.6783],[-43.5711,-3.67924],[-43.57384,-3.68219],[-43.63481,-3.69162]]]}},{"type":"Feature","properties":{"id":321,"n":"Povoado Bela Vista","mn":"Chapadinha","mi":2103208,"nl":1,"ap":356,"cp":297,"lx":-43.4928,"ly":-3.71888},"geometry":{"type":"Polygon","coordinates":[[[-43.52496,-3.72257],[-43.51709,-3.69349],[-43.44453,-3.69212],[-43.44326,-3.71075],[-43.49504,-3.75496],[-43.52496,-3.72257]]]}},{"type":"Feature","properties":{"id":322,"n":"Povoado Capinal","mn":"Chapadinha","mi":2103208,"nl":1,"ap":268,"cp":215,"lx":-43.22558,"ly":-3.84427},"geometry":{"type":"Polygon","coordinates":[[[-43.25293,-3.8556],[-43.24069,-3.78593],[-43.1978,-3.78517],[-43.20251,-3.88584],[-43.25227,-3.85824],[-43.25293,-3.8556]]]}},{"type":"Feature","properties":{"id":323,"n":"Povoado Conceicao","mn":"Chapadinha","mi":2103208,"nl":1,"ap":217,"cp":160,"lx":-43.51226,"ly":-3.55432},"geometry":{"type":"Polygon","coordinates":[[[-43.57386,-3.55653],[-43.5389,-3.49025],[-43.47262,-3.51768],[-43.45484,-3.5725],[-43.48187,-3.62662],[-43.49349,-3.6252],[-43.5523,-3.58667],[-43.57386,-3.55653]]]}},{"type":"Feature","properties":{"id":324,"n":"Povoado Escondido","mn":"Chapadinha","mi":2103208,"nl":1,"ap":234,"cp":193,"lx":-43.47697,"ly":-3.46666},"geometry":{"type":"Polygon","coordinates":[[[-43.5389,-3.49025],[-43.4877,-3.3932],[-43.4472,-3.3167],[-43.4461,-3.31987],[-43.4449,-3.3193],[-43.4428,-3.3209],[-43.4408,-3.323],[-43.4395,-3.3254],[-43.437,-3.3268],[-43.4362,-3.3282],[-43.4346,-3.3292],[-43.4341,-3.3306],[-43.4345,-3.3324],[-43.4359,-3.3337],[-43.4368,-3.33579],[-43.4362,-3.33749],[-43.4346,-3.3388],[-43.43261,-3.3398],[-43.4309,-3.3401],[-43.4296,-3.3413],[-43.4297,-3.3446],[-43.4325,-3.3461],[-43.43389,-3.3475],[-43.432,-3.35],[-43.4311,-3.3522],[-43.4308,-3.3564],[-43.43158,-3.35731],[-43.4289,-3.3593],[-43.4281,-3.3609],[-43.4258,-3.3613],[-43.4253,-3.3629],[-43.4231,-3.3653],[-43.4241,-3.36879],[-43.4238,-3.3705],[-43.4245,-3.3723],[-43.4248,-3.3755],[-43.4256,-3.3781],[-43.4265,-3.3793],[-43.4287,-3.38021],[-43.4305,-3.3833],[-43.4314,-3.3862],[-43.43259,-3.38681],[-43.4323,-3.3881],[-43.43,-3.3903],[-43.4306,-3.3947],[-43.43139,-3.3962],[-43.4305,-3.398],[-43.4313,-3.3994],[-43.43301,-3.39961],[-43.4346,-3.4022],[-43.4359,-3.4031],[-43.436,-3.4043],[-43.4372,-3.4048],[-43.4379,-3.4061],[-43.4376,-3.4094],[-43.43819,-3.41121],[-43.4367,-3.414],[-43.4328,-3.4165],[-43.4327,-3.4204],[-43.4334,-3.4221],[-43.4389,-3.4258],[-43.4404,-3.4251],[-43.44301,-3.42481],[-43.4457,-3.4274],[-43.4469,-3.43],[-43.4483,-3.4312],[-43.44889,-3.43231],[-43.4484,-3.4334],[-43.4458,-3.4351],[-43.442,-3.4359],[-43.43891,-3.4361],[-43.4383,-3.435],[-43.4344,-3.4338],[-43.4313,-3.4346],[-43.4291,-3.4344],[-43.4272,-3.4357],[-43.4258,-3.4353],[-43.4239,-3.4366],[-43.4226,-3.437],[-43.4218,-3.43829],[-43.4201,-3.4381],[-43.41861,-3.43899],[-43.4166,-3.4373],[-43.4135,-3.4377],[-43.41207,-3.4386],[-43.44976,-3.50894],[-43.47262,-3.51768],[-43.5389,-3.49025]]]}},{"type":"Feature","properties":{"id":325,"n":"Povoado Estrela I","mn":"Chapadinha","mi":2103208,"nl":1,"ap":248,"cp":195,"lx":-43.49044,"ly":-3.87202},"geometry":{"type":"Polygon","coordinates":[[[-43.53582,-3.86711],[-43.53524,-3.8631],[-43.53266,-3.85992],[-43.48092,-3.84122],[-43.44402,-3.89409],[-43.44317,-3.89877],[-43.46664,-3.92602],[-43.53582,-3.86711]]]}},{"type":"Feature","properties":{"id":326,"n":"Povoado Malhada dos Franceses","mn":"Chapadinha","mi":2103208,"nl":1,"ap":185,"cp":147,"lx":-43.49077,"ly":-3.66335},"geometry":{"type":"Polygon","coordinates":[[[-43.54599,-3.67511],[-43.49349,-3.6252],[-43.48187,-3.62662],[-43.44136,-3.67758],[-43.44453,-3.69212],[-43.51709,-3.69349],[-43.54599,-3.67511]]]}},{"type":"Feature","properties":{"id":327,"n":"Povoado Boca da Mata","mn":"Chapadinha","mi":2103208,"nl":1,"ap":254,"cp":213,"lx":-43.41109,"ly":-3.84658},"geometry":{"type":"Polygon","coordinates":[[[-43.45842,-3.82188],[-43.44992,-3.81695],[-43.38729,-3.84295],[-43.38798,-3.85538],[-43.41466,-3.86054],[-43.45842,-3.82188]]]}},{"type":"Feature","properties":{"id":328,"n":"Sem Bairro","mn":"Chapadinha","mi":2103208,"nl":11,"ap":2700,"cp":2177,"lx":-43.42699,"ly":-4.05895},"geometry":{"type":"MultiPolygon","coordinates":[[[[-43.27105,-3.74639],[-43.26755,-3.69807],[-43.2309,-3.7064],[-43.2293,-3.7093],[-43.2283,-3.7101],[-43.2273,-3.7123],[-43.2273,-3.7139],[-43.2295,-3.7172],[-43.2293,-3.7202],[-43.2272,-3.7224],[-43.2258,-3.7234],[-43.2246,-3.7257],[-43.2233,-3.7299],[-43.2226,-3.7337],[-43.221,-3.7355],[-43.218,-3.7374],[-43.2165,-3.7397],[-43.216,-3.7418],[-43.2163,-3.7436],[-43.2175,-3.7486],[-43.2169,-3.7538],[-43.2158,-3.7566],[-43.2153,-3.7603],[-43.214,-3.7622],[-43.2114,-3.7636],[-43.2086,-3.7645],[-43.2046,-3.7644],[-43.2018,-3.7655],[-43.2008,-3.7668],[-43.2001,-3.7685],[-43.2001,-3.7736],[-43.1977,-3.7826],[-43.1978,-3.78517],[-43.24069,-3.78593],[-43.26418,-3.76707],[-43.27105,-3.74639]]],[[[-43.29935,-3.89371],[-43.25227,-3.85824],[-43.20251,-3.88584],[-43.20821,-4.00766],[-43.28336,-3.96126],[-43.29935,-3.89371]]],[[[-43.4744,-4.05675],[-43.46893,-4.05092],[-43.4556,-3.9964],[-43.40557,-4.00161],[-43.38309,-3.95046],[-43.37929,-3.94634],[-43.33076,-3.96654],[-43.34995,-4.02523],[-43.38576,-4.04545],[-43.36976,-4.14733],[-43.4441,-4.1282],[-43.4744,-4.05675]]],[[[-43.44992,-3.81695],[-43.40964,-3.77571],[-43.37116,-3.80621],[-43.38729,-3.84295],[-43.44992,-3.81695]]],[[[-43.47262,-3.51768],[-43.44975,-3.50893],[-43.41207,-3.4386],[-43.41,-3.4399],[-43.4069,-3.4408],[-43.4055,-3.4431],[-43.4053,-3.4446],[-43.4072,-3.4468],[-43.4076,-3.44981],[-43.4067,-3.45431],[-43.4053,-3.45649],[-43.4036,-3.4562],[-43.4031,-3.4589],[-43.4027,-3.4631],[-43.4022,-3.4648],[-43.4027,-3.4661],[-43.406,-3.46671],[-43.4078,-3.47],[-43.4091,-3.47041],[-43.4096,-3.4719],[-43.4095,-3.47409],[-43.4079,-3.4755],[-43.4079,-3.4777],[-43.4062,-3.4794],[-43.4058,-3.4815],[-43.4051,-3.4829],[-43.4052,-3.4854],[-43.4065,-3.488],[-43.4053,-3.4904],[-43.4072,-3.49241],[-43.4067,-3.49609],[-43.4046,-3.498],[-43.4041,-3.49909],[-43.4025,-3.4987],[-43.3998,-3.50149],[-43.397,-3.501],[-43.3956,-3.5011],[-43.3934,-3.5063],[-43.3931,-3.5083],[-43.39339,-3.51019],[-43.3918,-3.5111],[-43.3909,-3.5123],[-43.3915,-3.5171],[-43.3928,-3.5182],[-43.3945,-3.5182],[-43.3975,-3.5172],[-43.39949,-3.5172],[-43.4018,-3.5191],[-43.40259,-3.52248],[-43.4008,-3.523],[-43.4003,-3.5262],[-43.40099,-3.5271],[-43.4003,-3.528],[-43.4015,-3.52942],[-43.4008,-3.5323],[-43.3982,-3.5357],[-43.3955,-3.5388],[-43.3953,-3.5406],[-43.3944,-3.54229],[-43.3932,-3.5431],[-43.393,-3.5448],[-43.3936,-3.5466],[-43.39369,-3.5485],[-43.39249,-3.5494],[-43.389,-3.5491],[-43.3875,-3.5503],[-43.3874,-3.5521],[-43.3884,-3.5555],[-43.3889,-3.56289],[-43.3875,-3.5653],[-43.3885,-3.56871],[-43.3876,-3.5733],[-43.3837,-3.5798],[-43.3831,-3.5834],[-43.3841,-3.5844],[-43.38509,-3.58457],[-43.45484,-3.5725],[-43.47262,-3.51768]]],[[[-43.56754,-3.76967],[-43.55998,-3.71821],[-43.52496,-3.72257],[-43.49504,-3.75496],[-43.49732,-3.75941],[-43.55037,-3.77809],[-43.56754,-3.76967]]],[[[-43.6056,-4.1251],[-43.6043,-4.1223],[-43.6027,-4.1203],[-43.6009,-4.1167],[-43.5989,-4.1142],[-43.5974,-4.11299],[-43.5966,-4.111],[-43.5968,-4.1078],[-43.5948,-4.10549],[-43.595,-4.1038],[-43.5967,-4.1018],[-43.597,-4.0998],[-43.5992,-4.0979],[-43.6005,-4.0951],[-43.601,-4.0933],[-43.6001,-4.0898],[-43.5999,-4.088],[-43.5985,-4.0849],[-43.598,-4.0825],[-43.5982,-4.0801],[-43.6008,-4.0761],[-43.6013,-4.0743],[-43.6009,-4.0729],[-43.6006,-4.0695],[-43.60083,-4.06807],[-43.59371,-4.06306],[-43.54395,-4.04727],[-43.53815,-4.05101],[-43.51262,-4.12583],[-43.58812,-4.15498],[-43.589,-4.1533],[-43.5892,-4.1499],[-43.5885,-4.1487],[-43.58831,-4.14679],[-43.5948,-4.13631],[-43.6013,-4.1324],[-43.6022,-4.1291],[-43.6049,-4.1269],[-43.6056,-4.1251]]],[[[-43.60391,-3.61341],[-43.57386,-3.55653],[-43.5523,-3.58667],[-43.57113,-3.6783],[-43.60391,-3.61341]]]]}},{"type":"Feature","properties":{"id":329,"n":"Povoado Riacho Grande","mn":"Chapadinha","mi":2103208,"nl":1,"ap":141,"cp":115,"lx":-43.40068,"ly":-3.88546},"geometry":{"type":"Polygon","coordinates":[[[-43.44402,-3.89409],[-43.41466,-3.86054],[-43.38798,-3.85538],[-43.36606,-3.89061],[-43.38246,-3.92064],[-43.44317,-3.89877],[-43.44402,-3.89409]]]}},{"type":"Feature","properties":{"id":330,"n":"Povoado Soledade","mn":"Chapadinha","mi":2103208,"nl":1,"ap":269,"cp":196,"lx":-43.59743,"ly":-3.72247},"geometry":{"type":"Polygon","coordinates":[[[-43.64792,-3.72574],[-43.63481,-3.69162],[-43.57384,-3.68219],[-43.55998,-3.71821],[-43.56754,-3.76967],[-43.59355,-3.77366],[-43.64792,-3.72574]]]}},{"type":"Feature","properties":{"id":331,"n":"Povoado Tabuleiro dos Batistas","mn":"Chapadinha","mi":2103208,"nl":1,"ap":306,"cp":236,"lx":-43.43578,"ly":-3.92692},"geometry":{"type":"Polygon","coordinates":[[[-43.47127,-3.94639],[-43.46664,-3.92602],[-43.44317,-3.89877],[-43.38246,-3.92064],[-43.37929,-3.94634],[-43.38309,-3.95046],[-43.46839,-3.95099],[-43.47127,-3.94639]]]}},{"type":"Feature","properties":{"id":332,"n":"Povoado Varjota","mn":"Chapadinha","mi":2103208,"nl":1,"ap":126,"cp":108,"lx":-43.42123,"ly":-3.97524},"geometry":{"type":"Polygon","coordinates":[[[-43.46839,-3.95099],[-43.46839,-3.95099],[-43.38309,-3.95046],[-43.40557,-4.00162],[-43.4556,-3.9964],[-43.46275,-3.98839],[-43.46839,-3.95099]]]}},{"type":"Feature","properties":{"id":333,"n":"Povoado Agua Fria","mn":"Chapadinha","mi":2103208,"nl":1,"ap":352,"cp":300,"lx":-43.27324,"ly":-3.81127},"geometry":{"type":"Polygon","coordinates":[[[-43.32005,-3.81556],[-43.26418,-3.76707],[-43.24069,-3.78593],[-43.25293,-3.8556],[-43.32005,-3.81556]]]}},{"type":"Feature","properties":{"id":334,"n":"Povoado Centro Velho","mn":"Chapadinha","mi":2103208,"nl":1,"ap":194,"cp":160,"lx":-43.31737,"ly":-3.78018},"geometry":{"type":"Polygon","coordinates":[[[-43.34786,-3.8038],[-43.34045,-3.76722],[-43.3264,-3.7551],[-43.27105,-3.74639],[-43.26418,-3.76707],[-43.32005,-3.81556],[-43.32463,-3.81671],[-43.34786,-3.8038]]]}},{"type":"Feature","properties":{"id":335,"n":"Povoado Maceno","mn":"Chapadinha","mi":2103208,"nl":1,"ap":284,"cp":219,"lx":-43.44236,"ly":-3.86226},"geometry":{"type":"Polygon","coordinates":[[[-43.48092,-3.84122],[-43.46892,-3.8247],[-43.45842,-3.82188],[-43.41466,-3.86054],[-43.44402,-3.89409],[-43.48092,-3.84122]]]}},{"type":"Feature","properties":{"id":336,"n":"Povoado Sao Jose","mn":"Chapadinha","mi":2103208,"nl":1,"ap":586,"cp":456,"lx":-43.30049,"ly":-3.85944},"geometry":{"type":"Polygon","coordinates":[[[-43.32991,-3.87922],[-43.32463,-3.81671],[-43.32005,-3.81556],[-43.25293,-3.8556],[-43.25227,-3.85824],[-43.29935,-3.89371],[-43.32991,-3.87922]]]}},{"type":"Feature","properties":{"id":337,"n":"Povoado Uncurana","mn":"Chapadinha","mi":2103208,"nl":1,"ap":226,"cp":169,"lx":-43.58943,"ly":-3.93145},"geometry":{"type":"Polygon","coordinates":[[[-43.64149,-3.9054],[-43.54954,-3.89683],[-43.54418,-3.94986],[-43.54859,-3.95786],[-43.60753,-3.96448],[-43.64137,-3.90729],[-43.64149,-3.9054]]]}},{"type":"Feature","properties":{"id":338,"n":"Povoado Lagoa dos Farias","mn":"Chapadinha","mi":2103208,"nl":1,"ap":168,"cp":131,"lx":-43.64303,"ly":-3.95639},"geometry":{"type":"Polygon","coordinates":[[[-43.68796,-3.97586],[-43.68795,-3.97585],[-43.64137,-3.90728],[-43.60753,-3.96448],[-43.60846,-3.96612],[-43.66418,-3.9988],[-43.6647,-3.9985],[-43.6657,-3.9974],[-43.6691,-3.9955],[-43.6699,-3.9948],[-43.6709,-3.9916],[-43.6727,-3.9888],[-43.67221,-3.98749],[-43.67358,-3.98622],[-43.6769,-3.9879],[-43.6786,-3.9856],[-43.6788,-3.9822],[-43.67951,-3.98029],[-43.6812,-3.9788],[-43.68279,-3.9779],[-43.6856,-3.9775],[-43.6863,-3.97611],[-43.6879,-3.9761],[-43.68796,-3.97586]]]}},{"type":"Feature","properties":{"id":339,"n":"Povoado Santa Maria do Graco","mn":"Chapadinha","mi":2103208,"nl":1,"ap":358,"cp":280,"lx":-43.68705,"ly":-3.91712},"geometry":{"type":"Polygon","coordinates":[[[-43.7293,-3.9351],[-43.72839,-3.93488],[-43.7049,-3.8738],[-43.64522,-3.89951],[-43.64149,-3.9054],[-43.64137,-3.90729],[-43.68796,-3.97586],[-43.6884,-3.9739],[-43.6895,-3.97241],[-43.69259,-3.971],[-43.6981,-3.9716],[-43.7008,-3.9708],[-43.7033,-3.9695],[-43.704,-3.9683],[-43.70331,-3.96579],[-43.7043,-3.9644],[-43.7055,-3.9639],[-43.7068,-3.9623],[-43.707,-3.961],[-43.70631,-3.95889],[-43.7085,-3.9566],[-43.71,-3.9558],[-43.7107,-3.9546],[-43.7131,-3.9527],[-43.715,-3.9503],[-43.7168,-3.9495],[-43.7178,-3.9484],[-43.71841,-3.9465],[-43.7201,-3.946],[-43.722,-3.9468],[-43.7229,-3.9462],[-43.7236,-3.9426],[-43.7254,-3.93911],[-43.7275,-3.9377],[-43.7279,-3.9366],[-43.7293,-3.9351]]]}},{"type":"Feature","properties":{"id":340,"n":"Povoado Carnaubal","mn":"Chapadinha","mi":2103208,"nl":1,"ap":251,"cp":209,"lx":-43.29211,"ly":-4.00017},"geometry":{"type":"Polygon","coordinates":[[[-43.34995,-4.02523],[-43.33076,-3.96654],[-43.28336,-3.96126],[-43.20821,-4.00766],[-43.2087,-4.0183],[-43.24373,-4.05099],[-43.34995,-4.02523]]]}},{"type":"Feature","properties":{"id":341,"n":"Povoado Pau D'arco","mn":"Chapadinha","mi":2103208,"nl":1,"ap":152,"cp":114,"lx":-43.45314,"ly":-3.76751},"geometry":{"type":"Polygon","coordinates":[[[-43.49732,-3.75941],[-43.49504,-3.75496],[-43.44326,-3.71075],[-43.43015,-3.72494],[-43.42132,-3.73798],[-43.41137,-3.76276],[-43.40964,-3.77571],[-43.44992,-3.81695],[-43.45842,-3.82188],[-43.46892,-3.8247],[-43.49732,-3.75941]]]}},{"type":"Feature","properties":{"id":342,"n":"Povoado Rodeio","mn":"Chapadinha","mi":2103208,"nl":1,"ap":405,"cp":328,"lx":-43.56293,"ly":-4.17752},"geometry":{"type":"Polygon","coordinates":[[[-43.6026,-4.2191],[-43.6023,-4.2151],[-43.5995,-4.2096],[-43.5948,-4.2072],[-43.59331,-4.20092],[-43.5968,-4.1978],[-43.5969,-4.1965],[-43.5961,-4.1917],[-43.5953,-4.18949],[-43.5956,-4.18651],[-43.598,-4.1845],[-43.598,-4.1825],[-43.5963,-4.1797],[-43.5955,-4.1751],[-43.5943,-4.1729],[-43.5942,-4.1717],[-43.5919,-4.1687],[-43.591,-4.16661],[-43.5912,-4.1628],[-43.5899,-4.1607],[-43.5879,-4.1586],[-43.588,-4.15521],[-43.58812,-4.15498],[-43.51262,-4.12583],[-43.48355,-4.14045],[-43.50343,-4.18951],[-43.51571,-4.18671],[-43.5946,-4.2284],[-43.5962,-4.2264],[-43.6,-4.2211],[-43.6026,-4.2191]]]}},{"type":"Feature","properties":{"id":343,"n":"Povoado Canto do Ferreira","mn":"Chapadinha","mi":2103208,"nl":1,"ap":470,"cp":364,"lx":-43.63444,"ly":-3.78242},"geometry":{"type":"Polygon","coordinates":[[[-43.67936,-3.80742],[-43.64792,-3.72574],[-43.59355,-3.77366],[-43.61632,-3.82063],[-43.67936,-3.80742]]]}},{"type":"Feature","properties":{"id":344,"n":"Povoado Sao Martinho","mn":"Chapadinha","mi":2103208,"nl":1,"ap":287,"cp":207,"lx":-43.56917,"ly":-4.01077},"geometry":{"type":"Polygon","coordinates":[[[-43.60846,-3.96612],[-43.60753,-3.96448],[-43.54859,-3.95786],[-43.5361,-4.01056],[-43.54395,-4.04727],[-43.59371,-4.06306],[-43.60846,-3.96612]]]}},{"type":"Feature","properties":{"id":345,"n":"Povoado Unhambu","mn":"Chapadinha","mi":2103208,"nl":1,"ap":152,"cp":125,"lx":-43.53504,"ly":-3.6292},"geometry":{"type":"Polygon","coordinates":[[[-43.57113,-3.6783],[-43.5523,-3.58667],[-43.49349,-3.6252],[-43.54599,-3.67511],[-43.5711,-3.67924],[-43.57113,-3.6783]]]}},{"type":"Feature","properties":{"id":346,"n":"Povoado Alagadiço Grande","mn":"Chapadinha","mi":2103208,"nl":1,"ap":310,"cp":248,"lx":-43.43768,"ly":-4.17315},"geometry":{"type":"Polygon","coordinates":[[[-43.50343,-4.18951],[-43.48355,-4.14045],[-43.4441,-4.1282],[-43.36976,-4.14733],[-43.35856,-4.15838],[-43.4292,-4.2233],[-43.42951,-4.223],[-43.5004,-4.1902],[-43.50343,-4.18951]]]}},{"type":"Feature","properties":{"id":347,"n":"Povoado Limão (estrela Ii)","mn":"Chapadinha","mi":2103208,"nl":1,"ap":327,"cp":253,"lx":-43.65724,"ly":-3.84825},"geometry":{"type":"Polygon","coordinates":[[[-43.7049,-3.8738],[-43.67936,-3.80742],[-43.61632,-3.82063],[-43.61023,-3.83619],[-43.64522,-3.89951],[-43.7049,-3.8738]]]}},{"type":"Feature","properties":{"id":348,"n":"Cartepilla","mn":"Chapadinha","mi":2103208,"nl":1,"ap":2049,"cp":1664,"lx":-43.40311,"ly":-3.74838},"geometry":{"type":"Polygon","coordinates":[[[-43.42132,-3.73798],[-43.37578,-3.73208],[-43.37046,-3.73477],[-43.36583,-3.74076],[-43.36541,-3.7421],[-43.39381,-3.75915],[-43.41137,-3.76276],[-43.42132,-3.73798]]]}},{"type":"Feature","properties":{"id":349,"n":"Povoado Loloia","mn":"Chapadinha","mi":2103208,"nl":1,"ap":151,"cp":125,"lx":-43.59655,"ly":-3.87188},"geometry":{"type":"Polygon","coordinates":[[[-43.64522,-3.89951],[-43.61023,-3.83619],[-43.53524,-3.8631],[-43.53582,-3.86711],[-43.54954,-3.89683],[-43.64149,-3.9054],[-43.64522,-3.89951]]]}},{"type":"Feature","properties":{"id":350,"n":"Povoado Tucuns","mn":"Chapadinha","mi":2103208,"nl":1,"ap":291,"cp":226,"lx":-43.33403,"ly":-3.92219},"geometry":{"type":"Polygon","coordinates":[[[-43.38246,-3.92064],[-43.36606,-3.89061],[-43.32991,-3.87922],[-43.29935,-3.89371],[-43.28336,-3.96126],[-43.33076,-3.96654],[-43.37929,-3.94634],[-43.38246,-3.92064]]]}},{"type":"Feature","properties":{"id":351,"n":"Povoado Laranjeiras","mn":"Chapadinha","mi":2103208,"nl":1,"ap":150,"cp":120,"lx":-43.48819,"ly":-4.10237},"geometry":{"type":"Polygon","coordinates":[[[-43.53815,-4.05101],[-43.4744,-4.05675],[-43.4441,-4.1282],[-43.48355,-4.14045],[-43.51262,-4.12583],[-43.53815,-4.05101]]]}},{"type":"Feature","properties":{"id":352,"n":"Povoado Vila Nova","mn":"Chapadinha","mi":2103208,"nl":1,"ap":301,"cp":237,"lx":-43.35705,"ly":-3.84829},"geometry":{"type":"Polygon","coordinates":[[[-43.38798,-3.85538],[-43.38729,-3.84295],[-43.37116,-3.80621],[-43.34786,-3.8038],[-43.32463,-3.81671],[-43.32991,-3.87922],[-43.36606,-3.89061],[-43.38798,-3.85538]]]}},{"type":"Feature","properties":{"id":353,"n":"Povoado Paiol","mn":"Chapadinha","mi":2103208,"nl":1,"ap":351,"cp":250,"lx":-43.49188,"ly":-4.02657},"geometry":{"type":"Polygon","coordinates":[[[-43.54395,-4.04727],[-43.5361,-4.01056],[-43.46275,-3.98839],[-43.4556,-3.9964],[-43.46894,-4.05093],[-43.4744,-4.05675],[-43.53815,-4.05101],[-43.54395,-4.04727]]]}},{"type":"Feature","properties":{"id":354,"n":"Povoado Mangueira","mn":"Chapadinha","mi":2103208,"nl":1,"ap":195,"cp":151,"lx":-43.33507,"ly":-4.07542},"geometry":{"type":"Polygon","coordinates":[[[-43.38578,-4.04559],[-43.38575,-4.04544],[-43.34995,-4.02523],[-43.24373,-4.05099],[-43.26708,-4.07278],[-43.2667,-4.074],[-43.35856,-4.15838],[-43.36976,-4.14733],[-43.38578,-4.04559]]]}},{"type":"Feature","properties":{"id":355,"n":"Novo","mn":"Chapadinha","mi":2103208,"nl":1,"ap":979,"cp":788,"lx":-43.36334,"ly":-3.75325},"geometry":{"type":"Polygon","coordinates":[[[-43.37217,-3.75608],[-43.3622,-3.74539],[-43.36087,-3.74544],[-43.35659,-3.75918],[-43.37217,-3.75608]]]}},{"type":"Feature","properties":{"id":356,"n":"Tijela","mn":"Chapadinha","mi":2103208,"nl":1,"ap":1019,"cp":800,"lx":-43.3523,"ly":-3.75538},"geometry":{"type":"Polygon","coordinates":[[[-43.36087,-3.74544],[-43.36039,-3.74519],[-43.34907,-3.74943],[-43.34055,-3.76712],[-43.35659,-3.75918],[-43.36087,-3.74544]]]}},{"type":"Feature","properties":{"id":357,"n":"Povoado Oiteiro","mn":"Chapadinha","mi":2103208,"nl":1,"ap":124,"cp":102,"lx":-43.42995,"ly":-3.62114},"geometry":{"type":"Polygon","coordinates":[[[-43.48187,-3.62662],[-43.45484,-3.5725],[-43.38509,-3.58457],[-43.3898,-3.5854],[-43.3926,-3.5867],[-43.39419,-3.58779],[-43.3947,-3.5911],[-43.3947,-3.59351],[-43.3931,-3.5969],[-43.3889,-3.6003],[-43.3878,-3.6008],[-43.3854,-3.6035],[-43.38331,-3.60529],[-43.3784,-3.6068],[-43.3758,-3.609],[-43.3749,-3.6106],[-43.3743,-3.6132],[-43.3728,-3.6145],[-43.3719,-3.6177],[-43.3684,-3.6204],[-43.3667,-3.6233],[-43.3643,-3.6299],[-43.3646,-3.6315],[-43.36599,-3.63379],[-43.36532,-3.63509],[-43.37348,-3.63985],[-43.44136,-3.67758],[-43.48187,-3.62662]]]}},{"type":"Feature","properties":{"id":358,"n":"Povoado Riacho Fundo","mn":"Chapadinha","mi":2103208,"nl":1,"ap":367,"cp":278,"lx":-43.54492,"ly":-3.69958},"geometry":{"type":"Polygon","coordinates":[[[-43.57384,-3.68219],[-43.5711,-3.67924],[-43.54599,-3.67511],[-43.51709,-3.69349],[-43.52496,-3.72257],[-43.55998,-3.71821],[-43.57384,-3.68219]]]}},{"type":"Feature","properties":{"id":359,"n":"Povoado Curralim","mn":"Chapadinha","mi":2103208,"nl":1,"ap":169,"cp":139,"lx":-43.50869,"ly":-3.8157},"geometry":{"type":"Polygon","coordinates":[[[-43.55037,-3.77809],[-43.49732,-3.75941],[-43.46892,-3.8247],[-43.48092,-3.84122],[-43.53266,-3.85992],[-43.55037,-3.77809]]]}},{"type":"Feature","properties":{"id":360,"n":"Vila Isamara","mn":"Chapadinha","mi":2103208,"nl":1,"ap":1458,"cp":1063,"lx":-43.36672,"ly":-3.78036},"geometry":{"type":"Polygon","coordinates":[[[-43.41137,-3.76276],[-43.39381,-3.75915],[-43.37217,-3.75608],[-43.35659,-3.75918],[-43.34055,-3.76712],[-43.34045,-3.76722],[-43.34786,-3.8038],[-43.37116,-3.80621],[-43.40964,-3.77571],[-43.41137,-3.76276]]]}},{"type":"Feature","properties":{"id":361,"n":"Povoado Lobo","mn":"Chapadinha","mi":2103208,"nl":1,"ap":139,"cp":106,"lx":-43.62372,"ly":-3.99842},"geometry":{"type":"Polygon","coordinates":[[[-43.66418,-3.9988],[-43.60846,-3.96612],[-43.59371,-4.06306],[-43.60083,-4.06807],[-43.6009,-4.0676],[-43.5994,-4.063],[-43.5998,-4.0613],[-43.5993,-4.0585],[-43.5998,-4.0563],[-43.5997,-4.0523],[-43.6011,-4.0499],[-43.6014,-4.048],[-43.6012,-4.0465],[-43.60219,-4.04372],[-43.6056,-4.042],[-43.6083,-4.0418],[-43.6101,-4.0411],[-43.6108,-4.0382],[-43.612,-4.03461],[-43.6128,-4.0342],[-43.6143,-4.0311],[-43.61511,-4.0305],[-43.6187,-4.0311],[-43.62,-4.03021],[-43.6212,-4.031],[-43.6233,-4.0312],[-43.625,-4.0296],[-43.6261,-4.0277],[-43.6275,-4.0267],[-43.6315,-4.0208],[-43.6323,-4.0201],[-43.6326,-4.0169],[-43.63459,-4.01511],[-43.6361,-4.0149],[-43.6376,-4.0158],[-43.6407,-4.0129],[-43.64151,-4.0097],[-43.6436,-4.0085],[-43.646,-4.0063],[-43.6478,-4.006],[-43.6496,-4.0072],[-43.6526,-4.0079],[-43.6556,-4.0076],[-43.6599,-4.0013],[-43.66418,-3.9988]]]}},{"type":"Feature","properties":{"id":362,"n":"Povoado Juçaral","mn":"Chapadinha","mi":2103208,"nl":1,"ap":87,"cp":85,"lx":-43.516,"ly":-3.97597},"geometry":{"type":"Polygon","coordinates":[[[-43.54859,-3.95786],[-43.54418,-3.94986],[-43.47127,-3.94639],[-43.46839,-3.95099],[-43.46275,-3.98839],[-43.5361,-4.01056],[-43.54859,-3.95786]]]}},{"type":"Feature","properties":{"id":363,"n":"Povoado Brejo do Meio","mn":"Chapadinha","mi":2103208,"nl":1,"ap":461,"cp":364,"lx":-43.51818,"ly":-3.9198},"geometry":{"type":"Polygon","coordinates":[[[-43.54954,-3.89683],[-43.53582,-3.86711],[-43.46664,-3.92602],[-43.47127,-3.94639],[-43.54418,-3.94986],[-43.54954,-3.89683]]]}},{"type":"Feature","properties":{"id":364,"n":"Nova Jerusalem","mn":"Codó","mi":2103307,"nl":2,"ap":4179,"cp":3061,"lx":-43.90548,"ly":-4.46045},"geometry":{"type":"Polygon","coordinates":[[[-43.94571,-4.45556],[-43.90542,-4.45436],[-43.89795,-4.45509],[-43.89339,-4.45983],[-43.89347,-4.46068],[-43.89973,-4.46391],[-43.90427,-4.46692],[-43.90716,-4.46629],[-43.94571,-4.45556]]]}},{"type":"Feature","properties":{"id":365,"n":"Sao Pedro","mn":"Codó","mi":2103307,"nl":1,"ap":2905,"cp":2241,"lx":-43.89309,"ly":-4.4559},"geometry":{"type":"Polygon","coordinates":[[[-43.89795,-4.45509],[-43.89754,-4.45453],[-43.89275,-4.45275],[-43.89019,-4.45243],[-43.88895,-4.45535],[-43.89114,-4.45842],[-43.89339,-4.45983],[-43.89795,-4.45509]]]}},{"type":"Feature","properties":{"id":366,"n":"Sao Francisco","mn":"Codó","mi":2103307,"nl":7,"ap":9854,"cp":7704,"lx":-43.92816,"ly":-4.42969},"geometry":{"type":"Polygon","coordinates":[[[-43.96672,-4.45267],[-43.95781,-4.41777],[-43.92523,-4.39814],[-43.91771,-4.39308],[-43.893,-4.44358],[-43.89236,-4.44389],[-43.88904,-4.44867],[-43.88979,-4.44928],[-43.89019,-4.45243],[-43.89275,-4.45275],[-43.89753,-4.45453],[-43.89795,-4.45509],[-43.90542,-4.45436],[-43.94571,-4.45556],[-43.96672,-4.45267]]]}},{"type":"Feature","properties":{"id":367,"n":"Codo Novo","mn":"Codó","mi":2103307,"nl":4,"ap":7158,"cp":5217,"lx":-43.89566,"ly":-4.47638},"geometry":{"type":"Polygon","coordinates":[[[-43.90716,-4.46629],[-43.90427,-4.46692],[-43.90359,-4.46739],[-43.89518,-4.46788],[-43.89299,-4.47021],[-43.89209,-4.47037],[-43.88485,-4.47729],[-43.88967,-4.48021],[-43.89627,-4.48928],[-43.9066,-4.4878],[-43.90167,-4.47899],[-43.90716,-4.46629]]]}},{"type":"Feature","properties":{"id":368,"n":"Sao Sebastiao","mn":"Codó","mi":2103307,"nl":5,"ap":12415,"cp":9742,"lx":-43.88619,"ly":-4.46918},"geometry":{"type":"Polygon","coordinates":[[[-43.89347,-4.46068],[-43.89339,-4.45983],[-43.89114,-4.45842],[-43.88895,-4.45535],[-43.88595,-4.45507],[-43.88514,-4.45575],[-43.8842,-4.4589],[-43.88539,-4.46069],[-43.88531,-4.46162],[-43.88378,-4.46411],[-43.88134,-4.4666],[-43.88151,-4.47007],[-43.88017,-4.47665],[-43.88485,-4.47729],[-43.89209,-4.47036],[-43.88985,-4.46557],[-43.89007,-4.46461],[-43.89044,-4.46385],[-43.89331,-4.46103],[-43.89347,-4.46068]]]}},{"type":"Feature","properties":{"id":369,"n":"Santo Antonio","mn":"Codó","mi":2103307,"nl":2,"ap":4480,"cp":3359,"lx":-43.86339,"ly":-4.47309},"geometry":{"type":"Polygon","coordinates":[[[-43.8854,-4.46069],[-43.8842,-4.4589],[-43.87671,-4.45953],[-43.87155,-4.45834],[-43.85658,-4.46466],[-43.81624,-4.48738],[-43.86641,-4.4834],[-43.88017,-4.47665],[-43.88151,-4.47007],[-43.88134,-4.4666],[-43.88378,-4.46411],[-43.88531,-4.46162],[-43.8854,-4.46069]]]}},{"type":"Feature","properties":{"id":370,"n":"Santa Terezinha","mn":"Codó","mi":2103307,"nl":4,"ap":4855,"cp":3536,"lx":-43.93198,"ly":-4.47568},"geometry":{"type":"MultiPolygon","coordinates":[[[[-43.89627,-4.48928],[-43.88967,-4.48021],[-43.88485,-4.47729],[-43.88017,-4.47665],[-43.86641,-4.4834],[-43.88916,-4.49753],[-43.89627,-4.48928]]],[[[-43.90427,-4.46692],[-43.89973,-4.46391],[-43.89347,-4.46068],[-43.8933,-4.46104],[-43.89043,-4.46385],[-43.89007,-4.46461],[-43.88985,-4.46558],[-43.89209,-4.47036],[-43.89299,-4.47021],[-43.89519,-4.46788],[-43.90359,-4.46738],[-43.90427,-4.46692]]],[[[-43.97366,-4.46679],[-43.96672,-4.45267],[-43.94572,-4.45556],[-43.90716,-4.46629],[-43.90167,-4.47899],[-43.9066,-4.4878],[-43.93561,-4.49248],[-43.97366,-4.46679]]]]}},{"type":"Feature","properties":{"id":371,"n":"Sao Raimundo","mn":"Codó","mi":2103307,"nl":1,"ap":2200,"cp":1621,"lx":-43.86822,"ly":-4.45541},"geometry":{"type":"Polygon","coordinates":[[[-43.87568,-4.44654],[-43.87496,-4.43814],[-43.85658,-4.46466],[-43.87155,-4.45834],[-43.87568,-4.44654]]]}},{"type":"Feature","properties":{"id":372,"n":"Povoado Santa Rita do Aureliano","mn":"Codó","mi":2103307,"nl":1,"ap":695,"cp":503,"lx":-43.61624,"ly":-4.31573},"geometry":{"type":"Polygon","coordinates":[[[-43.66234,-4.23429],[-43.59459,-4.22851],[-43.5946,-4.2284],[-43.58875,-4.22534],[-43.57871,-4.29604],[-43.57085,-4.35568],[-43.61992,-4.35897],[-43.6539,-4.34546],[-43.66234,-4.23429]]]}},{"type":"Feature","properties":{"id":373,"n":"Povoado Bom Jesus","mn":"Codó","mi":2103307,"nl":1,"ap":618,"cp":416,"lx":-44.07378,"ly":-4.81761},"geometry":{"type":"Polygon","coordinates":[[[-44.3606,-4.8787],[-44.3598,-4.876],[-44.3509,-4.8576],[-44.349,-4.856],[-44.3467,-4.8546],[-44.3447,-4.849],[-44.344,-4.8478],[-44.3423,-4.8469],[-44.3395,-4.8466],[-44.3285,-4.8474],[-44.325,-4.8462],[-44.3234,-4.8445],[-44.3222,-4.8423],[-44.322,-4.8398],[-44.3224,-4.8346],[-44.3171,-4.8367],[-44.3162,-4.8377],[-44.3131,-4.8403],[-44.31119,-4.8437],[-44.3067,-4.8447],[-44.3033,-4.8446],[-44.30231,-4.84489],[-44.3012,-4.8424],[-44.3008,-4.8406],[-44.2996,-4.8374],[-44.298,-4.8364],[-44.29559,-4.83659],[-44.2939,-4.8355],[-44.2933,-4.8337],[-44.2917,-4.8318],[-44.2863,-4.8301],[-44.2845,-4.8278],[-44.2844,-4.8246],[-44.2819,-4.824],[-44.2774,-4.8242],[-44.27458,-4.82649],[-44.2688,-4.8232],[-44.2654,-4.8197],[-44.263,-4.8161],[-44.25391,-4.81619],[-44.2534,-4.8133],[-44.2468,-4.7998],[-44.2444,-4.7953],[-44.2413,-4.7927],[-44.2396,-4.7929],[-44.23621,-4.7921],[-44.2345,-4.7911],[-44.2334,-4.7897],[-44.2307,-4.7847],[-44.2284,-4.7818],[-44.2276,-4.7802],[-44.228,-4.7752],[-44.2269,-4.7726],[-44.2235,-4.7683],[-44.2215,-4.7623],[-44.2203,-4.7594],[-44.21724,-4.75534],[-44.09885,-4.71329],[-44.01915,-4.72993],[-43.93706,-4.83608],[-44.00777,-4.88968],[-44.11572,-4.97027],[-44.1169,-4.9707],[-44.1195,-4.9707],[-44.1227,-4.9702],[-44.1253,-4.969],[-44.1274,-4.9668],[-44.1294,-4.9664],[-44.1308,-4.9657],[-44.13291,-4.9633],[-44.1352,-4.9634],[-44.1368,-4.9639],[-44.1391,-4.9641],[-44.1408,-4.9637],[-44.1428,-4.9646],[-44.1436,-4.9634],[-44.14351,-4.96071],[-44.1447,-4.9604],[-44.1437,-4.959],[-44.1439,-4.9575],[-44.14261,-4.95679],[-44.1433,-4.9546],[-44.1423,-4.9531],[-44.142,-4.9516],[-44.1386,-4.9504],[-44.1372,-4.9494],[-44.13541,-4.9489],[-44.1344,-4.9468],[-44.1333,-4.9456],[-44.1309,-4.94419],[-44.12861,-4.9415],[-44.1294,-4.94],[-44.1295,-4.938],[-44.12651,-4.93591],[-44.1267,-4.9346],[-44.125,-4.9333],[-44.1229,-4.9331],[-44.1218,-4.9348],[-44.12011,-4.93589],[-44.11813,-4.93607],[-44.1192,-4.9341],[-44.11801,-4.93279],[-44.1199,-4.9303],[-44.1196,-4.9287],[-44.11852,-4.92818],[-44.1199,-4.9264],[-44.1191,-4.9254],[-44.1175,-4.9248],[-44.1169,-4.9237],[-44.1157,-4.92339],[-44.11431,-4.9216],[-44.11472,-4.9211],[-44.1167,-4.9215],[-44.1174,-4.9207],[-44.1189,-4.9205],[-44.1193,-4.9195],[-44.1181,-4.9178],[-44.1163,-4.91719],[-44.116,-4.916],[-44.11461,-4.915],[-44.1146,-4.9142],[-44.1131,-4.91169],[-44.1134,-4.90982],[-44.1142,-4.9098],[-44.1148,-4.9082],[-44.1163,-4.9072],[-44.117,-4.9059],[-44.1193,-4.9051],[-44.1205,-4.90233],[-44.1224,-4.9043],[-44.13059,-4.9086],[-44.1316,-4.9096],[-44.1377,-4.912],[-44.1387,-4.912],[-44.1392,-4.9105],[-44.1417,-4.9096],[-44.1426,-4.9082],[-44.1448,-4.9069],[-44.1456,-4.90591],[-44.14779,-4.9057],[-44.1492,-4.9065],[-44.1554,-4.9068],[-44.15769,-4.9073],[-44.1603,-4.9094],[-44.1645,-4.9102],[-44.168,-4.9119],[-44.1704,-4.9122],[-44.1709,-4.9098],[-44.1699,-4.90879],[-44.1692,-4.9047],[-44.1669,-4.902],[-44.16631,-4.90071],[-44.1677,-4.8994],[-44.1711,-4.8981],[-44.1727,-4.8952],[-44.17192,-4.8927],[-44.1765,-4.8903],[-44.17849,-4.8895],[-44.1803,-4.8898],[-44.1832,-4.8887],[-44.1842,-4.8875],[-44.1837,-4.8861],[-44.1838,-4.8842],[-44.18621,-4.8792],[-44.1881,-4.8791],[-44.1915,-4.8794],[-44.1942,-4.879],[-44.1984,-4.8822],[-44.1999,-4.8822],[-44.20251,-4.8809],[-44.2047,-4.8811],[-44.2081,-4.88271],[-44.20979,-4.88509],[-44.2098,-4.8859],[-44.2119,-4.88821],[-44.2126,-4.8908],[-44.2111,-4.8929],[-44.2133,-4.8967],[-44.2144,-4.8992],[-44.2172,-4.9076],[-44.2191,-4.9089],[-44.2224,-4.9091],[-44.2271,-4.9074],[-44.2322,-4.9072],[-44.2363,-4.9056],[-44.2406,-4.9056],[-44.24339,-4.9066],[-44.2461,-4.9087],[-44.2503,-4.913],[-44.2538,-4.9145],[-44.255,-4.9173],[-44.2562,-4.9232],[-44.2581,-4.9253],[-44.2614,-4.9258],[-44.2644,-4.9266],[-44.2659,-4.9258],[-44.267,-4.924],[-44.2677,-4.9222],[-44.2677,-4.9191],[-44.2682,-4.9157],[-44.26902,-4.9131],[-44.2957,-4.9144],[-44.3066,-4.9119],[-44.30663,-4.91169],[-44.3579,-4.895],[-44.358,-4.8894],[-44.3584,-4.8878],[-44.3599,-4.8843],[-44.3604,-4.8818],[-44.3606,-4.8787]]]}},{"type":"Feature","properties":{"id":374,"n":"Povoado Palmeira do Norte","mn":"Codó","mi":2103307,"nl":1,"ap":452,"cp":325,"lx":-43.68529,"ly":-4.42426},"geometry":{"type":"Polygon","coordinates":[[[-43.76127,-4.40527],[-43.6539,-4.34546],[-43.61992,-4.35897],[-43.61981,-4.44783],[-43.696,-4.4925],[-43.6993,-4.4914],[-43.7026,-4.4901],[-43.7037,-4.4871],[-43.70154,-4.47972],[-43.7072,-4.4813],[-43.7128,-4.4801],[-43.7163,-4.4811],[-43.7197,-4.4762],[-43.7182,-4.47469],[-43.7176,-4.4714],[-43.718,-4.46922],[-43.72029,-4.46831],[-43.7228,-4.4697],[-43.7243,-4.4714],[-43.7304,-4.4708],[-43.7343,-4.4734],[-43.73693,-4.46652],[-43.7387,-4.4676],[-43.7409,-4.4719],[-43.7439,-4.4714],[-43.74522,-4.46782],[-43.7466,-4.4688],[-43.7506,-4.4688],[-43.75298,-4.47208],[-43.75209,-4.4734],[-43.7472,-4.4742],[-43.7421,-4.4756],[-43.7374,-4.4815],[-43.73437,-4.48951],[-43.75293,-4.47409],[-43.76127,-4.40527]]]}},{"type":"Feature","properties":{"id":375,"n":"Centro","mn":"Codó","mi":2103307,"nl":2,"ap":3052,"cp":2399,"lx":-43.88742,"ly":-4.45198},"geometry":{"type":"Polygon","coordinates":[[[-43.89019,-4.45243],[-43.88979,-4.44928],[-43.88904,-4.44867],[-43.8868,-4.44769],[-43.88448,-4.45142],[-43.88075,-4.45151],[-43.88056,-4.45515],[-43.88514,-4.45575],[-43.88596,-4.45507],[-43.88895,-4.45535],[-43.89019,-4.45243]]]}},{"type":"Feature","properties":{"id":376,"n":"Santa Filomena","mn":"Codó","mi":2103307,"nl":1,"ap":1786,"cp":1355,"lx":-43.88159,"ly":-4.45707},"geometry":{"type":"Polygon","coordinates":[[[-43.88514,-4.45575],[-43.88056,-4.45515],[-43.87669,-4.45952],[-43.8842,-4.4589],[-43.88514,-4.45575]]]}},{"type":"Feature","properties":{"id":377,"n":"Povoado Bacabinha","mn":"Codó","mi":2103307,"nl":1,"ap":1042,"cp":802,"lx":-43.87723,"ly":-4.5622},"geometry":{"type":"Polygon","coordinates":[[[-43.92841,-4.59939],[-43.90948,-4.52789],[-43.88964,-4.52039],[-43.81912,-4.52843],[-43.84829,-4.59674],[-43.90547,-4.61637],[-43.92841,-4.59939]]]}},{"type":"Feature","properties":{"id":378,"n":"Povoado Canto do Coxo","mn":"Codó","mi":2103307,"nl":1,"ap":1233,"cp":946,"lx":-43.78024,"ly":-4.69502},"geometry":{"type":"Polygon","coordinates":[[[-43.91456,-4.83227],[-43.90758,-4.78733],[-43.79991,-4.63378],[-43.71918,-4.65406],[-43.73719,-4.74122],[-43.7378,-4.7415],[-43.7429,-4.7414],[-43.7449,-4.7421],[-43.83538,-4.7564],[-43.8379,-4.7595],[-43.8405,-4.76151],[-43.84159,-4.76341],[-43.8384,-4.7688],[-43.8378,-4.7722],[-43.8353,-4.779],[-43.8283,-4.7864],[-43.8266,-4.789],[-43.8271,-4.7904],[-43.8304,-4.7943],[-43.8306,-4.7966],[-43.8314,-4.7984],[-43.8327,-4.79761],[-43.8341,-4.79831],[-43.8345,-4.7998],[-43.8352,-4.8045],[-43.8366,-4.8065],[-43.8398,-4.8084],[-43.8413,-4.8106],[-43.8415,-4.81371],[-43.8408,-4.8165],[-43.8397,-4.8181],[-43.8395,-4.8195],[-43.8408,-4.8225],[-43.8419,-4.82331],[-43.8428,-4.8268],[-43.844,-4.829],[-43.8449,-4.8338],[-43.8457,-4.8363],[-43.8453,-4.8377],[-43.8461,-4.842],[-43.8459,-4.8438],[-43.8432,-4.85],[-43.8424,-4.8532],[-43.84244,-4.85376],[-43.91456,-4.83227]]]}},{"type":"Feature","properties":{"id":379,"n":"Povoado Cajazeiras","mn":"Codó","mi":2103307,"nl":2,"ap":2234,"cp":1658,"lx":-43.93755,"ly":-4.94224},"geometry":{"type":"Polygon","coordinates":[[[-44.11572,-4.97027],[-44.00777,-4.88968],[-43.93706,-4.83608],[-43.91456,-4.83227],[-43.84244,-4.85376],[-43.843,-4.8616],[-43.851,-4.8693],[-43.8527,-4.87249],[-43.8528,-4.8821],[-43.8512,-4.8846],[-43.8455,-4.886],[-43.8405,-4.8895],[-43.8368,-4.8893],[-43.8329,-4.8931],[-43.8313,-4.898],[-43.8341,-4.9191],[-43.8314,-4.9268],[-43.831,-4.9317],[-43.8353,-4.9381],[-43.84131,-4.93731],[-43.8441,-4.9387],[-43.8482,-4.9444],[-43.8521,-4.9545],[-43.855,-4.9673],[-43.856,-4.9781],[-43.8656,-4.9865],[-43.8672,-4.9933],[-43.8709,-5.0007],[-43.8742,-5.0013],[-43.8822,-5.0087],[-43.8926,-5.0151],[-43.8975,-5.0166],[-43.8984,-5.0183],[-43.8992,-5.0216],[-43.9018,-5.0261],[-43.9049,-5.027],[-43.9082,-5.0243],[-43.9109,-5.02271],[-43.9166,-5.0261],[-43.92591,-5.0259],[-43.9289,-5.0275],[-43.9312,-5.0314],[-43.93529,-5.0328],[-43.9358,-5.0349],[-43.9383,-5.036],[-43.9412,-5.0382],[-43.9437,-5.0424],[-43.9458,-5.0443],[-43.9509,-5.0459],[-43.9545,-5.0468],[-43.95749,-5.0479],[-43.9586,-5.0497],[-43.9599,-5.0505],[-43.9625,-5.0451],[-43.9654,-5.0421],[-43.9694,-5.0419],[-43.9732,-5.0422],[-43.9749,-5.0416],[-43.9757,-5.0401],[-43.9775,-5.0355],[-43.9791,-5.034],[-43.9834,-5.0313],[-43.9848,-5.0284],[-43.9837,-5.0219],[-43.9854,-5.0191],[-43.9867,-5.0156],[-43.9871,-5.0138],[-43.98711,-5.0107],[-43.9898,-5.009],[-43.9971,-5.0028],[-44.0009,-5.0007],[-44.0046,-4.9999],[-44.0086,-4.9976],[-44.0114,-4.9927],[-44.0127,-4.9914],[-44.01341,-4.98819],[-44.0145,-4.9867],[-44.0163,-4.9857],[-44.018,-4.9841],[-44.0195,-4.9815],[-44.0208,-4.9801],[-44.023,-4.9795],[-44.0276,-4.9796],[-44.0316,-4.9782],[-44.0347,-4.97771],[-44.0364,-4.9799],[-44.0382,-4.9837],[-44.0403,-4.985],[-44.0431,-4.9862],[-44.0442,-4.9871],[-44.0447,-4.9886],[-44.0476,-4.9909],[-44.0489,-4.9911],[-44.0535,-4.991],[-44.0564,-4.9912],[-44.0584,-4.9923],[-44.0616,-4.9962],[-44.0636,-4.997],[-44.0655,-4.9965],[-44.0664,-4.9939],[-44.06612,-4.9924],[-44.0689,-4.9919],[-44.0698,-4.9911],[-44.0741,-4.9887],[-44.0761,-4.98571],[-44.07749,-4.9854],[-44.0793,-4.986],[-44.0824,-4.9885],[-44.0847,-4.9894],[-44.0898,-4.9885],[-44.093,-4.9866],[-44.0949,-4.9863],[-44.0973,-4.987],[-44.0991,-4.9879],[-44.1019,-4.9886],[-44.1033,-4.9882],[-44.1065,-4.9887],[-44.1085,-4.9881],[-44.1097,-4.9861],[-44.1099,-4.9838],[-44.1091,-4.9816],[-44.1106,-4.9786],[-44.1106,-4.9739],[-44.1113,-4.97141],[-44.11301,-4.9699],[-44.1147,-4.9699],[-44.11572,-4.97027]]]}},{"type":"Feature","properties":{"id":380,"n":"Povoado Santana Velha","mn":"Codó","mi":2103307,"nl":1,"ap":485,"cp":349,"lx":-44.00022,"ly":-4.4449},"geometry":{"type":"Polygon","coordinates":[[[-44.05846,-4.45754],[-44.0003,-4.3959],[-43.98947,-4.38548],[-43.95781,-4.41777],[-43.96672,-4.45267],[-43.97366,-4.46679],[-43.99847,-4.48523],[-44.00172,-4.48588],[-44.05846,-4.45754]]]}},{"type":"Feature","properties":{"id":381,"n":"Povoado Livramento","mn":"Codó","mi":2103307,"nl":1,"ap":501,"cp":369,"lx":-44.06864,"ly":-4.64468},"geometry":{"type":"Polygon","coordinates":[[[-44.1209,-4.58649],[-44.07023,-4.59023],[-44.02895,-4.62269],[-44.01915,-4.72993],[-44.09885,-4.71329],[-44.1209,-4.58649]]]}},{"type":"Feature","properties":{"id":382,"n":"Sao Benedito","mn":"Codó","mi":2103307,"nl":2,"ap":3675,"cp":2840,"lx":-43.89046,"ly":-4.39951},"geometry":{"type":"Polygon","coordinates":[[[-43.91771,-4.39308],[-43.8635,-4.35251],[-43.8616,-4.3524],[-43.8588,-4.3495],[-43.85807,-4.34929],[-43.87536,-4.43292],[-43.88486,-4.44405],[-43.8868,-4.44769],[-43.88904,-4.44867],[-43.89236,-4.4439],[-43.893,-4.44359],[-43.91771,-4.39308]]]}},{"type":"Feature","properties":{"id":383,"n":"Povoado Bouqueirao dos Vieiras","mn":"Codó","mi":2103307,"nl":1,"ap":568,"cp":422,"lx":-43.66851,"ly":-4.68154},"geometry":{"type":"Polygon","coordinates":[[[-43.73719,-4.74122],[-43.71918,-4.65406],[-43.64684,-4.57834],[-43.6446,-4.5803],[-43.6429,-4.5813],[-43.6409,-4.5835],[-43.6386,-4.58919],[-43.6363,-4.5913],[-43.6348,-4.5934],[-43.6337,-4.5966],[-43.6305,-4.6006],[-43.6293,-4.6013],[-43.6264,-4.6046],[-43.6238,-4.6085],[-43.6204,-4.6122],[-43.6199,-4.6138],[-43.6198,-4.6194],[-43.6187,-4.6229],[-43.6185,-4.6246],[-43.6171,-4.6283],[-43.6159,-4.6299],[-43.614,-4.6338],[-43.6105,-4.6368],[-43.6071,-4.6376],[-43.6052,-4.6377],[-43.6009,-4.6394],[-43.5964,-4.6425],[-43.5933,-4.64639],[-43.592,-4.6469],[-43.5899,-4.6486],[-43.5884,-4.6505],[-43.5876,-4.6534],[-43.5869,-4.6571],[-43.5858,-4.6582],[-43.5843,-4.6587],[-43.5859,-4.6609],[-43.5889,-4.6617],[-43.59069,-4.663],[-43.5908,-4.6682],[-43.5912,-4.6696],[-43.5926,-4.6711],[-43.5956,-4.6733],[-43.6011,-4.6748],[-43.6031,-4.6769],[-43.6055,-4.67821],[-43.6061,-4.6794],[-43.607,-4.6845],[-43.61,-4.686],[-43.61099,-4.68709],[-43.6108,-4.6889],[-43.6126,-4.6916],[-43.6133,-4.6942],[-43.6158,-4.6975],[-43.6177,-4.70329],[-43.6173,-4.7052],[-43.6184,-4.7072],[-43.6195,-4.7112],[-43.6201,-4.7125],[-43.6216,-4.71351],[-43.6216,-4.7167],[-43.6235,-4.717],[-43.6261,-4.7194],[-43.62928,-4.72071],[-43.6287,-4.7221],[-43.6288,-4.7235],[-43.6303,-4.72381],[-43.6303,-4.7268],[-43.6336,-4.7323],[-43.6329,-4.7343],[-43.6323,-4.7398],[-43.6343,-4.7417],[-43.6385,-4.7428],[-43.63999,-4.74399],[-43.6396,-4.7473],[-43.6412,-4.7498],[-43.6425,-4.7509],[-43.6463,-4.7512],[-43.6471,-4.752],[-43.6487,-4.7522],[-43.6532,-4.7547],[-43.6556,-4.7536],[-43.6581,-4.755],[-43.6599,-4.7544],[-43.66121,-4.7524],[-43.667,-4.7511],[-43.67,-4.7496],[-43.6727,-4.7467],[-43.6752,-4.7431],[-43.67751,-4.7387],[-43.687,-4.7358],[-43.6937,-4.7356],[-43.7005,-4.7316],[-43.7137,-4.7348],[-43.718,-4.7366],[-43.7217,-4.7392],[-43.7337,-4.7396],[-43.73719,-4.74122]]]}},{"type":"Feature","properties":{"id":384,"n":"Trizidela","mn":"Codó","mi":2103307,"nl":2,"ap":5569,"cp":4082,"lx":-43.81821,"ly":-4.42434},"geometry":{"type":"MultiPolygon","coordinates":[[[[-43.87536,-4.43292],[-43.85807,-4.34929],[-43.856,-4.3487],[-43.8534,-4.3467],[-43.8487,-4.3454],[-43.84222,-4.34769],[-43.8396,-4.3444],[-43.83519,-4.34599],[-43.8342,-4.3449],[-43.8339,-4.3422],[-43.8313,-4.3387],[-43.82948,-4.33564],[-43.76127,-4.40527],[-43.75293,-4.47409],[-43.78773,-4.4944],[-43.81624,-4.48738],[-43.85658,-4.46466],[-43.87496,-4.43814],[-43.87536,-4.43292]]],[[[-43.88075,-4.45151],[-43.87568,-4.44654],[-43.87155,-4.45834],[-43.87669,-4.45952],[-43.88056,-4.45515],[-43.88075,-4.45151]]]]}},{"type":"Feature","properties":{"id":385,"n":"Monte Cristo","mn":"Codó","mi":2103307,"nl":1,"ap":712,"cp":542,"lx":-44.16616,"ly":-4.62415},"geometry":{"type":"Polygon","coordinates":[[[-44.234,-4.6217],[-44.2314,-4.6179],[-44.22729,-4.61669],[-44.222,-4.6101],[-44.2203,-4.60541],[-44.221,-4.6006],[-44.2224,-4.59801],[-44.2262,-4.5972],[-44.2302,-4.5959],[-44.2309,-4.5934],[-44.2298,-4.5899],[-44.23,-4.5826],[-44.2275,-4.5785],[-44.2225,-4.57749],[-44.2216,-4.5746],[-44.2214,-4.57],[-44.2193,-4.56829],[-44.2187,-4.5623],[-44.21788,-4.55145],[-44.1209,-4.58649],[-44.09885,-4.71329],[-44.21724,-4.75534],[-44.1976,-4.7293],[-44.1996,-4.722],[-44.2032,-4.7129],[-44.2027,-4.7097],[-44.1995,-4.7052],[-44.1992,-4.6911],[-44.2004,-4.6875],[-44.2076,-4.6765],[-44.2086,-4.6746],[-44.2069,-4.6726],[-44.2047,-4.668],[-44.2045,-4.6637],[-44.2032,-4.66179],[-44.2042,-4.65781],[-44.206,-4.6572],[-44.20602,-4.65559],[-44.2075,-4.6548],[-44.2119,-4.6538],[-44.2167,-4.6521],[-44.22039,-4.64782],[-44.2217,-4.6485],[-44.2266,-4.6456],[-44.2319,-4.6325],[-44.2333,-4.6279],[-44.234,-4.6217]]]}},{"type":"Feature","properties":{"id":386,"n":"Povoado Santana do Machado","mn":"Codó","mi":2103307,"nl":1,"ap":411,"cp":309,"lx":-43.58644,"ly":-4.38988},"geometry":{"type":"Polygon","coordinates":[[[-43.61992,-4.35898],[-43.57085,-4.35568],[-43.49206,-4.37307],[-43.5584,-4.4118],[-43.61981,-4.44783],[-43.61992,-4.35898]]]}},{"type":"Feature","properties":{"id":387,"n":"Povoado Lagoa da City","mn":"Codó","mi":2103307,"nl":1,"ap":279,"cp":170,"lx":-43.91494,"ly":-4.35458},"geometry":{"type":"Polygon","coordinates":[[[-43.98947,-4.38548],[-43.9369,-4.3349],[-43.9359,-4.3335],[-43.9357,-4.3313],[-43.9343,-4.3265],[-43.9332,-4.3251],[-43.9321,-4.3217],[-43.9304,-4.3192],[-43.9284,-4.3169],[-43.9262,-4.3135],[-43.9261,-4.3107],[-43.9253,-4.3094],[-43.9244,-4.3062],[-43.9209,-4.3098],[-43.9168,-4.3119],[-43.913,-4.3143],[-43.9104,-4.3176],[-43.90809,-4.3261],[-43.90541,-4.327],[-43.904,-4.326],[-43.9023,-4.32699],[-43.9014,-4.3265],[-43.8976,-4.3262],[-43.8964,-4.3274],[-43.8951,-4.3301],[-43.8927,-4.3332],[-43.8906,-4.335],[-43.8892,-4.3378],[-43.8854,-4.3401],[-43.8822,-4.3449],[-43.88269,-4.3498],[-43.8774,-4.3539],[-43.8732,-4.35649],[-43.8711,-4.3543],[-43.86861,-4.3548],[-43.8668,-4.3527],[-43.8635,-4.35251],[-43.91771,-4.39308],[-43.92523,-4.39814],[-43.95781,-4.41777],[-43.98947,-4.38548]]]}},{"type":"Feature","properties":{"id":388,"n":"Povoado Boi Nao Berra","mn":"Codó","mi":2103307,"nl":1,"ap":686,"cp":506,"lx":-43.72095,"ly":-4.30943},"geometry":{"type":"Polygon","coordinates":[[[-43.82948,-4.33564],[-43.8291,-4.335],[-43.8248,-4.3312],[-43.8228,-4.3282],[-43.8183,-4.3289],[-43.8148,-4.3271],[-43.81299,-4.32769],[-43.808,-4.3247],[-43.8055,-4.3199],[-43.8028,-4.3169],[-43.8008,-4.3132],[-43.7523,-4.242],[-43.66234,-4.23429],[-43.6539,-4.34546],[-43.76127,-4.40527],[-43.82948,-4.33564]]]}},{"type":"Feature","properties":{"id":389,"n":"Povoado Viração","mn":"Codó","mi":2103307,"nl":1,"ap":535,"cp":357,"lx":-44.09037,"ly":-4.54773},"geometry":{"type":"Polygon","coordinates":[[[-44.21788,-4.55145],[-44.2178,-4.5504],[-44.2166,-4.5473],[-44.2106,-4.5462],[-44.2086,-4.5451],[-44.2071,-4.5427],[-44.206,-4.5392],[-44.2036,-4.5352],[-44.1993,-4.5322],[-44.19611,-4.52891],[-44.1961,-4.5276],[-44.08754,-4.50571],[-44.0935,-4.4948],[-44.05846,-4.45754],[-44.00172,-4.48588],[-44.03281,-4.53536],[-44.07023,-4.59023],[-44.1209,-4.58649],[-44.21788,-4.55145]]]}},{"type":"Feature","properties":{"id":390,"n":"Povoado Boa Vista","mn":"Codó","mi":2103307,"nl":2,"ap":1495,"cp":1061,"lx":-43.49794,"ly":-4.28188},"geometry":{"type":"Polygon","coordinates":[[[-43.58875,-4.22534],[-43.5157,-4.1867],[-43.5004,-4.1902],[-43.4295,-4.223],[-43.3682,-4.3018],[-43.49205,-4.37307],[-43.57085,-4.35568],[-43.57871,-4.29604],[-43.58875,-4.22534]]]}},{"type":"Feature","properties":{"id":391,"n":"Povoado Km 17","mn":"Codó","mi":2103307,"nl":2,"ap":2817,"cp":1976,"lx":-44.00296,"ly":-4.56992},"geometry":{"type":"Polygon","coordinates":[[[-44.07023,-4.59023],[-44.03281,-4.53536],[-44.00172,-4.48588],[-43.99847,-4.48523],[-43.93777,-4.5973],[-44.02894,-4.62269],[-44.07023,-4.59023]]]}},{"type":"Feature","properties":{"id":392,"n":"Povoado Axixa","mn":"Codó","mi":2103307,"nl":1,"ap":351,"cp":261,"lx":-43.75796,"ly":-4.57005},"geometry":{"type":"Polygon","coordinates":[[[-43.84829,-4.59674],[-43.81912,-4.52843],[-43.78773,-4.4944],[-43.75293,-4.47409],[-43.73437,-4.48951],[-43.73349,-4.49181],[-43.7272,-4.4958],[-43.723,-4.5005],[-43.7221,-4.5012],[-43.7207,-4.5044],[-43.7159,-4.5106],[-43.7133,-4.5131],[-43.7118,-4.5149],[-43.7103,-4.5156],[-43.7091,-4.5169],[-43.7055,-4.5187],[-43.7031,-4.5227],[-43.7002,-4.5248],[-43.6992,-4.5258],[-43.6986,-4.5276],[-43.6963,-4.5311],[-43.6945,-4.5324],[-43.6919,-4.5336],[-43.6899,-4.5349],[-43.6882,-4.5356],[-43.6826,-4.5398],[-43.6814,-4.5433],[-43.6808,-4.5461],[-43.6791,-4.55],[-43.6767,-4.5526],[-43.6737,-4.555],[-43.67,-4.5562],[-43.6662,-4.5578],[-43.6637,-4.5607],[-43.6626,-4.5642],[-43.6614,-4.5673],[-43.6596,-4.5695],[-43.6549,-4.5721],[-43.6522,-4.5745],[-43.6487,-4.5767],[-43.64684,-4.57834],[-43.71918,-4.65406],[-43.79991,-4.63378],[-43.84829,-4.59674]]]}},{"type":"Feature","properties":{"id":393,"n":"Povoado Montevideu","mn":"Codó","mi":2103307,"nl":1,"ap":1172,"cp":875,"lx":-43.90586,"ly":-4.50503},"geometry":{"type":"Polygon","coordinates":[[[-43.93561,-4.49248],[-43.9066,-4.4878],[-43.89627,-4.48928],[-43.88916,-4.49753],[-43.88964,-4.52039],[-43.90948,-4.52789],[-43.93561,-4.49248]]]}},{"type":"Feature","properties":{"id":394,"n":"Povoado Pau Cheiroso","mn":"Codó","mi":2103307,"nl":1,"ap":347,"cp":258,"lx":-43.86237,"ly":-4.64748},"geometry":{"type":"Polygon","coordinates":[[[-43.90758,-4.78733],[-43.90547,-4.61637],[-43.84829,-4.59674],[-43.79991,-4.63378],[-43.90758,-4.78733]]]}},{"type":"Feature","properties":{"id":395,"n":"Povoado Centro dos Monteiros","mn":"Codó","mi":2103307,"nl":1,"ap":661,"cp":456,"lx":-43.96528,"ly":-4.66823},"geometry":{"type":"Polygon","coordinates":[[[-44.02894,-4.62269],[-43.93777,-4.5973],[-43.92841,-4.59939],[-43.90547,-4.61637],[-43.90758,-4.78733],[-43.91456,-4.83227],[-43.93706,-4.83608],[-44.01915,-4.72993],[-44.02894,-4.62269]]]}},{"type":"Feature","properties":{"id":396,"n":"Povoado Santos Dumont (saco)","mn":"Codó","mi":2103307,"nl":1,"ap":598,"cp":447,"lx":-43.94111,"ly":-4.5323},"geometry":{"type":"Polygon","coordinates":[[[-43.99847,-4.48523],[-43.97366,-4.46679],[-43.93561,-4.49248],[-43.90948,-4.52789],[-43.92841,-4.59939],[-43.93777,-4.5973],[-43.99847,-4.48523]]]}},{"type":"Feature","properties":{"id":397,"n":"Povoado Limoeiro","mn":"Codó","mi":2103307,"nl":1,"ap":327,"cp":245,"lx":-43.82737,"ly":-4.50697},"geometry":{"type":"Polygon","coordinates":[[[-43.88964,-4.52039],[-43.88916,-4.49753],[-43.86641,-4.4834],[-43.81624,-4.48738],[-43.78773,-4.4944],[-43.81912,-4.52843],[-43.88964,-4.52039]]]}},{"type":"Feature","properties":{"id":398,"n":"Sao Jose","mn":"Codó","mi":2103307,"nl":1,"ap":2088,"cp":1537,"lx":-43.87977,"ly":-4.44448},"geometry":{"type":"Polygon","coordinates":[[[-43.8868,-4.44769],[-43.88486,-4.44406],[-43.87536,-4.43292],[-43.87496,-4.43814],[-43.87568,-4.44654],[-43.88075,-4.45151],[-43.88448,-4.45143],[-43.8868,-4.44769]]]}},{"type":"Feature","properties":{"id":399,"n":"Centro","mn":"Coroatá","mi":2103604,"nl":11,"ap":19457,"cp":14453,"lx":-44.08533,"ly":-4.13988},"geometry":{"type":"Polygon","coordinates":[[[-44.13514,-4.12871],[-44.13416,-4.12222],[-44.12878,-4.12431],[-44.12753,-4.12586],[-44.12488,-4.12532],[-44.12029,-4.12038],[-44.11346,-4.11606],[-44.10935,-4.1186],[-44.09562,-4.12455],[-44.07349,-4.13309],[-44.07584,-4.15566],[-44.12103,-4.13525],[-44.12415,-4.1346],[-44.12546,-4.13347],[-44.12931,-4.13288],[-44.12949,-4.13251],[-44.13514,-4.12871]]]}},{"type":"Feature","properties":{"id":400,"n":"Macaranduba","mn":"Coroatá","mi":2103604,"nl":2,"ap":2537,"cp":1910,"lx":-44.14088,"ly":-4.12336},"geometry":{"type":"Polygon","coordinates":[[[-44.14803,-4.13354],[-44.14803,-4.13354],[-44.14514,-4.09293],[-44.13974,-4.10598],[-44.13458,-4.12141],[-44.13416,-4.12222],[-44.13514,-4.12871],[-44.14621,-4.13272],[-44.14803,-4.13354]]]}},{"type":"Feature","properties":{"id":401,"n":"Tresidela","mn":"Coroatá","mi":2103604,"nl":4,"ap":5648,"cp":4348,"lx":-44.12723,"ly":-4.11422},"geometry":{"type":"Polygon","coordinates":[[[-44.14735,-4.07675],[-44.11346,-4.11606],[-44.12029,-4.12038],[-44.12487,-4.12532],[-44.12754,-4.12587],[-44.12879,-4.12431],[-44.13416,-4.12222],[-44.13458,-4.12141],[-44.13974,-4.10598],[-44.14514,-4.09293],[-44.14735,-4.07675]]]}},{"type":"Feature","properties":{"id":402,"n":"Cajueiro","mn":"Coroatá","mi":2103604,"nl":1,"ap":1566,"cp":1104,"lx":-44.14253,"ly":-4.13833},"geometry":{"type":"Polygon","coordinates":[[[-44.15098,-4.13998],[-44.14803,-4.13354],[-44.14621,-4.13272],[-44.13514,-4.12871],[-44.12948,-4.13252],[-44.12931,-4.13288],[-44.13397,-4.13989],[-44.14337,-4.14736],[-44.15098,-4.13998]]]}},{"type":"Feature","properties":{"id":403,"n":"Povoado Vila 7 de Setembro","mn":"Coroatá","mi":2103604,"nl":1,"ap":687,"cp":478,"lx":-44.24581,"ly":-4.22159},"geometry":{"type":"Polygon","coordinates":[[[-44.45202,-4.11562],[-44.33301,-4.09292],[-44.2804,-4.131],[-44.18835,-4.21773],[-44.24755,-4.29045],[-44.26658,-4.27741],[-44.2678,-4.2778],[-44.3428,-4.10002],[-44.4469,-4.1292],[-44.4474,-4.1281],[-44.4466,-4.1269],[-44.44492,-4.12568],[-44.4462,-4.1244],[-44.449,-4.1238],[-44.4503,-4.1228],[-44.4505,-4.121],[-44.4519,-4.1198],[-44.4511,-4.1179],[-44.44991,-4.11688],[-44.4503,-4.11591],[-44.4517,-4.1163],[-44.45202,-4.11562]]]}},{"type":"Feature","properties":{"id":404,"n":"Novo Marajá","mn":"Coroatá","mi":2103604,"nl":1,"ap":1760,"cp":1275,"lx":-44.19161,"ly":-4.09154},"geometry":{"type":"Polygon","coordinates":[[[-44.33301,-4.09292],[-44.2969,-4.0658],[-44.16317,-4.03957],[-44.14735,-4.07675],[-44.14514,-4.09293],[-44.14803,-4.13354],[-44.15098,-4.13998],[-44.2804,-4.131],[-44.33301,-4.09292]]]}},{"type":"Feature","properties":{"id":405,"n":"Novo Areal","mn":"Coroatá","mi":2103604,"nl":1,"ap":2567,"cp":1748,"lx":-44.09729,"ly":-4.20667},"geometry":{"type":"Polygon","coordinates":[[[-44.14337,-4.14736],[-44.13397,-4.13989],[-44.12461,-4.14108],[-44.07706,-4.19993],[-44.07597,-4.26749],[-44.09918,-4.25389],[-44.14337,-4.14736]]]}},{"type":"Feature","properties":{"id":406,"n":"Areal","mn":"Coroatá","mi":2103604,"nl":2,"ap":1666,"cp":1202,"lx":-44.08924,"ly":-4.16383},"geometry":{"type":"Polygon","coordinates":[[[-44.13397,-4.13989],[-44.12931,-4.13288],[-44.12546,-4.13347],[-44.12415,-4.1346],[-44.12103,-4.13525],[-44.07584,-4.15566],[-44.07706,-4.19993],[-44.12461,-4.14109],[-44.13397,-4.13989]]]}},{"type":"Feature","properties":{"id":407,"n":"Povoado Flor do Dia","mn":"Coroatá","mi":2103604,"nl":1,"ap":382,"cp":250,"lx":-44.17359,"ly":-4.1778},"geometry":{"type":"Polygon","coordinates":[[[-44.2804,-4.131],[-44.15098,-4.13998],[-44.14337,-4.14736],[-44.09918,-4.25389],[-44.18835,-4.21773],[-44.2804,-4.131]]]}},{"type":"Feature","properties":{"id":408,"n":"Povoado Tatajuba","mn":"Coroatá","mi":2103604,"nl":1,"ap":389,"cp":272,"lx":-44.12748,"ly":-4.30729},"geometry":{"type":"Polygon","coordinates":[[[-44.24755,-4.29045],[-44.18835,-4.21773],[-44.09918,-4.25389],[-44.07597,-4.26749],[-44.06088,-4.2867],[-44.0623,-4.2894],[-44.0632,-4.2903],[-44.0645,-4.29309],[-44.0644,-4.2955],[-44.0646,-4.2988],[-44.0656,-4.3014],[-44.0674,-4.304],[-44.0668,-4.3058],[-44.0655,-4.3079],[-44.064,-4.3124],[-44.064,-4.3145],[-44.06549,-4.31771],[-44.0642,-4.3195],[-44.0619,-4.3216],[-44.0611,-4.3284],[-44.0602,-4.3302],[-44.0611,-4.3356],[-44.0618,-4.3378],[-44.0618,-4.3401],[-44.0625,-4.3417],[-44.0622,-4.3442],[-44.0628,-4.3464],[-44.0639,-4.3489],[-44.0639,-4.3509],[-44.065,-4.35461],[-44.06479,-4.3564],[-44.0628,-4.3573],[-44.0625,-4.362],[-44.0617,-4.3639],[-44.0628,-4.3664],[-44.0621,-4.369],[-44.06099,-4.3708],[-44.0569,-4.3712],[-44.0546,-4.3757],[-44.0544,-4.378],[-44.0535,-4.3791],[-44.0519,-4.3825],[-44.0518,-4.384],[-44.0537,-4.3859],[-44.0572,-4.3883],[-44.07404,-4.39717],[-44.0732,-4.3977],[-44.0721,-4.40219],[-44.0709,-4.4035],[-44.0684,-4.4042],[-44.0661,-4.406],[-44.06411,-4.4065],[-44.06171,-4.4053],[-44.0602,-4.4021],[-44.0589,-4.4004],[-44.0565,-4.399],[-44.0558,-4.39761],[-44.0561,-4.3949],[-44.0576,-4.3918],[-44.0567,-4.3898],[-44.0554,-4.3884],[-44.0519,-4.387],[-44.00043,-4.36366],[-43.98595,-4.3821],[-44.0003,-4.3959],[-44.0935,-4.4948],[-44.1803,-4.3365],[-44.24755,-4.29045]]]}},{"type":"Feature","properties":{"id":409,"n":"Sem Bairro","mn":"Coroatá","mi":2103604,"nl":10,"ap":7480,"cp":5575,"lx":-44.05955,"ly":-3.93293},"geometry":{"type":"MultiPolygon","coordinates":[[[[-44.2969,-4.0658],[-44.24851,-3.93124],[-44.23982,-3.90663],[-44.19881,-3.9274],[-44.196,-3.9276],[-44.19281,-3.92919],[-44.1915,-3.9281],[-44.18919,-3.9285],[-44.1863,-3.9267],[-44.1855,-3.9247],[-44.1845,-3.92379],[-44.1836,-3.9209],[-44.1812,-3.9189],[-44.1806,-3.9178],[-44.1784,-3.9163],[-44.17421,-3.9151],[-44.173,-3.914],[-44.1691,-3.9133],[-44.1671,-3.912],[-44.166,-3.9105],[-44.1653,-3.9085],[-44.165,-3.9059],[-44.1656,-3.9022],[-44.1655,-3.8989],[-44.1629,-3.8965],[-44.1619,-3.8951],[-44.1627,-3.8914],[-44.1617,-3.8845],[-44.1623,-3.8797],[-44.1608,-3.87789],[-44.1596,-3.8702],[-44.1607,-3.8583],[-44.1594,-3.851],[-44.1568,-3.8466],[-44.1556,-3.8395],[-44.1555,-3.8368],[-43.9928,-3.8424],[-43.93811,-4.00047],[-43.9343,-3.9994],[-43.9322,-3.9973],[-43.9284,-3.9957],[-43.92649,-3.99559],[-43.9241,-3.9928],[-43.9199,-3.9891],[-43.9164,-3.9837],[-43.9139,-3.9808],[-43.9125,-3.9797],[-43.9102,-3.9788],[-43.9056,-3.979],[-43.9032,-3.9787],[-43.9018,-3.9769],[-43.89851,-3.9741],[-43.8977,-3.9704],[-43.8968,-3.9689],[-43.8955,-3.9687],[-43.9987,-4.2523],[-44.00199,-4.2539],[-44.0027,-4.2568],[-44.0037,-4.2579],[-44.0051,-4.2582],[-44.00619,-4.25929],[-44.0055,-4.2631],[-44.007,-4.264],[-44.0089,-4.2642],[-44.0109,-4.2659],[-44.0126,-4.2662],[-44.01399,-4.26729],[-44.0152,-4.2702],[-44.0161,-4.2716],[-44.0178,-4.2718],[-44.01891,-4.26971],[-44.0208,-4.2702],[-44.0223,-4.2694],[-44.0214,-4.2677],[-44.0213,-4.2662],[-44.02231,-4.2652],[-44.02399,-4.2655],[-44.0276,-4.2685],[-44.0285,-4.27],[-44.0292,-4.2724],[-44.0306,-4.27161],[-44.032,-4.2727],[-44.0334,-4.2755],[-44.0333,-4.2775],[-44.0344,-4.2791],[-44.0363,-4.2798],[-44.0384,-4.28],[-44.0396,-4.2793],[-44.0402,-4.278],[-44.04001,-4.2765],[-44.0417,-4.2747],[-44.04233,-4.27332],[-44.0438,-4.2742],[-44.0461,-4.2748],[-44.0474,-4.277],[-44.0502,-4.2781],[-44.0523,-4.2809],[-44.0548,-4.2825],[-44.0568,-4.2845],[-44.0595,-4.28411],[-44.06088,-4.2867],[-44.07597,-4.26749],[-44.07706,-4.19993],[-44.07584,-4.15566],[-44.07349,-4.13309],[-44.05527,-4.09521],[-44.11042,-4.01041],[-44.16317,-4.03957],[-44.2969,-4.0658]]],[[[-44.00043,-4.36366],[-44.00043,-4.36366],[-43.9369,-4.3349],[-43.98595,-4.3821],[-44.00043,-4.36366]]]]}},{"type":"Feature","properties":{"id":410,"n":"Povoado Espirito Santo","mn":"Coroatá","mi":2103604,"nl":1,"ap":278,"cp":219,"lx":-44.3082,"ly":-3.94969},"geometry":{"type":"Polygon","coordinates":[[[-44.4628,-4.0859],[-44.40211,-4.08598],[-44.4024,-4.0836],[-44.3992,-4.0687],[-44.3993,-4.06681],[-44.4058,-4.0598],[-44.4085,-4.0555],[-44.4088,-4.0516],[-44.4088,-4.0486],[-44.4083,-4.0458],[-44.4072,-4.0432],[-44.406,-4.0418],[-44.4008,-4.0377],[-44.3967,-4.0348],[-44.3948,-4.0338],[-44.3899,-4.0299],[-44.3874,-4.02769],[-44.3856,-4.0239],[-44.3853,-4.0226],[-44.3857,-4.0207],[-44.3883,-4.0128],[-44.3884,-4.0104],[-44.3882,-4.0074],[-44.387,-4.0051],[-44.3858,-4.0039],[-44.3829,-4.0024],[-44.38153,-4.00132],[-44.3832,-4.0003],[-44.384,-3.9986],[-44.3832,-3.9973],[-44.3805,-3.9954],[-44.3771,-3.9917],[-44.375,-3.9875],[-44.3727,-3.9862],[-44.3699,-3.9854],[-44.3677,-3.9843],[-44.3623,-3.9831],[-44.35881,-3.981],[-44.3562,-3.978],[-44.3547,-3.9748],[-44.3543,-3.97189],[-44.355,-3.968],[-44.3562,-3.965],[-44.35741,-3.9637],[-44.3621,-3.9622],[-44.3634,-3.9609],[-44.3641,-3.9592],[-44.364,-3.9573],[-44.3632,-3.9556],[-44.3613,-3.9534],[-44.3597,-3.951],[-44.3597,-3.948],[-44.3603,-3.9451],[-44.3615,-3.944],[-44.3629,-3.942],[-44.3679,-3.9384],[-44.3685,-3.9347],[-44.3676,-3.9317],[-44.3657,-3.9288],[-44.3613,-3.9265],[-44.3586,-3.9257],[-44.3518,-3.92449],[-44.3501,-3.9225],[-44.347,-3.9168],[-44.3458,-3.9155],[-44.3444,-3.9129],[-44.3435,-3.9117],[-44.33801,-3.909],[-44.3382,-3.9076],[-44.3419,-3.903],[-44.3436,-3.899],[-44.3433,-3.8972],[-44.3416,-3.8943],[-44.3394,-3.8932],[-44.3355,-3.8958],[-44.332,-3.8967],[-44.33031,-3.8964],[-44.3298,-3.8927],[-44.329,-3.8907],[-44.3278,-3.889],[-44.3245,-3.8861],[-44.32309,-3.88599],[-44.31901,-3.88071],[-44.319,-3.8788],[-44.3207,-3.8735],[-44.3244,-3.8683],[-44.3239,-3.8656],[-44.3229,-3.8645],[-44.23982,-3.90663],[-44.24851,-3.93124],[-44.2969,-4.0658],[-44.33301,-4.09292],[-44.45202,-4.11562],[-44.45381,-4.1119],[-44.45491,-4.1116],[-44.4576,-4.1129],[-44.4599,-4.1122],[-44.4605,-4.111],[-44.4602,-4.1084],[-44.4597,-4.1078],[-44.45629,-4.10807],[-44.45581,-4.10671],[-44.4576,-4.1058],[-44.45681,-4.10469],[-44.4578,-4.1035],[-44.4587,-4.1015],[-44.4586,-4.099],[-44.458,-4.0981],[-44.45531,-4.09888],[-44.455,-4.09711],[-44.4565,-4.0958],[-44.45691,-4.09382],[-44.4587,-4.0941],[-44.46,-4.0932],[-44.4594,-4.0914],[-44.4581,-4.0898],[-44.45811,-4.08701],[-44.4613,-4.0868],[-44.4628,-4.0859]]]}},{"type":"Feature","properties":{"id":411,"n":"Mariol","mn":"Coroatá","mi":2103604,"nl":1,"ap":2469,"cp":1800,"lx":-44.11891,"ly":-4.05848},"geometry":{"type":"Polygon","coordinates":[[[-44.16317,-4.03957],[-44.11043,-4.01038],[-44.05526,-4.09521],[-44.07349,-4.13309],[-44.09562,-4.12455],[-44.10935,-4.1186],[-44.11346,-4.11606],[-44.14735,-4.07675],[-44.16317,-4.03957]]]}},{"type":"Feature","properties":{"id":412,"n":"Mangueira","mn":"Grajaú","mi":2104800,"nl":2,"ap":2171,"cp":1761,"lx":-46.13054,"ly":-5.81415},"geometry":{"type":"Polygon","coordinates":[[[-46.13569,-5.81509],[-46.13154,-5.80451],[-46.12633,-5.81198],[-46.12135,-5.81713],[-46.12015,-5.81885],[-46.13315,-5.81846],[-46.13542,-5.816],[-46.13569,-5.81509]]]}},{"type":"Feature","properties":{"id":413,"n":"Cidade Alta","mn":"Grajaú","mi":2104800,"nl":1,"ap":1274,"cp":1084,"lx":-46.13913,"ly":-5.8161},"geometry":{"type":"Polygon","coordinates":[[[-46.14164,-5.81726],[-46.14155,-5.81348],[-46.13569,-5.81509],[-46.13542,-5.816],[-46.13995,-5.81909],[-46.14164,-5.81726]]]}},{"type":"Feature","properties":{"id":414,"n":"Centro","mn":"Grajaú","mi":2104800,"nl":4,"ap":1798,"cp":1510,"lx":-46.14425,"ly":-5.82436},"geometry":{"type":"Polygon","coordinates":[[[-46.14805,-5.8236],[-46.14503,-5.81777],[-46.14732,-5.80881],[-46.14696,-5.80825],[-46.14155,-5.81348],[-46.14164,-5.81726],[-46.13995,-5.81909],[-46.1409,-5.82579],[-46.14261,-5.83068],[-46.14762,-5.82626],[-46.14805,-5.8236]]]}},{"type":"Feature","properties":{"id":415,"n":"Vila Viana","mn":"Grajaú","mi":2104800,"nl":2,"ap":3340,"cp":2789,"lx":-46.13752,"ly":-5.83046},"geometry":{"type":"Polygon","coordinates":[[[-46.14261,-5.83068],[-46.1409,-5.82579],[-46.13995,-5.81909],[-46.13542,-5.816],[-46.13315,-5.81846],[-46.13175,-5.85183],[-46.14261,-5.83068]]]}},{"type":"Feature","properties":{"id":416,"n":"Trezidela","mn":"Grajaú","mi":2104800,"nl":1,"ap":1224,"cp":1025,"lx":-46.14886,"ly":-5.8148},"geometry":{"type":"Polygon","coordinates":[[[-46.15224,-5.81385],[-46.14732,-5.80881],[-46.14503,-5.81777],[-46.14805,-5.8236],[-46.15192,-5.8156],[-46.15224,-5.81385]]]}},{"type":"Feature","properties":{"id":417,"n":"Canoeiro","mn":"Grajaú","mi":2104800,"nl":7,"ap":9608,"cp":8006,"lx":-46.15527,"ly":-5.82069},"geometry":{"type":"Polygon","coordinates":[[[-46.16292,-5.81276],[-46.16033,-5.81344],[-46.15699,-5.81397],[-46.15224,-5.81385],[-46.15192,-5.81561],[-46.14805,-5.8236],[-46.14762,-5.82626],[-46.15295,-5.8259],[-46.15845,-5.82834],[-46.16243,-5.82663],[-46.16038,-5.82247],[-46.16292,-5.81276]]]}},{"type":"Feature","properties":{"id":418,"n":"Povoado Jaburú","mn":"Grajaú","mi":2104800,"nl":1,"ap":207,"cp":181,"lx":-46.1315,"ly":-5.54923},"geometry":{"type":"Polygon","coordinates":[[[-46.24334,-5.56121],[-46.07091,-5.42695],[-46.07091,-5.42695],[-46.05279,-5.47353],[-46.09093,-5.63501],[-46.24334,-5.56121]]]}},{"type":"Feature","properties":{"id":419,"n":"Povoado Alto Brasil","mn":"Grajaú","mi":2104800,"nl":2,"ap":2761,"cp":2209,"lx":-45.72736,"ly":-5.72945},"geometry":{"type":"Polygon","coordinates":[[[-45.8525,-5.59461],[-45.79294,-5.5374],[-45.72835,-5.63063],[-45.64346,-5.74771],[-45.72526,-5.79472],[-45.74063,-5.79783],[-45.76405,-5.78664],[-45.8435,-5.61367],[-45.8525,-5.59461]]]}},{"type":"Feature","properties":{"id":420,"n":"Povoado Remanso","mn":"Grajaú","mi":2104800,"nl":1,"ap":1554,"cp":1174,"lx":-46.00144,"ly":-5.7308},"geometry":{"type":"Polygon","coordinates":[[[-46.09642,-5.68479],[-46.08503,-5.66249],[-45.96503,-5.66601],[-45.90133,-5.77394],[-46.03583,-5.80467],[-46.06306,-5.751],[-46.09642,-5.68479]]]}},{"type":"Feature","properties":{"id":421,"n":"Povoado Alto do Coco","mn":"Grajaú","mi":2104800,"nl":1,"ap":463,"cp":383,"lx":-45.78477,"ly":-5.48201},"geometry":{"type":"Polygon","coordinates":[[[-45.87365,-5.43516],[-45.84083,-5.41202],[-45.8432,-5.4086],[-45.8421,-5.4015],[-45.79898,-5.44869],[-45.7855,-5.4412],[-45.7776,-5.4336],[-45.768,-5.4268],[-45.7401,-5.4026],[-45.72684,-5.48753],[-45.78758,-5.52755],[-45.8712,-5.45571],[-45.87365,-5.43516]]]}},{"type":"Feature","properties":{"id":422,"n":"Povoado Flores","mn":"Grajaú","mi":2104800,"nl":1,"ap":641,"cp":486,"lx":-46.01125,"ly":-5.42313},"geometry":{"type":"Polygon","coordinates":[[[-46.07121,-5.4244],[-46.02632,-5.29915],[-46.0237,-5.2973],[-46.0228,-5.296],[-46.021,-5.2957],[-46.0191,-5.297],[-46.0181,-5.2989],[-46.0147,-5.3008],[-46.0119,-5.3039],[-46.01061,-5.30479],[-46.0077,-5.3037],[-46.005,-5.3034],[-46.0002,-5.3052],[-45.99692,-5.3052],[-45.99551,-5.3023],[-45.9965,-5.3013],[-45.9967,-5.2992],[-45.9978,-5.2972],[-45.9999,-5.2948],[-45.9978,-5.293],[-45.9954,-5.2932],[-45.9921,-5.2928],[-45.99079,-5.29339],[-45.9873,-5.2903],[-45.9858,-5.2894],[-45.9837,-5.2915],[-45.9825,-5.294],[-45.9798,-5.2948],[-45.976,-5.2976],[-45.9695,-5.3016],[-45.965,-5.3031],[-45.9627,-5.3029],[-45.9604,-5.3016],[-45.9563,-5.3025],[-45.9543,-5.3035],[-45.9522,-5.3051],[-45.9508,-5.3067],[-45.9504,-5.3079],[-45.94819,-5.3116],[-45.9456,-5.3124],[-45.94252,-5.3119],[-45.9425,-5.3111],[-45.941,-5.31009],[-45.9397,-5.307],[-45.9388,-5.3039],[-45.9366,-5.3048],[-45.9341,-5.307],[-45.932,-5.3072],[-45.9318,-5.3096],[-45.9325,-5.3127],[-45.9338,-5.3137],[-45.9367,-5.3133],[-45.9379,-5.31381],[-45.9387,-5.3154],[-45.94059,-5.31699],[-45.94,-5.3184],[-45.9412,-5.3195],[-45.9433,-5.3229],[-45.9452,-5.324],[-45.9481,-5.3242],[-45.9509,-5.3257],[-45.95339,-5.3263],[-45.9538,-5.3285],[-45.9565,-5.3301],[-45.95961,-5.32832],[-45.9614,-5.3304],[-45.9655,-5.3338],[-45.96671,-5.33193],[-45.9694,-5.3356],[-45.9722,-5.3356],[-45.97329,-5.3359],[-45.9736,-5.3381],[-45.9759,-5.3387],[-45.9771,-5.3345],[-45.9812,-5.3325],[-45.9848,-5.3314],[-45.98639,-5.33229],[-45.9871,-5.3345],[-45.9872,-5.3417],[-45.9875,-5.3481],[-45.9867,-5.3528],[-45.9875,-5.3557],[-45.99299,-5.3564],[-45.9943,-5.3582],[-45.9966,-5.3593],[-45.9997,-5.3595],[-46.00168,-5.36221],[-45.9154,-5.4197],[-45.9035,-5.4274],[-45.88592,-5.44378],[-45.87365,-5.43516],[-45.8712,-5.45571],[-45.90475,-5.48309],[-46.04379,-5.4778],[-46.05279,-5.47353],[-46.07091,-5.42695],[-46.07121,-5.4244]]]}},{"type":"Feature","properties":{"id":423,"n":"Povoado Aldeia Velha","mn":"Grajaú","mi":2104800,"nl":1,"ap":431,"cp":363,"lx":-45.85326,"ly":-5.53168},"geometry":{"type":"Polygon","coordinates":[[[-45.90475,-5.48309],[-45.8712,-5.45571],[-45.78758,-5.52755],[-45.79294,-5.5374],[-45.8525,-5.59461],[-45.89322,-5.59323],[-45.90475,-5.48309]]]}},{"type":"Feature","properties":{"id":424,"n":"Povoado Bela Estrela","mn":"Grajaú","mi":2104800,"nl":1,"ap":544,"cp":435,"lx":-46.26078,"ly":-5.48688},"geometry":{"type":"Polygon","coordinates":[[[-46.33,-5.5612],[-46.33,-5.41476],[-46.07121,-5.4244],[-46.07091,-5.42695],[-46.24334,-5.56121],[-46.32548,-5.56305],[-46.33,-5.5612]]]}},{"type":"Feature","properties":{"id":425,"n":"Povoado Matusalém","mn":"Grajaú","mi":2104800,"nl":1,"ap":837,"cp":707,"lx":-45.79758,"ly":-6.07411},"geometry":{"type":"Polygon","coordinates":[[[-45.90573,-6.05439],[-45.76361,-5.853],[-45.6634,-6.16708],[-45.6707,-6.1713],[-45.673,-6.1739],[-45.67579,-6.1749],[-45.6764,-6.1763],[-45.6817,-6.1775],[-45.686,-6.1795],[-45.6904,-6.1792],[-45.69479,-6.1804],[-45.6969,-6.1839],[-45.7021,-6.1905],[-45.7057,-6.193],[-45.7126,-6.1952],[-45.7157,-6.1953],[-45.7203,-6.1978],[-45.7234,-6.1982],[-45.7268,-6.1995],[-45.7301,-6.1978],[-45.73319,-6.1981],[-45.7357,-6.2018],[-45.7401,-6.2024],[-45.7416,-6.20231],[-45.7427,-6.2057],[-45.7438,-6.2073],[-45.7465,-6.2081],[-45.7477,-6.2095],[-45.74759,-6.21191],[-45.7463,-6.2132],[-45.7451,-6.2135],[-45.7452,-6.2161],[-45.7465,-6.2186],[-45.7529,-6.2248],[-45.7544,-6.2282],[-45.755,-6.2327],[-45.7556,-6.234],[-45.7587,-6.2351],[-45.7626,-6.2378],[-45.7651,-6.2374],[-45.7672,-6.2359],[-45.7697,-6.236],[-45.772,-6.2345],[-45.7743,-6.2349],[-45.7767,-6.2341],[-45.7779,-6.2332],[-45.78199,-6.2323],[-45.785,-6.2341],[-45.7867,-6.2327],[-45.7879,-6.2325],[-45.7899,-6.2339],[-45.7916,-6.2358],[-45.79499,-6.2373],[-45.7954,-6.23831],[-45.7947,-6.2407],[-45.7929,-6.2423],[-45.7907,-6.243],[-45.7898,-6.244],[-45.7909,-6.246],[-45.7914,-6.2483],[-45.7945,-6.2516],[-45.7982,-6.255],[-45.7995,-6.2583],[-45.8006,-6.2603],[-45.80238,-6.26131],[-45.90518,-6.08819],[-45.90573,-6.05439]]]}},{"type":"Feature","properties":{"id":426,"n":"Aldeia Bacurizinho","mn":"Grajaú","mi":2104800,"nl":1,"ap":761,"cp":624,"lx":-45.98342,"ly":-5.89608},"geometry":{"type":"Polygon","coordinates":[[[-46.06562,-5.8925],[-46.06164,-5.8781],[-46.04488,-5.83984],[-45.92821,-5.86017],[-45.95639,-5.97013],[-46.06562,-5.8925]]]}},{"type":"Feature","properties":{"id":427,"n":"Povoado Sabonete","mn":"Grajaú","mi":2104800,"nl":1,"ap":516,"cp":408,"lx":-45.75051,"ly":-5.54267},"geometry":{"type":"Polygon","coordinates":[[[-45.79294,-5.5374],[-45.78758,-5.52755],[-45.72684,-5.48753],[-45.722,-5.5189],[-45.7106,-5.59],[-45.6271,-5.74157],[-45.64346,-5.74771],[-45.72835,-5.63063],[-45.79294,-5.5374]]]}},{"type":"Feature","properties":{"id":428,"n":"Rodoviário","mn":"Grajaú","mi":2104800,"nl":1,"ap":1404,"cp":1175,"lx":-46.13901,"ly":-5.80377},"geometry":{"type":"Polygon","coordinates":[[[-46.14696,-5.80825],[-46.14696,-5.80825],[-46.1402,-5.76649],[-46.13154,-5.80451],[-46.13569,-5.81509],[-46.14155,-5.81348],[-46.14696,-5.80825]]]}},{"type":"Feature","properties":{"id":429,"n":"Povoado Vilhena","mn":"Grajaú","mi":2104800,"nl":1,"ap":208,"cp":185,"lx":-46.28358,"ly":-6.20051},"geometry":{"type":"Polygon","coordinates":[[[-46.4649,-6.2816],[-46.46457,-6.15441],[-46.22914,-6.13932],[-46.21947,-6.16064],[-46.22118,-6.25476],[-46.451,-6.2674],[-46.4536,-6.2686],[-46.4552,-6.2703],[-46.45751,-6.27053],[-46.45789,-6.27191],[-46.4562,-6.2739],[-46.4572,-6.2753],[-46.4572,-6.2787],[-46.4576,-6.2802],[-46.4566,-6.2816],[-46.4563,-6.2832],[-46.4577,-6.2837],[-46.4617,-6.2823],[-46.4649,-6.2816]]]}},{"type":"Feature","properties":{"id":430,"n":"Povoado Vera Cruz","mn":"Grajaú","mi":2104800,"nl":1,"ap":624,"cp":525,"lx":-46.16645,"ly":-6.05702},"geometry":{"type":"Polygon","coordinates":[[[-46.26171,-6.03116],[-46.1637,-5.95698],[-46.01537,-6.08306],[-46.21947,-6.16064],[-46.22914,-6.13932],[-46.26171,-6.03116]]]}},{"type":"Feature","properties":{"id":431,"n":"Povoado Lagoa de Pedra","mn":"Grajaú","mi":2104800,"nl":1,"ap":295,"cp":243,"lx":-45.8859,"ly":-5.67426},"geometry":{"type":"Polygon","coordinates":[[[-45.96503,-5.66601],[-45.90076,-5.59506],[-45.89322,-5.59323],[-45.8525,-5.59461],[-45.8435,-5.61367],[-45.76405,-5.78664],[-45.88405,-5.78307],[-45.90133,-5.77394],[-45.96503,-5.66601]]]}},{"type":"Feature","properties":{"id":432,"n":"Expoagra","mn":"Grajaú","mi":2104800,"nl":2,"ap":3106,"cp":2294,"lx":-46.12604,"ly":-5.79978},"geometry":{"type":"Polygon","coordinates":[[[-46.14072,-5.74304],[-46.11936,-5.79976],[-46.12089,-5.80789],[-46.12135,-5.81713],[-46.12633,-5.81198],[-46.13155,-5.80451],[-46.1402,-5.76648],[-46.14072,-5.74304]]]}},{"type":"Feature","properties":{"id":433,"n":"Povoado Sambaíba","mn":"Grajaú","mi":2104800,"nl":1,"ap":499,"cp":409,"lx":-46.1317,"ly":-5.3527},"geometry":{"type":"Polygon","coordinates":[[[-46.33,-5.41476],[-46.33,-5.334],[-46.3298,-5.333],[-46.3278,-5.3335],[-46.32649,-5.3354],[-46.3223,-5.3353],[-46.3212,-5.3369],[-46.3185,-5.34],[-46.3178,-5.3412],[-46.3141,-5.3451],[-46.3131,-5.3459],[-46.3124,-5.3481],[-46.3098,-5.3503],[-46.3099,-5.3539],[-46.309,-5.3558],[-46.3094,-5.3591],[-46.30788,-5.3615],[-46.28181,-5.3591],[-46.2778,-5.3521],[-46.2767,-5.3511],[-46.2679,-5.351],[-46.2562,-5.3512],[-46.2497,-5.3511],[-46.2365,-5.3463],[-46.2335,-5.3441],[-46.2292,-5.3428],[-46.2243,-5.3404],[-46.2178,-5.335],[-46.2149,-5.3332],[-46.2118,-5.3289],[-46.2091,-5.3266],[-46.20529,-5.32579],[-46.2045,-5.3242],[-46.202,-5.318],[-46.2004,-5.3133],[-46.1984,-5.3086],[-46.1968,-5.3034],[-46.1959,-5.2991],[-46.1956,-5.2945],[-46.1955,-5.2875],[-46.196,-5.2812],[-46.1954,-5.2792],[-46.1898,-5.274],[-46.1872,-5.2708],[-46.1821,-5.2756],[-46.1794,-5.2765],[-46.1773,-5.2779],[-46.1738,-5.2786],[-46.1711,-5.2786],[-46.1697,-5.2794],[-46.1639,-5.2793],[-46.1607,-5.2787],[-46.1588,-5.2787],[-46.1553,-5.2801],[-46.1536,-5.2801],[-46.1512,-5.2795],[-46.1488,-5.2781],[-46.1458,-5.2779],[-46.1424,-5.2806],[-46.142,-5.2818],[-46.14249,-5.28388],[-46.14141,-5.2842],[-46.1394,-5.2824],[-46.1366,-5.282],[-46.1352,-5.2811],[-46.1339,-5.2813],[-46.1322,-5.2807],[-46.1297,-5.2812],[-46.1283,-5.2819],[-46.1238,-5.2803],[-46.1206,-5.2798],[-46.1172,-5.2802],[-46.115,-5.2791],[-46.1134,-5.2776],[-46.1118,-5.2783],[-46.1094,-5.2806],[-46.1068,-5.2821],[-46.1043,-5.2841],[-46.1014,-5.2857],[-46.0999,-5.2882],[-46.0993,-5.2899],[-46.0975,-5.29229],[-46.096,-5.2915],[-46.0925,-5.2916],[-46.087,-5.2929],[-46.085,-5.2931],[-46.0839,-5.2941],[-46.08288,-5.29589],[-46.0797,-5.2951],[-46.0781,-5.2936],[-46.076,-5.2933],[-46.0748,-5.2936],[-46.0733,-5.2955],[-46.07131,-5.2961],[-46.069,-5.2947],[-46.0671,-5.2951],[-46.0646,-5.2938],[-46.0617,-5.2953],[-46.0611,-5.2968],[-46.0592,-5.2989],[-46.0584,-5.3003],[-46.05681,-5.3013],[-46.0536,-5.3014],[-46.0518,-5.3011],[-46.0483,-5.3019],[-46.0464,-5.3033],[-46.0433,-5.303],[-46.0416,-5.3024],[-46.04,-5.3029],[-46.03781,-5.3029],[-46.0367,-5.3019],[-46.0329,-5.2993],[-46.0316,-5.2997],[-46.02711,-5.2997],[-46.02632,-5.29915],[-46.07121,-5.4244],[-46.33,-5.41476]]]}},{"type":"Feature","properties":{"id":434,"n":"Projeto Boa Vista","mn":"Grajaú","mi":2104800,"nl":1,"ap":435,"cp":378,"lx":-46.18203,"ly":-5.65826},"geometry":{"type":"Polygon","coordinates":[[[-46.32548,-5.56305],[-46.24334,-5.56121],[-46.09093,-5.63502],[-46.08503,-5.66249],[-46.09642,-5.68479],[-46.14415,-5.7111],[-46.20596,-5.72851],[-46.32548,-5.56305]]]}},{"type":"Feature","properties":{"id":435,"n":"Vilinha","mn":"Grajaú","mi":2104800,"nl":2,"ap":5381,"cp":4233,"lx":-46.20464,"ly":-5.81332},"geometry":{"type":"Polygon","coordinates":[[[-46.25701,-5.78882],[-46.2323,-5.76221],[-46.16448,-5.81189],[-46.16292,-5.81276],[-46.16038,-5.82247],[-46.16243,-5.82663],[-46.16366,-5.82679],[-46.21257,-5.84248],[-46.25701,-5.78882]]]}},{"type":"Feature","properties":{"id":436,"n":"Aeroporto","mn":"Grajaú","mi":2104800,"nl":1,"ap":1106,"cp":823,"lx":-46.11624,"ly":-5.81548},"geometry":{"type":"Polygon","coordinates":[[[-46.12135,-5.81713],[-46.12089,-5.80788],[-46.11936,-5.79976],[-46.11482,-5.80751],[-46.09956,-5.83625],[-46.12015,-5.81885],[-46.12135,-5.81713]]]}},{"type":"Feature","properties":{"id":437,"n":"Povoado Nova Terra","mn":"Grajaú","mi":2104800,"nl":1,"ap":213,"cp":171,"lx":-45.93753,"ly":-5.51811},"geometry":{"type":"Polygon","coordinates":[[[-46.04379,-5.4778],[-45.90475,-5.48309],[-45.89322,-5.59323],[-45.90076,-5.59506],[-46.04379,-5.4778]]]}},{"type":"Feature","properties":{"id":438,"n":"Povoado Emburuçú","mn":"Grajaú","mi":2104800,"nl":1,"ap":382,"cp":330,"lx":-46.00298,"ly":-6.0127},"geometry":{"type":"Polygon","coordinates":[[[-46.1637,-5.95698],[-46.15186,-5.9363],[-46.13721,-5.92695],[-46.10813,-5.90992],[-46.06562,-5.8925],[-45.95639,-5.97013],[-45.90573,-6.05439],[-45.90518,-6.08819],[-46.01537,-6.08306],[-46.1637,-5.95698]]]}},{"type":"Feature","properties":{"id":439,"n":"Povoado Brejo das Moreiras","mn":"Grajaú","mi":2104800,"nl":1,"ap":61,"cp":44,"lx":-46.29469,"ly":-5.72636},"geometry":{"type":"Polygon","coordinates":[[[-46.4696,-5.7511],[-46.468,-5.7506],[-46.4661,-5.7494],[-46.46361,-5.7504],[-46.4624,-5.7497],[-46.4619,-5.7485],[-46.4606,-5.74759],[-46.4597,-5.74451],[-46.4602,-5.7434],[-46.4599,-5.7419],[-46.4574,-5.7387],[-46.4548,-5.74179],[-46.4532,-5.7415],[-46.4504,-5.74159],[-46.4497,-5.7404],[-46.4499,-5.739],[-46.4494,-5.7376],[-46.448,-5.73708],[-46.4476,-5.7333],[-46.4466,-5.7326],[-46.4427,-5.73149],[-46.44091,-5.72911],[-46.4415,-5.7281],[-46.44,-5.7262],[-46.4377,-5.7243],[-46.4342,-5.7239],[-46.4324,-5.724],[-46.43139,-5.72479],[-46.4288,-5.7237],[-46.4276,-5.7237],[-46.42472,-5.72479],[-46.4242,-5.7234],[-46.422,-5.725],[-46.42129,-5.72609],[-46.41881,-5.7252],[-46.4181,-5.7235],[-46.4155,-5.7224],[-46.41459,-5.7234],[-46.41042,-5.7243],[-46.409,-5.7224],[-46.40618,-5.72418],[-46.40501,-5.72299],[-46.4057,-5.7217],[-46.4062,-5.7191],[-46.4039,-5.7178],[-46.4016,-5.7176],[-46.39891,-5.7169],[-46.3979,-5.7161],[-46.3965,-5.7139],[-46.3945,-5.7115],[-46.3938,-5.7101],[-46.3921,-5.7079],[-46.3897,-5.70709],[-46.389,-5.7045],[-46.3894,-5.7022],[-46.3868,-5.7014],[-46.3839,-5.7],[-46.38121,-5.69671],[-46.3813,-5.6912],[-46.38,-5.6908],[-46.3777,-5.6889],[-46.3766,-5.6863],[-46.3755,-5.6848],[-46.376,-5.6819],[-46.3768,-5.6795],[-46.375,-5.6771],[-46.37191,-5.67739],[-46.3714,-5.676],[-46.3699,-5.67588],[-46.3696,-5.6743],[-46.3669,-5.6743],[-46.3646,-5.673],[-46.3598,-5.6742],[-46.3574,-5.6751],[-46.3563,-5.6761],[-46.3537,-5.6777],[-46.3505,-5.6784],[-46.349,-5.6784],[-46.3465,-5.67739],[-46.3458,-5.6757],[-46.3465,-5.6716],[-46.3461,-5.6703],[-46.3445,-5.67019],[-46.3434,-5.668],[-46.34119,-5.6692],[-46.3398,-5.6687],[-46.3372,-5.6667],[-46.3359,-5.6667],[-46.3339,-5.66819],[-46.3322,-5.6663],[-46.33181,-5.6649],[-46.3329,-5.6638],[-46.3307,-5.6601],[-46.3302,-5.6585],[-46.33,-5.6553],[-46.33,-5.5612],[-46.32548,-5.56305],[-46.20596,-5.72851],[-46.2323,-5.76221],[-46.25701,-5.78882],[-46.38088,-5.82421],[-46.46839,-5.78364],[-46.4691,-5.75114],[-46.4696,-5.7511]]]}},{"type":"Feature","properties":{"id":440,"n":"Povoado Morros","mn":"Grajaú","mi":2104800,"nl":1,"ap":450,"cp":399,"lx":-46.2487,"ly":-5.92627},"geometry":{"type":"Polygon","coordinates":[[[-46.38088,-5.82422],[-46.25701,-5.78882],[-46.21256,-5.84248],[-46.15186,-5.9363],[-46.1637,-5.95698],[-46.26171,-6.03116],[-46.28958,-6.01648],[-46.38088,-5.82422]]]}},{"type":"Feature","properties":{"id":441,"n":"Povoado Gato Preto","mn":"Grajaú","mi":2104800,"nl":1,"ap":459,"cp":384,"lx":-46.39156,"ly":-5.9716},"geometry":{"type":"Polygon","coordinates":[[[-46.46839,-5.78364],[-46.38088,-5.82422],[-46.28958,-6.01648],[-46.46433,-6.07078],[-46.4642,-6.0004],[-46.46839,-5.78364]]]}},{"type":"Feature","properties":{"id":442,"n":"Aldeia Bananal","mn":"Grajaú","mi":2104800,"nl":1,"ap":378,"cp":308,"lx":-45.5927,"ly":-5.86114},"geometry":{"type":"Polygon","coordinates":[[[-45.72526,-5.79472],[-45.64346,-5.74771],[-45.6271,-5.74157],[-45.60797,-5.77617],[-45.6066,-5.775],[-45.60509,-5.7749],[-45.5993,-5.771],[-45.59801,-5.77059],[-45.5985,-5.7678],[-45.5997,-5.766],[-45.5989,-5.7639],[-45.5954,-5.7617],[-45.5944,-5.75871],[-45.5948,-5.7567],[-45.59342,-5.755],[-45.5948,-5.7539],[-45.5928,-5.7502],[-45.59131,-5.7486],[-45.5919,-5.7476],[-45.5935,-5.7465],[-45.593,-5.7455],[-45.591,-5.7457],[-45.58969,-5.74709],[-45.58702,-5.74561],[-45.5873,-5.7441],[-45.5886,-5.7421],[-45.5873,-5.7411],[-45.5857,-5.7379],[-45.5825,-5.7351],[-45.5789,-5.7339],[-45.5767,-5.73428],[-45.5756,-5.7318],[-45.576,-5.7292],[-45.5018,-5.8062],[-45.47248,-5.83586],[-45.60135,-6.03122],[-45.72526,-5.79472]]]}},{"type":"Feature","properties":{"id":443,"n":"Aldeia Ipú","mn":"Grajaú","mi":2104800,"nl":1,"ap":470,"cp":423,"lx":-45.94686,"ly":-5.82076},"geometry":{"type":"Polygon","coordinates":[[[-46.04488,-5.83984],[-46.03583,-5.80467],[-45.90133,-5.77394],[-45.88405,-5.78307],[-45.92821,-5.86017],[-46.04488,-5.83984]]]}},{"type":"Feature","properties":{"id":444,"n":"Extrema","mn":"Grajaú","mi":2104800,"nl":2,"ap":4207,"cp":3318,"lx":-46.16238,"ly":-5.86164},"geometry":{"type":"Polygon","coordinates":[[[-46.21257,-5.84248],[-46.16366,-5.82679],[-46.16243,-5.82663],[-46.15845,-5.82833],[-46.15295,-5.8259],[-46.14762,-5.82626],[-46.14261,-5.83068],[-46.13175,-5.85183],[-46.10812,-5.90992],[-46.13721,-5.92695],[-46.15186,-5.9363],[-46.21257,-5.84248]]]}},{"type":"Feature","properties":{"id":445,"n":"Povoado Sobradinho","mn":"Grajaú","mi":2104800,"nl":1,"ap":188,"cp":143,"lx":-45.46526,"ly":-5.9104},"geometry":{"type":"Polygon","coordinates":[[[-45.60771,-6.10223],[-45.60135,-6.03122],[-45.47248,-5.83586],[-45.3888,-5.9206],[-45.3758,-5.9326],[-45.4006,-5.9387],[-45.4043,-5.9415],[-45.4064,-5.9411],[-45.4075,-5.93871],[-45.4091,-5.939],[-45.4101,-5.9384],[-45.4104,-5.93561],[-45.41151,-5.93491],[-45.41269,-5.9355],[-45.4126,-5.9376],[-45.4139,-5.9394],[-45.41591,-5.93922],[-45.417,-5.941],[-45.4165,-5.9432],[-45.41771,-5.94341],[-45.41869,-5.94499],[-45.4184,-5.946],[-45.4196,-5.9472],[-45.42061,-5.9455],[-45.4224,-5.9451],[-45.4237,-5.9458],[-45.4241,-5.94671],[-45.4235,-5.9496],[-45.4249,-5.9506],[-45.4271,-5.947],[-45.4296,-5.9463],[-45.43109,-5.9466],[-45.4344,-5.9492],[-45.4366,-5.9502],[-45.4389,-5.9506],[-45.4394,-5.9515],[-45.4413,-5.9525],[-45.4417,-5.9541],[-45.4428,-5.9549],[-45.44559,-5.9548],[-45.4465,-5.9567],[-45.44931,-5.9564],[-45.4531,-5.9586],[-45.4565,-5.9614],[-45.4601,-5.9604],[-45.4634,-5.9606],[-45.46473,-5.95754],[-45.4666,-5.9598],[-45.4679,-5.9624],[-45.47087,-5.9633],[-45.4697,-5.965],[-45.4696,-5.9688],[-45.4724,-5.9717],[-45.47499,-5.96952],[-45.4761,-5.9719],[-45.47981,-5.97241],[-45.48119,-5.9749],[-45.4794,-5.9774],[-45.4796,-5.9791],[-45.4858,-5.9805],[-45.4888,-5.9841],[-45.4945,-5.9903],[-45.5013,-5.9924],[-45.5034,-5.9967],[-45.5049,-5.9979],[-45.5066,-5.996],[-45.50959,-5.9958],[-45.5133,-5.9995],[-45.5184,-5.9999],[-45.52459,-6.0012],[-45.52529,-6.00419],[-45.5241,-6.0051],[-45.5261,-6.0069],[-45.52809,-6.01178],[-45.5265,-6.013],[-45.52649,-6.01629],[-45.5236,-6.017],[-45.5256,-6.0219],[-45.5282,-6.02132],[-45.5301,-6.0262],[-45.5329,-6.0301],[-45.5358,-6.0324],[-45.5383,-6.0367],[-45.5392,-6.0414],[-45.5405,-6.0448],[-45.5443,-6.0483],[-45.546,-6.0517],[-45.5502,-6.0555],[-45.5549,-6.0563],[-45.5566,-6.0588],[-45.559,-6.0638],[-45.5614,-6.06939],[-45.5612,-6.0719],[-45.5624,-6.074],[-45.5623,-6.0771],[-45.564,-6.0798],[-45.56819,-6.0797],[-45.5694,-6.0827],[-45.5743,-6.0848],[-45.579,-6.0863],[-45.58649,-6.0881],[-45.5885,-6.0904],[-45.5923,-6.091],[-45.5949,-6.0941],[-45.5984,-6.095],[-45.6005,-6.0978],[-45.6049,-6.1001],[-45.60771,-6.10223]]]}},{"type":"Feature","properties":{"id":446,"n":"Vila Tucum","mn":"Grajaú","mi":2104800,"nl":1,"ap":1681,"cp":1330,"lx":-46.17671,"ly":-5.75802},"geometry":{"type":"Polygon","coordinates":[[[-46.2323,-5.76221],[-46.20596,-5.72851],[-46.14415,-5.7111],[-46.14072,-5.74303],[-46.1402,-5.76648],[-46.14696,-5.80825],[-46.14732,-5.80881],[-46.15224,-5.81385],[-46.15699,-5.81397],[-46.16033,-5.81344],[-46.16292,-5.81276],[-46.16448,-5.81189],[-46.2323,-5.76221]]]}},{"type":"Feature","properties":{"id":447,"n":"Povoado Nova Conquista","mn":"Grajaú","mi":2104800,"nl":1,"ap":291,"cp":220,"lx":-46.01015,"ly":-5.59525},"geometry":{"type":"Polygon","coordinates":[[[-46.09093,-5.63502],[-46.05279,-5.47353],[-46.04379,-5.4778],[-45.90076,-5.59506],[-45.96503,-5.66601],[-46.08503,-5.66249],[-46.09093,-5.63502]]]}},{"type":"Feature","properties":{"id":448,"n":"Quem Dera","mn":"Grajaú","mi":2104800,"nl":2,"ap":1483,"cp":1083,"lx":-46.08576,"ly":-5.78587},"geometry":{"type":"Polygon","coordinates":[[[-46.14415,-5.7111],[-46.09642,-5.68479],[-46.06306,-5.751],[-46.03583,-5.80467],[-46.04488,-5.83984],[-46.06164,-5.8781],[-46.09956,-5.83625],[-46.11482,-5.80751],[-46.11936,-5.79976],[-46.14072,-5.74304],[-46.14415,-5.7111]]]}},{"type":"Feature","properties":{"id":449,"n":"Aldeia Morro Branco","mn":"Grajaú","mi":2104800,"nl":1,"ap":445,"cp":302,"lx":-46.09488,"ly":-5.87779},"geometry":{"type":"Polygon","coordinates":[[[-46.13315,-5.81846],[-46.12015,-5.81885],[-46.09956,-5.83625],[-46.06164,-5.8781],[-46.06562,-5.8925],[-46.10812,-5.90992],[-46.13175,-5.85183],[-46.13315,-5.81846]]]}},{"type":"Feature","properties":{"id":450,"n":"Aldeia Olho D'água","mn":"Grajaú","mi":2104800,"nl":1,"ap":124,"cp":104,"lx":-45.84662,"ly":-5.85359},"geometry":{"type":"Polygon","coordinates":[[[-45.95639,-5.97013],[-45.92821,-5.86017],[-45.88405,-5.78307],[-45.76405,-5.78664],[-45.74063,-5.79783],[-45.76361,-5.853],[-45.90573,-6.05439],[-45.95639,-5.97013]]]}},{"type":"Feature","properties":{"id":451,"n":"Angico 1","mn":"Grajaú","mi":2104800,"nl":1,"ap":74,"cp":66,"lx":-46.30804,"ly":-6.08464},"geometry":{"type":"Polygon","coordinates":[[[-46.46457,-6.15441],[-46.46433,-6.07078],[-46.28958,-6.01648],[-46.26171,-6.03116],[-46.22914,-6.13932],[-46.46457,-6.15441]]]}},{"type":"Feature","properties":{"id":452,"n":"Aldeia Taboca","mn":"Grajaú","mi":2104800,"nl":1,"ap":114,"cp":106,"lx":-45.65174,"ly":-6.04126},"geometry":{"type":"Polygon","coordinates":[[[-45.76361,-5.853],[-45.74063,-5.79784],[-45.72526,-5.79472],[-45.60135,-6.03122],[-45.60771,-6.10223],[-45.6134,-6.10632],[-45.61348,-6.10877],[-45.6116,-6.1081],[-45.6098,-6.1082],[-45.6094,-6.1102],[-45.6113,-6.1136],[-45.6144,-6.11461],[-45.6153,-6.1202],[-45.6197,-6.1198],[-45.6246,-6.1207],[-45.6261,-6.1222],[-45.6267,-6.1247],[-45.6279,-6.1278],[-45.6294,-6.129],[-45.6327,-6.1326],[-45.6368,-6.1341],[-45.6378,-6.137],[-45.6419,-6.1386],[-45.6447,-6.143],[-45.6494,-6.1437],[-45.65359,-6.1459],[-45.6566,-6.149],[-45.66038,-6.15149],[-45.6592,-6.1597],[-45.6599,-6.1629],[-45.6624,-6.1665],[-45.6634,-6.16708],[-45.76361,-5.853]]]}},{"type":"Feature","properties":{"id":453,"n":"Povoado Tabocão","mn":"Grajaú","mi":2104800,"nl":1,"ap":65,"cp":61,"lx":-45.95623,"ly":-6.17308},"geometry":{"type":"Polygon","coordinates":[[[-46.22118,-6.25476],[-46.21947,-6.16064],[-46.01537,-6.08306],[-45.90518,-6.08819],[-45.80238,-6.26131],[-45.80291,-6.26161],[-45.8061,-6.2661],[-45.8088,-6.269],[-45.8147,-6.2738],[-45.8171,-6.2743],[-45.8185,-6.2738],[-45.8211,-6.2737],[-45.8247,-6.2745],[-45.8281,-6.2756],[-45.8292,-6.2763],[-45.8314,-6.2796],[-45.8319,-6.2809],[-45.8323,-6.2852],[-45.8338,-6.2885],[-45.8358,-6.29091],[-45.8361,-6.2927],[-45.8362,-6.2962],[-45.8369,-6.2984],[-45.8394,-6.3016],[-45.8404,-6.3044],[-45.8414,-6.3104],[-45.8415,-6.3153],[-45.8412,-6.3166],[-45.8418,-6.3191],[-45.8412,-6.3214],[-45.8417,-6.3237],[-45.847,-6.3304],[-45.8501,-6.3325],[-45.8539,-6.333],[-45.8588,-6.3324],[-45.8609,-6.3334],[-45.8677,-6.3391],[-45.8711,-6.3412],[-45.8746,-6.3447],[-45.8767,-6.3457],[-45.878,-6.3454],[-45.8817,-6.3435],[-45.88299,-6.3432],[-45.8864,-6.3437],[-45.9031,-6.29521],[-45.9073,-6.2919],[-45.9103,-6.2887],[-45.912,-6.2866],[-45.9147,-6.2846],[-45.9207,-6.2823],[-45.925,-6.2817],[-45.9315,-6.2803],[-45.9342,-6.2785],[-45.936,-6.2765],[-45.9392,-6.2745],[-45.947,-6.2707],[-45.9493,-6.269],[-45.9525,-6.2662],[-45.9545,-6.265],[-45.9631,-6.2624],[-45.9679,-6.2606],[-45.9708,-6.259],[-45.9758,-6.2586],[-45.98031,-6.2568],[-45.9829,-6.2568],[-45.9857,-6.2571],[-45.9898,-6.257],[-45.9959,-6.2582],[-45.9985,-6.2576],[-46.00071,-6.2562],[-46.00201,-6.25661],[-46.0057,-6.2597],[-46.0079,-6.2619],[-46.0106,-6.2629],[-46.0132,-6.2636],[-46.01811,-6.2624],[-46.0203,-6.2626],[-46.0229,-6.2639],[-46.0274,-6.2631],[-46.02921,-6.262],[-46.0345,-6.2615],[-46.036,-6.2603],[-46.03561,-6.25889],[-46.03771,-6.2568],[-46.0397,-6.2563],[-46.041,-6.2567],[-46.0438,-6.2569],[-46.0463,-6.2562],[-46.0488,-6.2529],[-46.051,-6.2517],[-46.0548,-6.2472],[-46.0585,-6.2457],[-46.0604,-6.2461],[-46.0624,-6.2458],[-46.0643,-6.2451],[-46.0674,-6.2462],[-46.0706,-6.2464],[-46.22118,-6.25476]]]}},{"type":"Feature","properties":{"id":454,"n":"Centro","mn":"Imperatriz","mi":2105302,"nl":20,"ap":31373,"cp":25124,"lx":-47.49058,"ly":-5.52877},"geometry":{"type":"Polygon","coordinates":[[[-47.4986,-5.52844],[-47.49603,-5.52701],[-47.49161,-5.52205],[-47.48821,-5.52313],[-47.48645,-5.52554],[-47.48475,-5.52645],[-47.48358,-5.52611],[-47.48593,-5.51991],[-47.48556,-5.51931],[-47.48468,-5.51877],[-47.48014,-5.52407],[-47.4759,-5.52117],[-47.47565,-5.52077],[-47.48294,-5.51451],[-47.47777,-5.50957],[-47.47279,-5.51943],[-47.46629,-5.52256],[-47.46993,-5.53025],[-47.47284,-5.53008],[-47.47346,-5.52958],[-47.47948,-5.52743],[-47.48012,-5.52967],[-47.48081,-5.53151],[-47.47923,-5.53293],[-47.47979,-5.53635],[-47.47601,-5.53333],[-47.47573,-5.5381],[-47.4758,-5.5386],[-47.48032,-5.5386],[-47.48079,-5.53898],[-47.48478,-5.54068],[-47.48438,-5.53521],[-47.48148,-5.53601],[-47.4817,-5.53537],[-47.48329,-5.53239],[-47.48462,-5.53247],[-47.48625,-5.53189],[-47.4939,-5.53731],[-47.4986,-5.52844]]]}},{"type":"Feature","properties":{"id":455,"n":"Juçara","mn":"Imperatriz","mi":2105302,"nl":1,"ap":2227,"cp":1790,"lx":-47.47987,"ly":-5.5204},"geometry":{"type":"Polygon","coordinates":[[[-47.48468,-5.51877],[-47.48307,-5.51456],[-47.48294,-5.51451],[-47.47562,-5.5208],[-47.47589,-5.52117],[-47.48014,-5.52408],[-47.48468,-5.51877]]]}},{"type":"Feature","properties":{"id":456,"n":"Vila Lobao","mn":"Imperatriz","mi":2105302,"nl":3,"ap":7591,"cp":6047,"lx":-47.46655,"ly":-5.5163},"geometry":{"type":"Polygon","coordinates":[[[-47.4728,-5.51941],[-47.46981,-5.51296],[-47.47256,-5.50459],[-47.46916,-5.50209],[-47.46754,-5.50415],[-47.46455,-5.51001],[-47.46453,-5.51038],[-47.46168,-5.51677],[-47.46206,-5.51758],[-47.46357,-5.51934],[-47.46463,-5.52196],[-47.46629,-5.52256],[-47.4728,-5.51941]]]}},{"type":"Feature","properties":{"id":457,"n":"Vila Ipiranga","mn":"Imperatriz","mi":2105302,"nl":2,"ap":3681,"cp":2909,"lx":-47.46823,"ly":-5.49135},"geometry":{"type":"Polygon","coordinates":[[[-47.47363,-5.4929],[-47.47311,-5.48583],[-47.47332,-5.48267],[-47.46694,-5.46366],[-47.46464,-5.46408],[-47.46347,-5.49314],[-47.46379,-5.49349],[-47.46793,-5.50126],[-47.46902,-5.50183],[-47.47363,-5.4929]]]}},{"type":"Feature","properties":{"id":458,"n":"Povoado Lagoa Verde","mn":"Imperatriz","mi":2105302,"nl":2,"ap":2574,"cp":2081,"lx":-47.4882,"ly":-5.41517},"geometry":{"type":"Polygon","coordinates":[[[-47.5361,-5.38732],[-47.51722,-5.36326],[-47.50539,-5.35663],[-47.45154,-5.40997],[-47.46213,-5.43053],[-47.4747,-5.45911],[-47.47812,-5.45835],[-47.50293,-5.44543],[-47.5088,-5.43745],[-47.52747,-5.41294],[-47.5361,-5.38732]]]}},{"type":"Feature","properties":{"id":459,"n":"Povoado Acaizal","mn":"Imperatriz","mi":2105302,"nl":1,"ap":103,"cp":91,"lx":-47.45955,"ly":-5.35857},"geometry":{"type":"Polygon","coordinates":[[[-47.50539,-5.35663],[-47.50047,-5.35062],[-47.39666,-5.27311],[-47.38521,-5.26686],[-47.3846,-5.2675],[-47.3828,-5.2714],[-47.38,-5.273],[-47.3777,-5.2729],[-47.3761,-5.2706],[-47.3763,-5.2677],[-47.3749,-5.2643],[-47.37131,-5.2641],[-47.3699,-5.2629],[-47.3673,-5.2621],[-47.364,-5.2588],[-47.3647,-5.2639],[-47.3645,-5.2658],[-47.3655,-5.2704],[-47.3687,-5.2736],[-47.3699,-5.2771],[-47.3715,-5.28],[-47.374,-5.2826],[-47.3763,-5.2842],[-47.3817,-5.2857],[-47.38709,-5.2852],[-47.3883,-5.2863],[-47.39039,-5.2867],[-47.3936,-5.2915],[-47.39819,-5.2934],[-47.3982,-5.2947],[-47.4,-5.2971],[-47.4007,-5.2999],[-47.40429,-5.3013],[-47.406,-5.3056],[-47.40849,-5.30551],[-47.4089,-5.3086],[-47.4118,-5.3092],[-47.41269,-5.3102],[-47.412,-5.3138],[-47.4104,-5.3174],[-47.4102,-5.3188],[-47.4131,-5.32],[-47.4144,-5.32011],[-47.4177,-5.3234],[-47.4189,-5.3238],[-47.4208,-5.3259],[-47.4258,-5.3303],[-47.4295,-5.3325],[-47.4312,-5.33302],[-47.42258,-5.4254],[-47.45154,-5.40997],[-47.50539,-5.35663]]]}},{"type":"Feature","properties":{"id":460,"n":"Povoado Centro Novo","mn":"Imperatriz","mi":2105302,"nl":1,"ap":630,"cp":513,"lx":-47.44484,"ly":-5.43389},"geometry":{"type":"Polygon","coordinates":[[[-47.4747,-5.45911],[-47.46213,-5.43053],[-47.45154,-5.40997],[-47.42258,-5.4254],[-47.42199,-5.43171],[-47.44781,-5.46539],[-47.46464,-5.46408],[-47.46694,-5.46366],[-47.4747,-5.45911]]]}},{"type":"Feature","properties":{"id":461,"n":"Vila Redencao II","mn":"Imperatriz","mi":2105302,"nl":1,"ap":3462,"cp":2776,"lx":-47.45866,"ly":-5.50494},"geometry":{"type":"Polygon","coordinates":[[[-47.46916,-5.50209],[-47.46902,-5.50183],[-47.46793,-5.50126],[-47.45659,-5.50104],[-47.45336,-5.50636],[-47.45557,-5.51064],[-47.46754,-5.50415],[-47.46916,-5.50209]]]}},{"type":"Feature","properties":{"id":462,"n":"Entroncamento","mn":"Imperatriz","mi":2105302,"nl":1,"ap":4395,"cp":3545,"lx":-47.47404,"ly":-5.51021},"geometry":{"type":"Polygon","coordinates":[[[-47.47777,-5.50957],[-47.47619,-5.50577],[-47.47256,-5.50459],[-47.46981,-5.51296],[-47.4728,-5.51941],[-47.47777,-5.50957]]]}},{"type":"Feature","properties":{"id":463,"n":"Vila Cafeteira","mn":"Imperatriz","mi":2105302,"nl":1,"ap":3577,"cp":2801,"lx":-47.45395,"ly":-5.47556},"geometry":{"type":"Polygon","coordinates":[[[-47.46464,-5.46408],[-47.44781,-5.46539],[-47.44258,-5.47495],[-47.44595,-5.48553],[-47.45206,-5.49167],[-47.46347,-5.49314],[-47.46464,-5.46408]]]}},{"type":"Feature","properties":{"id":464,"n":"Jardim Cristo Rei","mn":"Imperatriz","mi":2105302,"nl":1,"ap":2105,"cp":1740,"lx":-47.48132,"ly":-5.5076},"geometry":{"type":"Polygon","coordinates":[[[-47.48829,-5.51153],[-47.48389,-5.50409],[-47.48049,-5.50342],[-47.47619,-5.50577],[-47.47777,-5.50957],[-47.48294,-5.51451],[-47.48307,-5.51456],[-47.4863,-5.51284],[-47.48829,-5.51153]]]}},{"type":"Feature","properties":{"id":465,"n":"Povoado Km 1700","mn":"Imperatriz","mi":2105302,"nl":1,"ap":327,"cp":266,"lx":-47.50427,"ly":-5.21425},"geometry":{"type":"Polygon","coordinates":[[[-47.63018,-5.15981],[-47.6249,-5.1595],[-47.6235,-5.1596],[-47.6149,-5.1616],[-47.6101,-5.1636],[-47.6067,-5.164],[-47.6042,-5.1634],[-47.5957,-5.1587],[-47.5926,-5.1581],[-47.586,-5.1586],[-47.5826,-5.1578],[-47.5803,-5.1577],[-47.5745,-5.1589],[-47.5704,-5.1588],[-47.5595,-5.1566],[-47.5531,-5.1547],[-47.551,-5.1545],[-47.541,-5.1563],[-47.5387,-5.1562],[-47.5372,-5.1596],[-47.5302,-5.1704],[-47.52658,-5.17736],[-47.525,-5.1749],[-47.5215,-5.17129],[-47.5205,-5.1693],[-47.5183,-5.1599],[-47.516,-5.1573],[-47.51551,-5.15572],[-47.5166,-5.1547],[-47.5183,-5.1519],[-47.5189,-5.1467],[-47.5182,-5.1444],[-47.5151,-5.14059],[-47.5139,-5.1328],[-47.5151,-5.1289],[-47.5094,-5.1316],[-47.5067,-5.1338],[-47.5021,-5.1378],[-47.4991,-5.1423],[-47.496,-5.1488],[-47.4942,-5.1556],[-47.4928,-5.1637],[-47.4893,-5.172],[-47.4843,-5.1768],[-47.4732,-5.1786],[-47.469,-5.1796],[-47.4671,-5.1811],[-47.4655,-5.1838],[-47.4652,-5.1897],[-47.462,-5.1934],[-47.4464,-5.2062],[-47.4405,-5.213],[-47.4371,-5.2158],[-47.4332,-5.22],[-47.4311,-5.2213],[-47.4272,-5.2204],[-47.4255,-5.2207],[-47.42251,-5.2204],[-47.4186,-5.2186],[-47.4123,-5.2169],[-47.4094,-5.2168],[-47.4092,-5.219],[-47.4103,-5.2224],[-47.4132,-5.2268],[-47.4138,-5.229],[-47.4158,-5.23299],[-47.4157,-5.2341],[-47.4129,-5.2387],[-47.4095,-5.2414],[-47.4087,-5.2439],[-47.4058,-5.2492],[-47.4036,-5.2523],[-47.3996,-5.2563],[-47.3929,-5.2615],[-47.3915,-5.2637],[-47.3891,-5.2653],[-47.3865,-5.2655],[-47.38521,-5.26686],[-47.39666,-5.27311],[-47.54958,-5.25051],[-47.61083,-5.20267],[-47.63018,-5.15981]]]}},{"type":"Feature","properties":{"id":466,"n":"Parque Sao Jose","mn":"Imperatriz","mi":2105302,"nl":2,"ap":6754,"cp":5483,"lx":-47.47968,"ly":-5.478},"geometry":{"type":"Polygon","coordinates":[[[-47.49368,-5.48473],[-47.48816,-5.47842],[-47.47812,-5.45835],[-47.4747,-5.45911],[-47.46694,-5.46366],[-47.47332,-5.48267],[-47.48341,-5.48882],[-47.48497,-5.49113],[-47.48518,-5.49116],[-47.49241,-5.48682],[-47.49368,-5.48473]]]}},{"type":"Feature","properties":{"id":467,"n":"Povoado Coquelandia","mn":"Imperatriz","mi":2105302,"nl":2,"ap":920,"cp":747,"lx":-47.68242,"ly":-5.35962},"geometry":{"type":"Polygon","coordinates":[[[-47.75229,-5.3789],[-47.7063,-5.3091],[-47.69343,-5.28541],[-47.62362,-5.31875],[-47.6222,-5.31919],[-47.64828,-5.41755],[-47.6616,-5.42644],[-47.6668,-5.4218],[-47.6743,-5.4174],[-47.6822,-5.4148],[-47.6858,-5.4127],[-47.6917,-5.4102],[-47.6953,-5.4076],[-47.7062,-5.4023],[-47.7131,-5.3982],[-47.7211,-5.3945],[-47.732,-5.3863],[-47.7409,-5.3814],[-47.7443,-5.3801],[-47.75229,-5.3789]]]}},{"type":"Feature","properties":{"id":468,"n":"Santa Rita","mn":"Imperatriz","mi":2105302,"nl":3,"ap":9816,"cp":8020,"lx":-47.48895,"ly":-5.50089},"geometry":{"type":"Polygon","coordinates":[[[-47.49619,-5.50937],[-47.49169,-5.49768],[-47.49137,-5.49768],[-47.48996,-5.49687],[-47.48296,-5.49922],[-47.48115,-5.50143],[-47.48049,-5.50342],[-47.48389,-5.50409],[-47.48674,-5.50338],[-47.49521,-5.50973],[-47.49619,-5.50937]]]}},{"type":"Feature","properties":{"id":469,"n":"Nova Imperatriz","mn":"Imperatriz","mi":2105302,"nl":8,"ap":16847,"cp":13851,"lx":-47.48805,"ly":-5.51615},"geometry":{"type":"Polygon","coordinates":[[[-47.50432,-5.52166],[-47.49793,-5.52029],[-47.49232,-5.51827],[-47.49211,-5.5178],[-47.49367,-5.5108],[-47.49521,-5.50973],[-47.48674,-5.50338],[-47.48389,-5.50409],[-47.48827,-5.51152],[-47.4863,-5.51284],[-47.48306,-5.51456],[-47.48468,-5.51877],[-47.48556,-5.51931],[-47.48593,-5.51991],[-47.48355,-5.52611],[-47.48473,-5.52646],[-47.48645,-5.52554],[-47.4882,-5.52313],[-47.49161,-5.52206],[-47.49603,-5.52701],[-47.4986,-5.52844],[-47.5001,-5.5256],[-47.50432,-5.52166]]]}},{"type":"Feature","properties":{"id":470,"n":"Boca da Mata","mn":"Imperatriz","mi":2105302,"nl":2,"ap":3027,"cp":2516,"lx":-47.47662,"ly":-5.49882},"geometry":{"type":"Polygon","coordinates":[[[-47.48422,-5.49188],[-47.47918,-5.4941],[-47.47363,-5.4929],[-47.46902,-5.50182],[-47.46916,-5.50209],[-47.47256,-5.50459],[-47.47619,-5.50577],[-47.48049,-5.50342],[-47.48115,-5.50143],[-47.48296,-5.49922],[-47.48422,-5.49188]]]}},{"type":"Feature","properties":{"id":471,"n":"Povoado Olho Dagua dos Martins","mn":"Imperatriz","mi":2105302,"nl":1,"ap":1038,"cp":854,"lx":-47.58776,"ly":-5.35703},"geometry":{"type":"Polygon","coordinates":[[[-47.64828,-5.41755],[-47.6222,-5.31919],[-47.60127,-5.28681],[-47.51722,-5.36326],[-47.5361,-5.38732],[-47.64828,-5.41755]]]}},{"type":"Feature","properties":{"id":472,"n":"Povoado Imbiral","mn":"Imperatriz","mi":2105302,"nl":1,"ap":269,"cp":229,"lx":-47.58374,"ly":-5.435},"geometry":{"type":"Polygon","coordinates":[[[-47.6616,-5.42644],[-47.64828,-5.41755],[-47.5361,-5.38732],[-47.52747,-5.41294],[-47.54485,-5.47513],[-47.5485,-5.4708],[-47.5554,-5.4657],[-47.5603,-5.4632],[-47.5642,-5.4631],[-47.5678,-5.4645],[-47.5737,-5.4687],[-47.577,-5.4699],[-47.5805,-5.47],[-47.5871,-5.4689],[-47.6012,-5.4654],[-47.6058,-5.4651],[-47.6186,-5.4597],[-47.6426,-5.4402],[-47.6474,-5.4375],[-47.6556,-5.4307],[-47.6603,-5.4276],[-47.6616,-5.42644]]]}},{"type":"Feature","properties":{"id":473,"n":"Buraco Fundo","mn":"Imperatriz","mi":2105302,"nl":1,"ap":279,"cp":222,"lx":-47.50166,"ly":-5.51532},"geometry":{"type":"Polygon","coordinates":[[[-47.51722,-5.51006],[-47.49619,-5.50937],[-47.49521,-5.50973],[-47.49367,-5.51079],[-47.49211,-5.51781],[-47.49231,-5.51828],[-47.49792,-5.52028],[-47.50432,-5.52166],[-47.5108,-5.5156],[-47.5169,-5.5105],[-47.51722,-5.51006]]]}},{"type":"Feature","properties":{"id":474,"n":"Bom Sucesso","mn":"Imperatriz","mi":2105302,"nl":2,"ap":8086,"cp":6540,"lx":-47.48883,"ly":-5.49335},"geometry":{"type":"Polygon","coordinates":[[[-47.494,-5.49631],[-47.49241,-5.48682],[-47.4852,-5.49115],[-47.48497,-5.49113],[-47.48422,-5.49188],[-47.48296,-5.49922],[-47.48995,-5.49688],[-47.49137,-5.49768],[-47.49169,-5.49768],[-47.494,-5.49631]]]}},{"type":"Feature","properties":{"id":475,"n":"Povoado Petrolina","mn":"Imperatriz","mi":2105302,"nl":1,"ap":670,"cp":538,"lx":-47.77411,"ly":-5.33737},"geometry":{"type":"Polygon","coordinates":[[[-47.8684,-5.3276],[-47.868,-5.325],[-47.8663,-5.321],[-47.8657,-5.3172],[-47.8667,-5.3053],[-47.8647,-5.3076],[-47.8628,-5.3078],[-47.8625,-5.3088],[-47.8634,-5.30961],[-47.86319,-5.31109],[-47.8604,-5.3113],[-47.8596,-5.313],[-47.86088,-5.31509],[-47.8595,-5.3158],[-47.86088,-5.3169],[-47.8596,-5.3181],[-47.86,-5.3206],[-47.85909,-5.32311],[-47.85829,-5.324],[-47.8557,-5.3251],[-47.85558,-5.3263],[-47.8536,-5.3266],[-47.8512,-5.3281],[-47.8492,-5.3288],[-47.8468,-5.3307],[-47.8444,-5.3317],[-47.84219,-5.3331],[-47.84009,-5.33369],[-47.8391,-5.3331],[-47.8366,-5.3304],[-47.8337,-5.3292],[-47.8308,-5.3248],[-47.8262,-5.3243],[-47.8235,-5.32569],[-47.8216,-5.3247],[-47.82,-5.32609],[-47.81911,-5.3261],[-47.818,-5.32499],[-47.8183,-5.3226],[-47.8164,-5.3235],[-47.81481,-5.3236],[-47.8137,-5.3221],[-47.81231,-5.32199],[-47.8121,-5.3199],[-47.8115,-5.3188],[-47.8119,-5.3171],[-47.8106,-5.316],[-47.8095,-5.3135],[-47.8059,-5.3108],[-47.8046,-5.3061],[-47.7999,-5.3051],[-47.7981,-5.3035],[-47.7977,-5.3015],[-47.7987,-5.2983],[-47.7978,-5.2966],[-47.7967,-5.296],[-47.7929,-5.29619],[-47.79,-5.2914],[-47.7888,-5.2909],[-47.7872,-5.2889],[-47.7846,-5.2878],[-47.783,-5.285],[-47.7793,-5.2836],[-47.77701,-5.2819],[-47.7761,-5.2781],[-47.7743,-5.2773],[-47.7736,-5.2748],[-47.7721,-5.27429],[-47.7713,-5.2721],[-47.7701,-5.271],[-47.7703,-5.2694],[-47.7681,-5.2684],[-47.7665,-5.2657],[-47.7629,-5.2634],[-47.762,-5.2605],[-47.7608,-5.2589],[-47.7565,-5.257],[-47.7558,-5.2549],[-47.7546,-5.2529],[-47.7543,-5.251],[-47.7528,-5.2497],[-47.7482,-5.2496],[-47.74312,-5.2481],[-47.7428,-5.2473],[-47.7405,-5.2475],[-47.73931,-5.24661],[-47.7378,-5.2433],[-47.7355,-5.24209],[-47.735,-5.2404],[-47.7321,-5.2355],[-47.72911,-5.2338],[-47.728,-5.23],[-47.7264,-5.2291],[-47.7165,-5.2294],[-47.7164,-5.2316],[-47.71479,-5.2339],[-47.7122,-5.2343],[-47.7076,-5.234],[-47.70531,-5.23539],[-47.70461,-5.23451],[-47.7042,-5.2295],[-47.7047,-5.2252],[-47.702,-5.2216],[-47.7014,-5.2199],[-47.7014,-5.2134],[-47.702,-5.2071],[-47.699,-5.1969],[-47.6992,-5.1926],[-47.6982,-5.1902],[-47.6954,-5.1864],[-47.695,-5.1837],[-47.6958,-5.179],[-47.6937,-5.174],[-47.6931,-5.1704],[-47.6882,-5.1643],[-47.6873,-5.1614],[-47.6876,-5.158],[-47.6867,-5.1563],[-47.6783,-5.16],[-47.6666,-5.1665],[-47.6614,-5.168],[-47.6561,-5.1678],[-47.6534,-5.1671],[-47.6514,-5.1658],[-47.646,-5.1614],[-47.64437,-5.16079],[-47.69343,-5.28541],[-47.7063,-5.3091],[-47.7523,-5.3789],[-47.7576,-5.3781],[-47.7683,-5.3782],[-47.7723,-5.3786],[-47.7862,-5.3835],[-47.793,-5.3847],[-47.8063,-5.3859],[-47.8238,-5.3852],[-47.8275,-5.3866],[-47.8315,-5.3841],[-47.8381,-5.3786],[-47.8438,-5.3762],[-47.857,-5.3604],[-47.861,-5.3548],[-47.8654,-5.3475],[-47.8676,-5.3428],[-47.8678,-5.3404],[-47.8672,-5.3386],[-47.867,-5.3358],[-47.8684,-5.3276]]]}},{"type":"Feature","properties":{"id":476,"n":"Povoado Vila Conceicao II","mn":"Imperatriz","mi":2105302,"nl":1,"ap":295,"cp":248,"lx":-47.48721,"ly":-5.29607},"geometry":{"type":"Polygon","coordinates":[[[-47.54958,-5.25051],[-47.54958,-5.25051],[-47.39666,-5.27311],[-47.50047,-5.35062],[-47.54958,-5.25051]]]}},{"type":"Feature","properties":{"id":477,"n":"Ouro Verde","mn":"Imperatriz","mi":2105302,"nl":1,"ap":1213,"cp":983,"lx":-47.49475,"ly":-5.4638},"geometry":{"type":"Polygon","coordinates":[[[-47.51246,-5.48458],[-47.50293,-5.44543],[-47.47812,-5.45835],[-47.48816,-5.47842],[-47.49368,-5.48473],[-47.51246,-5.48458]]]}},{"type":"Feature","properties":{"id":478,"n":"Povoado Vila Conceicao I","mn":"Imperatriz","mi":2105302,"nl":1,"ap":404,"cp":342,"lx":-47.57246,"ly":-5.2723},"geometry":{"type":"Polygon","coordinates":[[[-47.61083,-5.20267],[-47.54958,-5.25051],[-47.50047,-5.35062],[-47.50539,-5.35663],[-47.51722,-5.36326],[-47.60127,-5.28681],[-47.61083,-5.20267]]]}},{"type":"Feature","properties":{"id":479,"n":"Santa Ines","mn":"Imperatriz","mi":2105302,"nl":1,"ap":2613,"cp":2094,"lx":-47.50783,"ly":-5.5029},"geometry":{"type":"Polygon","coordinates":[[[-47.52397,-5.49917],[-47.52034,-5.49575],[-47.494,-5.49631],[-47.49169,-5.49768],[-47.49619,-5.50937],[-47.51722,-5.51006],[-47.5234,-5.5015],[-47.52397,-5.49917]]]}},{"type":"Feature","properties":{"id":480,"n":"Parque Independencia","mn":"Imperatriz","mi":2105302,"nl":1,"ap":3019,"cp":2445,"lx":-47.50275,"ly":-5.49045},"geometry":{"type":"Polygon","coordinates":[[[-47.52034,-5.49575],[-47.51246,-5.48458],[-47.49368,-5.48473],[-47.49241,-5.48682],[-47.494,-5.49631],[-47.52034,-5.49575]]]}},{"type":"Feature","properties":{"id":481,"n":"Povoado Sao Felix","mn":"Imperatriz","mi":2105302,"nl":1,"ap":465,"cp":379,"lx":-47.64321,"ly":-5.26573},"geometry":{"type":"Polygon","coordinates":[[[-47.69343,-5.28541],[-47.64437,-5.16079],[-47.63018,-5.15981],[-47.61083,-5.20267],[-47.60127,-5.28681],[-47.6222,-5.31919],[-47.62362,-5.31875],[-47.69343,-5.28541]]]}},{"type":"Feature","properties":{"id":482,"n":"Conjunto Planalto I","mn":"Imperatriz","mi":2105302,"nl":1,"ap":1221,"cp":1020,"lx":-47.47783,"ly":-5.48981},"geometry":{"type":"Polygon","coordinates":[[[-47.48497,-5.49113],[-47.48342,-5.48882],[-47.47332,-5.48267],[-47.47311,-5.48583],[-47.47363,-5.4929],[-47.47918,-5.4941],[-47.48422,-5.49188],[-47.48497,-5.49113]]]}},{"type":"Feature","properties":{"id":483,"n":"Vila Redencao I","mn":"Imperatriz","mi":2105302,"nl":2,"ap":3942,"cp":3193,"lx":-47.4608,"ly":-5.51153},"geometry":{"type":"Polygon","coordinates":[[[-47.46754,-5.50415],[-47.45557,-5.51064],[-47.45571,-5.51127],[-47.46168,-5.51677],[-47.46453,-5.51038],[-47.46456,-5.51],[-47.46754,-5.50415]]]}},{"type":"Feature","properties":{"id":484,"n":"Alto Bonito","mn":"Imperatriz","mi":2105302,"nl":1,"ap":1096,"cp":880,"lx":-47.45924,"ly":-5.49676},"geometry":{"type":"Polygon","coordinates":[[[-47.46793,-5.50126],[-47.46379,-5.49348],[-47.46347,-5.49314],[-47.45206,-5.49167],[-47.45659,-5.50104],[-47.46793,-5.50126]]]}},{"type":"Feature","properties":{"id":485,"n":"Residencial Sebastião Regis","mn":"Imperatriz","mi":2105302,"nl":1,"ap":1071,"cp":868,"lx":-47.52619,"ly":-5.47067},"geometry":{"type":"Polygon","coordinates":[[[-47.54485,-5.47513],[-47.54485,-5.47513],[-47.52747,-5.41294],[-47.5088,-5.43745],[-47.50293,-5.44543],[-47.51246,-5.48458],[-47.52034,-5.49575],[-47.52397,-5.49917],[-47.5242,-5.49819],[-47.5283,-5.4927],[-47.5343,-5.4865],[-47.5373,-5.4841],[-47.54485,-5.47513]]]}},{"type":"Feature","properties":{"id":486,"n":"Povoado Camacari","mn":"Imperatriz","mi":2105302,"nl":1,"ap":953,"cp":814,"lx":-47.43128,"ly":-5.46583},"geometry":{"type":"Polygon","coordinates":[[[-47.44781,-5.46539],[-47.42199,-5.43171],[-47.4205,-5.44759],[-47.4185,-5.4508],[-47.4186,-5.4528],[-47.4181,-5.4537],[-47.4192,-5.4575],[-47.4178,-5.4613],[-47.4178,-5.4642],[-47.4155,-5.4704],[-47.4121,-5.4766],[-47.4087,-5.4796],[-47.4073,-5.4799],[-47.4039,-5.4792],[-47.4016,-5.4792],[-47.4008,-5.4799],[-47.40025,-5.48104],[-47.41807,-5.48794],[-47.44258,-5.47495],[-47.44781,-5.46539]]]}},{"type":"Feature","properties":{"id":487,"n":"Parque Alvorada II","mn":"Imperatriz","mi":2105302,"nl":2,"ap":3611,"cp":2798,"lx":-47.44133,"ly":-5.53484},"geometry":{"type":"Polygon","coordinates":[[[-47.45561,-5.53072],[-47.44708,-5.52449],[-47.44516,-5.52361],[-47.43878,-5.52851],[-47.42576,-5.538],[-47.42623,-5.53989],[-47.4423,-5.54304],[-47.45153,-5.5344],[-47.45517,-5.53148],[-47.45561,-5.53072]]]}},{"type":"Feature","properties":{"id":488,"n":"Sao Salvador","mn":"Imperatriz","mi":2105302,"nl":2,"ap":2932,"cp":2444,"lx":-47.46572,"ly":-5.54192},"geometry":{"type":"Polygon","coordinates":[[[-47.47512,-5.54354],[-47.4749,-5.53942],[-47.46999,-5.53882],[-47.46624,-5.53553],[-47.46405,-5.53619],[-47.45842,-5.55017],[-47.46333,-5.55341],[-47.46606,-5.55059],[-47.46985,-5.54153],[-47.47404,-5.54462],[-47.47512,-5.54354]]]}},{"type":"Feature","properties":{"id":489,"n":"Vila Nova","mn":"Imperatriz","mi":2105302,"nl":5,"ap":12418,"cp":10141,"lx":-47.45459,"ly":-5.5219},"geometry":{"type":"MultiPolygon","coordinates":[[[[-47.46463,-5.52196],[-47.46357,-5.51933],[-47.46206,-5.51758],[-47.46168,-5.51677],[-47.45571,-5.51127],[-47.45207,-5.51592],[-47.44568,-5.51943],[-47.44516,-5.52361],[-47.44708,-5.52449],[-47.45561,-5.53072],[-47.45653,-5.53058],[-47.4608,-5.52466],[-47.46463,-5.52196]]],[[[-47.4758,-5.5386],[-47.47573,-5.5381],[-47.46924,-5.53146],[-47.46624,-5.53553],[-47.46998,-5.53882],[-47.4749,-5.53942],[-47.4758,-5.5386]]]]}},{"type":"Feature","properties":{"id":490,"n":"Parque do Buriti","mn":"Imperatriz","mi":2105302,"nl":3,"ap":8036,"cp":6684,"lx":-47.47578,"ly":-5.55546},"geometry":{"type":"Polygon","coordinates":[[[-47.48676,-5.55307],[-47.47802,-5.54449],[-47.47512,-5.54354],[-47.47402,-5.5446],[-47.46985,-5.5415],[-47.46606,-5.55059],[-47.46333,-5.55341],[-47.47597,-5.57279],[-47.48457,-5.57816],[-47.4832,-5.5706],[-47.4833,-5.5649],[-47.4851,-5.5575],[-47.48676,-5.55307]]]}},{"type":"Feature","properties":{"id":491,"n":"Residencial Cinco Estrelas","mn":"Imperatriz","mi":2105302,"nl":1,"ap":3661,"cp":2822,"lx":-47.44804,"ly":-5.51177},"geometry":{"type":"Polygon","coordinates":[[[-47.4557,-5.51127],[-47.45557,-5.51064],[-47.45336,-5.50636],[-47.44182,-5.50581],[-47.44095,-5.50664],[-47.44132,-5.51075],[-47.44568,-5.51943],[-47.45207,-5.51592],[-47.4557,-5.51127]]]}},{"type":"Feature","properties":{"id":492,"n":"Conunto Nova Vitória","mn":"Imperatriz","mi":2105302,"nl":1,"ap":1828,"cp":1447,"lx":-47.44493,"ly":-5.5661},"geometry":{"type":"Polygon","coordinates":[[[-47.45365,-5.57196],[-47.44883,-5.5588],[-47.43503,-5.56197],[-47.4394,-5.5687],[-47.4405,-5.57079],[-47.441,-5.57388],[-47.45365,-5.57196]]]}},{"type":"Feature","properties":{"id":493,"n":"Bacuri","mn":"Imperatriz","mi":2105302,"nl":5,"ap":9625,"cp":7944,"lx":-47.48536,"ly":-5.54606},"geometry":{"type":"MultiPolygon","coordinates":[[[[-47.4798,-5.53643],[-47.47923,-5.53293],[-47.476,-5.53316],[-47.47284,-5.53008],[-47.46993,-5.53025],[-47.46924,-5.53146],[-47.47573,-5.5381],[-47.47603,-5.53338],[-47.4798,-5.53643]]],[[[-47.49056,-5.54506],[-47.48478,-5.54068],[-47.48079,-5.53899],[-47.48033,-5.5386],[-47.4758,-5.5386],[-47.4749,-5.53942],[-47.47512,-5.54354],[-47.47803,-5.54449],[-47.48676,-5.55307],[-47.4881,-5.5495],[-47.49056,-5.54506]]],[[[-47.48462,-5.53247],[-47.48329,-5.53238],[-47.4817,-5.53537],[-47.48145,-5.53606],[-47.48438,-5.53521],[-47.48462,-5.53247]]]]}},{"type":"Feature","properties":{"id":494,"n":"Mercadinho","mn":"Imperatriz","mi":2105302,"nl":2,"ap":3267,"cp":2610,"lx":-47.47758,"ly":-5.53065},"geometry":{"type":"Polygon","coordinates":[[[-47.48082,-5.53153],[-47.48012,-5.52967],[-47.47947,-5.52741],[-47.47346,-5.52958],[-47.47284,-5.53008],[-47.476,-5.53317],[-47.47923,-5.53293],[-47.48082,-5.53153]]]}},{"type":"Feature","properties":{"id":495,"n":"Uniao","mn":"Imperatriz","mi":2105302,"nl":1,"ap":1642,"cp":1389,"lx":-47.48884,"ly":-5.53881},"geometry":{"type":"Polygon","coordinates":[[[-47.4939,-5.53731],[-47.48624,-5.53189],[-47.48462,-5.53247],[-47.48438,-5.53521],[-47.48478,-5.54068],[-47.49056,-5.54506],[-47.4917,-5.543],[-47.493,-5.539],[-47.4939,-5.53731]]]}},{"type":"Feature","properties":{"id":496,"n":"Bom Jesus","mn":"Imperatriz","mi":2105302,"nl":2,"ap":2092,"cp":1584,"lx":-47.43249,"ly":-5.49356},"geometry":{"type":"Polygon","coordinates":[[[-47.44595,-5.48553],[-47.44258,-5.47495],[-47.41807,-5.48794],[-47.41816,-5.48836],[-47.41462,-5.51449],[-47.4148,-5.51461],[-47.4153,-5.5166],[-47.42029,-5.5188],[-47.42149,-5.52024],[-47.43355,-5.5053],[-47.44094,-5.50664],[-47.44182,-5.50581],[-47.44595,-5.48553]]]}},{"type":"Feature","properties":{"id":497,"n":"Parque Amazonas","mn":"Imperatriz","mi":2105302,"nl":1,"ap":6453,"cp":5108,"lx":-47.44944,"ly":-5.50014},"geometry":{"type":"Polygon","coordinates":[[[-47.45659,-5.50104],[-47.45206,-5.49167],[-47.44595,-5.48553],[-47.44182,-5.50581],[-47.45336,-5.50636],[-47.45659,-5.50104]]]}},{"type":"Feature","properties":{"id":498,"n":"Vilinha","mn":"Imperatriz","mi":2105302,"nl":2,"ap":5129,"cp":4156,"lx":-47.45456,"ly":-5.5413},"geometry":{"type":"Polygon","coordinates":[[[-47.46405,-5.53619],[-47.45653,-5.53058],[-47.45561,-5.53072],[-47.45516,-5.53148],[-47.45153,-5.5344],[-47.4423,-5.54304],[-47.45474,-5.54934],[-47.45528,-5.54978],[-47.45841,-5.55017],[-47.46405,-5.53619]]]}},{"type":"Feature","properties":{"id":499,"n":"Cacauzinho","mn":"Imperatriz","mi":2105302,"nl":1,"ap":207,"cp":178,"lx":-47.40731,"ly":-5.49205},"geometry":{"type":"Polygon","coordinates":[[[-47.41816,-5.48835],[-47.41807,-5.48794],[-47.40025,-5.48104],[-47.3996,-5.4824],[-47.398,-5.4831],[-47.3952,-5.4885],[-47.395,-5.4919],[-47.4032,-5.4987],[-47.4046,-5.4993],[-47.40567,-5.50135],[-47.404,-5.5017],[-47.4038,-5.5056],[-47.4046,-5.5074],[-47.4065,-5.509],[-47.4078,-5.5087],[-47.41089,-5.5092],[-47.4114,-5.5117],[-47.4123,-5.5131],[-47.41462,-5.51449],[-47.41816,-5.48835]]]}},{"type":"Feature","properties":{"id":500,"n":"Vila Fiquene","mn":"Imperatriz","mi":2105302,"nl":1,"ap":2141,"cp":1769,"lx":-47.439,"ly":-5.52063},"geometry":{"type":"Polygon","coordinates":[[[-47.44568,-5.51943],[-47.44132,-5.51075],[-47.42509,-5.52404],[-47.4243,-5.531],[-47.4244,-5.5324],[-47.42576,-5.538],[-47.43878,-5.52851],[-47.44516,-5.52361],[-47.44568,-5.51943]]]}},{"type":"Feature","properties":{"id":501,"n":"Itamar Guará II","mn":"Imperatriz","mi":2105302,"nl":1,"ap":1825,"cp":1446,"lx":-47.4278,"ly":-5.62104},"geometry":{"type":"Polygon","coordinates":[[[-47.45381,-5.57201],[-47.441,-5.57388],[-47.44069,-5.57851],[-47.3959,-5.6454],[-47.3963,-5.6457],[-47.3987,-5.645],[-47.401,-5.6455],[-47.4029,-5.6453],[-47.406,-5.6439],[-47.40571,-5.6422],[-47.40718,-5.64131],[-47.4088,-5.6423],[-47.4106,-5.6417],[-47.41539,-5.63831],[-47.418,-5.6392],[-47.421,-5.6375],[-47.4235,-5.6378],[-47.426,-5.6398],[-47.42929,-5.63852],[-47.4298,-5.6409],[-47.4316,-5.6431],[-47.4332,-5.6439],[-47.4345,-5.6438],[-47.4355,-5.6399],[-47.4349,-5.6361],[-47.4352,-5.6333],[-47.43601,-5.63119],[-47.4382,-5.62881],[-47.43921,-5.62864],[-47.45381,-5.57201]]]}},{"type":"Feature","properties":{"id":502,"n":"Itamar Guará I","mn":"Imperatriz","mi":2105302,"nl":1,"ap":71,"cp":53,"lx":-47.46479,"ly":-5.60285},"geometry":{"type":"Polygon","coordinates":[[[-47.48457,-5.57816],[-47.47597,-5.57279],[-47.45381,-5.57201],[-47.43921,-5.62864],[-47.44011,-5.62851],[-47.4449,-5.6318],[-47.4464,-5.6314],[-47.44601,-5.62811],[-47.4477,-5.62771],[-47.4499,-5.6303],[-47.4522,-5.632],[-47.4537,-5.629],[-47.455,-5.6288],[-47.4587,-5.6293],[-47.46379,-5.62431],[-47.4653,-5.6241],[-47.4672,-5.6218],[-47.4686,-5.6212],[-47.4716,-5.6211],[-47.4738,-5.6228],[-47.4753,-5.6228],[-47.4773,-5.62081],[-47.4797,-5.6217],[-47.4821,-5.613],[-47.4825,-5.6074],[-47.4844,-5.5956],[-47.485,-5.5878],[-47.4848,-5.5794],[-47.48457,-5.57816]]]}},{"type":"Feature","properties":{"id":503,"n":"Vila Vitoria","mn":"Imperatriz","mi":2105302,"nl":1,"ap":752,"cp":554,"lx":-47.43942,"ly":-5.55162},"geometry":{"type":"Polygon","coordinates":[[[-47.45528,-5.54978],[-47.45474,-5.54934],[-47.4423,-5.54304],[-47.42623,-5.53989],[-47.4297,-5.5534],[-47.432,-5.5573],[-47.43503,-5.56197],[-47.44883,-5.5588],[-47.45528,-5.54978]]]}},{"type":"Feature","properties":{"id":504,"n":"Recanto Universitário","mn":"Imperatriz","mi":2105302,"nl":1,"ap":1697,"cp":1364,"lx":-47.43517,"ly":-5.51027},"geometry":{"type":"Polygon","coordinates":[[[-47.44132,-5.51075],[-47.44094,-5.50664],[-47.43356,-5.50529],[-47.42149,-5.52024],[-47.4226,-5.5216],[-47.42509,-5.52211],[-47.4252,-5.5231],[-47.42509,-5.52404],[-47.44132,-5.51075]]]}},{"type":"Feature","properties":{"id":505,"n":"Jardim Morada do Sol","mn":"Imperatriz","mi":2105302,"nl":1,"ap":214,"cp":176,"lx":-47.46377,"ly":-5.52931},"geometry":{"type":"Polygon","coordinates":[[[-47.46993,-5.53025],[-47.46629,-5.52256],[-47.46463,-5.52196],[-47.4608,-5.52466],[-47.45653,-5.53058],[-47.46405,-5.53619],[-47.46624,-5.53553],[-47.46924,-5.53146],[-47.46993,-5.53025]]]}},{"type":"Feature","properties":{"id":506,"n":"Colinas Park","mn":"Imperatriz","mi":2105302,"nl":1,"ap":1681,"cp":1376,"lx":-47.45925,"ly":-5.56254},"geometry":{"type":"Polygon","coordinates":[[[-47.47597,-5.57279],[-47.46333,-5.55341],[-47.45841,-5.55017],[-47.45528,-5.54978],[-47.44883,-5.5588],[-47.45365,-5.57196],[-47.47597,-5.57279]]]}},{"type":"Feature","properties":{"id":507,"n":"Caminho Grande","mn":"Itapecuru Mirim","mi":2105401,"nl":6,"ap":8324,"cp":6419,"lx":-44.35425,"ly":-3.4003},"geometry":{"type":"Polygon","coordinates":[[[-44.35716,-3.39562],[-44.35699,-3.39527],[-44.3546,-3.39395],[-44.35448,-3.39617],[-44.35399,-3.39798],[-44.35335,-3.39745],[-44.35265,-3.39559],[-44.3536,-3.39288],[-44.34944,-3.39347],[-44.34478,-3.39446],[-44.35032,-3.3977],[-44.35069,-3.39818],[-44.35271,-3.40264],[-44.3535,-3.40321],[-44.35546,-3.40257],[-44.35639,-3.40248],[-44.3571,-3.39987],[-44.35716,-3.39562]]]}},{"type":"Feature","properties":{"id":508,"n":"Centro","mn":"Itapecuru Mirim","mi":2105401,"nl":6,"ap":9584,"cp":7731,"lx":-44.35847,"ly":-3.3913},"geometry":{"type":"Polygon","coordinates":[[[-44.38066,-3.41233],[-44.36353,-3.39712],[-44.36217,-3.38893],[-44.36266,-3.3808],[-44.35876,-3.38127],[-44.35658,-3.38402],[-44.3536,-3.39288],[-44.3546,-3.39395],[-44.35698,-3.39526],[-44.35716,-3.39562],[-44.3571,-3.39987],[-44.35639,-3.40248],[-44.37983,-3.41307],[-44.38066,-3.41233]]]}},{"type":"Feature","properties":{"id":509,"n":"Povoado Colombo","mn":"Itapecuru Mirim","mi":2105401,"nl":1,"ap":568,"cp":454,"lx":-44.48677,"ly":-3.40198},"geometry":{"type":"Polygon","coordinates":[[[-44.53597,-3.3998],[-44.5347,-3.3982],[-44.51888,-3.37327],[-44.46683,-3.36159],[-44.43848,-3.38656],[-44.43785,-3.3916],[-44.48243,-3.4596],[-44.53597,-3.3998]]]}},{"type":"Feature","properties":{"id":510,"n":"Povoado Entroncamento","mn":"Itapecuru Mirim","mi":2105401,"nl":2,"ap":2908,"cp":2215,"lx":-44.44364,"ly":-3.34993},"geometry":{"type":"Polygon","coordinates":[[[-44.47192,-3.34398],[-44.46154,-3.32017],[-44.44742,-3.31764],[-44.43727,-3.32498],[-44.40898,-3.34465],[-44.43848,-3.38656],[-44.46683,-3.36159],[-44.47192,-3.34398]]]}},{"type":"Feature","properties":{"id":511,"n":"Povoado Leite II","mn":"Itapecuru Mirim","mi":2105401,"nl":1,"ap":872,"cp":632,"lx":-44.09063,"ly":-3.45998},"geometry":{"type":"MultiPolygon","coordinates":[[[[-44.12967,-3.45066],[-44.0651,-3.44176],[-44.0651,-3.44176],[-44.0681,-3.4493],[-44.0683,-3.4509],[-44.0679,-3.4538],[-44.0688,-3.4571],[-44.07,-3.4581],[-44.0732,-3.4595],[-44.0756,-3.46239],[-44.0764,-3.4648],[-44.0792,-3.4691],[-44.0802,-3.4703],[-44.0839,-3.4732],[-44.0848,-3.47459],[-44.08574,-3.47877],[-44.12241,-3.46302],[-44.12967,-3.45066]]],[[[-44.08329,-3.47982],[-44.0815,-3.4796],[-44.0815,-3.4796],[-44.08181,-3.48046],[-44.08329,-3.47982]]]]}},{"type":"Feature","properties":{"id":512,"n":"Povoado Moreira","mn":"Itapecuru Mirim","mi":2105401,"nl":1,"ap":282,"cp":212,"lx":-44.33879,"ly":-3.4898},"geometry":{"type":"Polygon","coordinates":[[[-44.4065,-3.5109],[-44.4039,-3.5074],[-44.4022,-3.5044],[-44.3992,-3.5003],[-44.3974,-3.4951],[-44.3958,-3.4927],[-44.3951,-3.4907],[-44.3931,-3.4877],[-44.3926,-3.4861],[-44.3892,-3.4808],[-44.3855,-3.4757],[-44.3851,-3.4747],[-44.38505,-3.46996],[-44.36137,-3.44317],[-44.35089,-3.44197],[-44.29265,-3.44236],[-44.26503,-3.46289],[-44.31215,-3.53755],[-44.3979,-3.538],[-44.4003,-3.5303],[-44.4011,-3.5289],[-44.4015,-3.527],[-44.4029,-3.5223],[-44.4038,-3.5199],[-44.4065,-3.5147],[-44.4065,-3.5109]]]}},{"type":"Feature","properties":{"id":513,"n":"Povoado Olhos Dagua dos Mendes","mn":"Itapecuru Mirim","mi":2105401,"nl":1,"ap":274,"cp":213,"lx":-44.08212,"ly":-3.35435},"geometry":{"type":"Polygon","coordinates":[[[-44.11581,-3.37693],[-44.1047,-3.33569],[-44.06152,-3.31421],[-44.04199,-3.31764],[-44.0386,-3.3356],[-44.0424,-3.3391],[-44.0435,-3.3423],[-44.045,-3.3442],[-44.0478,-3.3462],[-44.0512,-3.3524],[-44.0531,-3.3588],[-44.0543,-3.3608],[-44.0574,-3.3641],[-44.0571,-3.3671],[-44.0559,-3.3698],[-44.0554,-3.3726],[-44.0556,-3.3753],[-44.0583,-3.3815],[-44.0612,-3.3865],[-44.06232,-3.38922],[-44.11581,-3.37693]]]}},{"type":"Feature","properties":{"id":514,"n":"Povoado Picos","mn":"Itapecuru Mirim","mi":2105401,"nl":1,"ap":879,"cp":721,"lx":-44.41331,"ly":-3.32291},"geometry":{"type":"Polygon","coordinates":[[[-44.44742,-3.31764],[-44.42987,-3.29359],[-44.39488,-3.31664],[-44.3977,-3.33575],[-44.40898,-3.34465],[-44.43727,-3.32498],[-44.44742,-3.31764]]]}},{"type":"Feature","properties":{"id":515,"n":"Povoado São Francisco","mn":"Itapecuru Mirim","mi":2105401,"nl":1,"ap":474,"cp":358,"lx":-44.38762,"ly":-3.24848},"geometry":{"type":"Polygon","coordinates":[[[-44.419,-3.25434],[-44.39715,-3.21251],[-44.3945,-3.216],[-44.3907,-3.2186],[-44.3862,-3.2207],[-44.38469,-3.22289],[-44.3819,-3.2224],[-44.3807,-3.2228],[-44.3776,-3.2246],[-44.37651,-3.2247],[-44.3737,-3.2229],[-44.3712,-3.2218],[-44.3704,-3.2223],[-44.3693,-3.2253],[-44.36889,-3.22859],[-44.364,-3.2295],[-44.36788,-3.2334],[-44.3653,-3.236],[-44.36469,-3.23879],[-44.3632,-3.239],[-44.3621,-3.2382],[-44.35901,-3.23889],[-44.3577,-3.2369],[-44.35673,-3.23641],[-44.35739,-3.24175],[-44.3583,-3.2453],[-44.35813,-3.24775],[-44.36306,-3.28752],[-44.37499,-3.293],[-44.419,-3.25434]]]}},{"type":"Feature","properties":{"id":516,"n":"Povoado Tingidor II","mn":"Itapecuru Mirim","mi":2105401,"nl":1,"ap":406,"cp":312,"lx":-44.05843,"ly":-3.29838},"geometry":{"type":"Polygon","coordinates":[[[-44.07206,-3.2577],[-44.05387,-3.25125],[-44.0471,-3.2906],[-44.04199,-3.31764],[-44.06152,-3.31421],[-44.07107,-3.30362],[-44.07206,-3.2577]]]}},{"type":"Feature","properties":{"id":517,"n":"Aviação","mn":"Itapecuru Mirim","mi":2105401,"nl":1,"ap":1603,"cp":1267,"lx":-44.34141,"ly":-3.37794},"geometry":{"type":"Polygon","coordinates":[[[-44.34684,-3.37528],[-44.33599,-3.36447],[-44.33738,-3.39072],[-44.34251,-3.39141],[-44.34306,-3.39071],[-44.34684,-3.37528]]]}},{"type":"Feature","properties":{"id":518,"n":"Br 222","mn":"Itapecuru Mirim","mi":2105401,"nl":2,"ap":1661,"cp":1286,"lx":-44.33631,"ly":-3.42745},"geometry":{"type":"MultiPolygon","coordinates":[[[[-44.35176,-3.41177],[-44.34619,-3.40769],[-44.33962,-3.40765],[-44.29488,-3.43745],[-44.29265,-3.44236],[-44.35089,-3.44197],[-44.35176,-3.41177]]],[[[-44.3546,-3.39395],[-44.35363,-3.39295],[-44.35265,-3.39558],[-44.35335,-3.39745],[-44.35401,-3.39801],[-44.35448,-3.39617],[-44.3546,-3.39395]]]]}},{"type":"Feature","properties":{"id":519,"n":"Torre","mn":"Itapecuru Mirim","mi":2105401,"nl":2,"ap":2091,"cp":1447,"lx":-44.31292,"ly":-3.41372},"geometry":{"type":"Polygon","coordinates":[[[-44.35271,-3.40264],[-44.35069,-3.39818],[-44.35032,-3.39769],[-44.34477,-3.39446],[-44.34251,-3.39141],[-44.33738,-3.39072],[-44.30416,-3.40711],[-44.29488,-3.43745],[-44.33962,-3.40765],[-44.34414,-3.40083],[-44.35271,-3.40264]]]}},{"type":"Feature","properties":{"id":520,"n":"Malvinas","mn":"Itapecuru Mirim","mi":2105401,"nl":2,"ap":3113,"cp":2400,"lx":-44.35104,"ly":-3.39022},"geometry":{"type":"Polygon","coordinates":[[[-44.35658,-3.38402],[-44.35151,-3.38673],[-44.34306,-3.39071],[-44.34251,-3.39141],[-44.34477,-3.39446],[-44.34944,-3.39347],[-44.3536,-3.39288],[-44.35658,-3.38402]]]}},{"type":"Feature","properties":{"id":521,"n":"Povoado Leite","mn":"Itapecuru Mirim","mi":2105401,"nl":1,"ap":958,"cp":755,"lx":-44.09735,"ly":-3.48852},"geometry":{"type":"Polygon","coordinates":[[[-44.12241,-3.46302],[-44.08574,-3.47877],[-44.08606,-3.48038],[-44.0847,-3.48],[-44.08329,-3.47982],[-44.08181,-3.48046],[-44.0825,-3.4824],[-44.0825,-3.4843],[-44.083,-3.4857],[-44.084,-3.4908],[-44.0844,-3.4946],[-44.0853,-3.4992],[-44.0857,-3.5003],[-44.0881,-3.50231],[-44.0882,-3.5041],[-44.0878,-3.5073],[-44.0881,-3.5109],[-44.09,-3.5144],[-44.0899,-3.516],[-44.09129,-3.5169],[-44.0913,-3.5182],[-44.0943,-3.52221],[-44.0945,-3.526],[-44.0933,-3.5283],[-44.0926,-3.5309],[-44.0926,-3.5329],[-44.0914,-3.5344],[-44.08901,-3.53619],[-44.0878,-3.5364],[-44.09174,-3.53642],[-44.12241,-3.46302]]]}},{"type":"Feature","properties":{"id":522,"n":"Roseana Sarney","mn":"Itapecuru Mirim","mi":2105401,"nl":3,"ap":2923,"cp":2322,"lx":-44.36327,"ly":-3.4182},"geometry":{"type":"Polygon","coordinates":[[[-44.37983,-3.41307],[-44.35639,-3.40248],[-44.35546,-3.40256],[-44.3535,-3.40321],[-44.35286,-3.40448],[-44.34619,-3.40769],[-44.35176,-3.41178],[-44.35089,-3.44197],[-44.36137,-3.44317],[-44.37983,-3.41307]]]}},{"type":"Feature","properties":{"id":523,"n":"Povoado Tingidor","mn":"Itapecuru Mirim","mi":2105401,"nl":1,"ap":455,"cp":338,"lx":-44.08714,"ly":-3.27303},"geometry":{"type":"Polygon","coordinates":[[[-44.13257,-3.25957],[-44.12123,-3.25728],[-44.07206,-3.2577],[-44.07107,-3.30362],[-44.13257,-3.25957]]]}},{"type":"Feature","properties":{"id":524,"n":"Rodoviaria","mn":"Itapecuru Mirim","mi":2105401,"nl":1,"ap":1006,"cp":767,"lx":-44.34555,"ly":-3.40447},"geometry":{"type":"Polygon","coordinates":[[[-44.3535,-3.40321],[-44.35271,-3.40264],[-44.34414,-3.40082],[-44.33962,-3.40765],[-44.34619,-3.40769],[-44.35287,-3.40447],[-44.3535,-3.40321]]]}},{"type":"Feature","properties":{"id":525,"n":"Povoado São José dos Matos","mn":"Itapecuru Mirim","mi":2105401,"nl":1,"ap":343,"cp":264,"lx":-44.45331,"ly":-3.30404},"geometry":{"type":"Polygon","coordinates":[[[-44.46884,-3.30319],[-44.45546,-3.28601],[-44.43698,-3.27939],[-44.42987,-3.29359],[-44.44742,-3.31764],[-44.46154,-3.32017],[-44.46884,-3.30319]]]}},{"type":"Feature","properties":{"id":526,"n":"Povoado Juçara","mn":"Itapecuru Mirim","mi":2105401,"nl":1,"ap":267,"cp":211,"lx":-44.45077,"ly":-3.27665},"geometry":{"type":"Polygon","coordinates":[[[-44.4689,-3.2667],[-44.4685,-3.2641],[-44.4671,-3.26439],[-44.4658,-3.263],[-44.4633,-3.2631],[-44.46239,-3.2644],[-44.44421,-3.27159],[-44.43557,-3.26052],[-44.43266,-3.26227],[-44.43698,-3.27939],[-44.45546,-3.28601],[-44.45423,-3.28441],[-44.4563,-3.2837],[-44.4577,-3.2826],[-44.4581,-3.2795],[-44.4579,-3.27669],[-44.4592,-3.273],[-44.4618,-3.2704],[-44.4622,-3.26821],[-44.4652,-3.2677],[-44.4666,-3.2668],[-44.4689,-3.2667]]]}},{"type":"Feature","properties":{"id":527,"n":"Povoado Jaibara dos Nogueiras","mn":"Itapecuru Mirim","mi":2105401,"nl":1,"ap":414,"cp":327,"lx":-44.47769,"ly":-3.32726},"geometry":{"type":"Polygon","coordinates":[[[-44.4978,-3.3258],[-44.4966,-3.3229],[-44.4953,-3.3216],[-44.495,-3.3193],[-44.4936,-3.3164],[-44.4936,-3.3158],[-44.49032,-3.3135],[-44.491,-3.3125],[-44.491,-3.3107],[-44.4923,-3.3095],[-44.4928,-3.3072],[-44.4919,-3.3045],[-44.4909,-3.3038],[-44.4898,-3.3044],[-44.4874,-3.3075],[-44.4855,-3.3087],[-44.4837,-3.31249],[-44.4819,-3.3129],[-44.47851,-3.31558],[-44.46884,-3.30319],[-44.46154,-3.32017],[-44.47192,-3.34398],[-44.49321,-3.3318],[-44.4931,-3.33021],[-44.494,-3.3297],[-44.495,-3.3275],[-44.4978,-3.3258]]]}},{"type":"Feature","properties":{"id":528,"n":"Povoado Barriguda","mn":"Itapecuru Mirim","mi":2105401,"nl":1,"ap":693,"cp":502,"lx":-44.31389,"ly":-3.32518},"geometry":{"type":"Polygon","coordinates":[[[-44.3434,-3.29689],[-44.29344,-3.29265],[-44.28198,-3.33559],[-44.3081,-3.35709],[-44.32967,-3.35445],[-44.34104,-3.34686],[-44.3434,-3.29689]]]}},{"type":"Feature","properties":{"id":529,"n":"Povoado Boa Vista","mn":"Itapecuru Mirim","mi":2105401,"nl":1,"ap":241,"cp":177,"lx":-44.34386,"ly":-3.2777},"geometry":{"type":"MultiPolygon","coordinates":[[[[-44.36306,-3.28752],[-44.35813,-3.24775],[-44.3574,-3.2494],[-44.3559,-3.2507],[-44.3508,-3.2527],[-44.3451,-3.2552],[-44.3427,-3.2554],[-44.3413,-3.2539],[-44.3394,-3.254],[-44.337,-3.2546],[-44.335,-3.2585],[-44.334,-3.2626],[-44.33319,-3.26438],[-44.3298,-3.2627],[-44.3291,-3.2645],[-44.32741,-3.2656],[-44.3235,-3.2664],[-44.318,-3.2654],[-44.3118,-3.2646],[-44.3062,-3.2643],[-44.3032,-3.2648],[-44.2987,-3.2673],[-44.2963,-3.268],[-44.292,-3.271],[-44.2908,-3.2728],[-44.2901,-3.278],[-44.2915,-3.2843],[-44.29308,-3.28756],[-44.2911,-3.28772],[-44.29344,-3.29265],[-44.3434,-3.29689],[-44.36306,-3.28752]]],[[[-44.35739,-3.24175],[-44.35673,-3.23642],[-44.3565,-3.2363],[-44.3552,-3.2372],[-44.3554,-3.2385],[-44.3573,-3.24139],[-44.35739,-3.24175]]]]}},{"type":"Feature","properties":{"id":530,"n":"Povoado Companhia dos Bogea","mn":"Itapecuru Mirim","mi":2105401,"nl":1,"ap":232,"cp":198,"lx":-44.53621,"ly":-3.43728},"geometry":{"type":"Polygon","coordinates":[[[-44.5844,-3.4512],[-44.58289,-3.45109],[-44.5416,-3.4062],[-44.53597,-3.3998],[-44.48243,-3.4596],[-44.48216,-3.48043],[-44.4841,-3.4802],[-44.4852,-3.4791],[-44.4863,-3.4764],[-44.48739,-3.47571],[-44.4891,-3.4763],[-44.4903,-3.4761],[-44.4925,-3.4738],[-44.4936,-3.4709],[-44.4948,-3.4692],[-44.4961,-3.4682],[-44.50059,-3.466],[-44.5057,-3.4678],[-44.5096,-3.4684],[-44.51119,-3.4689],[-44.5124,-3.4709],[-44.5136,-3.4715],[-44.5171,-3.4707],[-44.5198,-3.4715],[-44.5217,-3.4715],[-44.5257,-3.4695],[-44.5278,-3.4674],[-44.5304,-3.464],[-44.53081,-3.4629],[-44.5336,-3.463],[-44.5429,-3.4626],[-44.5458,-3.4621],[-44.554,-3.4564],[-44.55671,-3.454],[-44.5604,-3.4532],[-44.5673,-3.4532],[-44.569,-3.4538],[-44.5716,-3.4555],[-44.576,-3.4542],[-44.5798,-3.4529],[-44.5832,-3.4521],[-44.5844,-3.4512]]]}},{"type":"Feature","properties":{"id":531,"n":"Povoado Bacabauzinho","mn":"Itapecuru Mirim","mi":2105401,"nl":1,"ap":275,"cp":202,"lx":-44.10862,"ly":-3.41351},"geometry":{"type":"Polygon","coordinates":[[[-44.14751,-3.43494],[-44.13899,-3.38825],[-44.11581,-3.37693],[-44.06232,-3.38922],[-44.0638,-3.3928],[-44.0641,-3.3949],[-44.0652,-3.3977],[-44.0648,-3.4018],[-44.0636,-3.4059],[-44.0638,-3.4079],[-44.0633,-3.4096],[-44.0634,-3.4114],[-44.0646,-3.4151],[-44.064,-3.4187],[-44.0641,-3.4243],[-44.0667,-3.42911],[-44.0658,-3.43369],[-44.0643,-3.435],[-44.0628,-3.438],[-44.0651,-3.44176],[-44.12967,-3.45066],[-44.13402,-3.44869],[-44.14751,-3.43494]]]}},{"type":"Feature","properties":{"id":532,"n":"Povoado Santo Antônio dos Gundes","mn":"Itapecuru Mirim","mi":2105401,"nl":1,"ap":369,"cp":277,"lx":-44.18974,"ly":-3.33193},"geometry":{"type":"Polygon","coordinates":[[[-44.22978,-3.35621],[-44.19725,-3.25743],[-44.1699,-3.2672],[-44.15456,-3.26402],[-44.15032,-3.28123],[-44.16465,-3.36576],[-44.22853,-3.35847],[-44.22978,-3.35621]]]}},{"type":"Feature","properties":{"id":533,"n":"Povoado Pedrinhas","mn":"Itapecuru Mirim","mi":2105401,"nl":1,"ap":150,"cp":94,"lx":-44.48811,"ly":-3.35156},"geometry":{"type":"Polygon","coordinates":[[[-44.51888,-3.37327],[-44.4995,-3.3427],[-44.4934,-3.33461],[-44.49321,-3.3318],[-44.47192,-3.34398],[-44.46683,-3.36159],[-44.51888,-3.37327]]]}},{"type":"Feature","properties":{"id":534,"n":"Povoado Agua Preta","mn":"Itapecuru Mirim","mi":2105401,"nl":1,"ap":507,"cp":409,"lx":-44.43258,"ly":-3.43611},"geometry":{"type":"Polygon","coordinates":[[[-44.48243,-3.4596],[-44.43785,-3.3916],[-44.41277,-3.40159],[-44.39792,-3.45178],[-44.399,-3.4536],[-44.3995,-3.4551],[-44.399,-3.4583],[-44.4001,-3.4598],[-44.4029,-3.45713],[-44.4038,-3.4587],[-44.4041,-3.4606],[-44.4063,-3.4606],[-44.4076,-3.4618],[-44.4119,-3.4635],[-44.4137,-3.4633],[-44.4163,-3.4633],[-44.4191,-3.4649],[-44.42212,-3.46321],[-44.4245,-3.4645],[-44.426,-3.4658],[-44.429,-3.4691],[-44.4321,-3.4702],[-44.4357,-3.472],[-44.4378,-3.4736],[-44.4415,-3.4742],[-44.4432,-3.4742],[-44.44449,-3.475],[-44.4453,-3.477],[-44.446,-3.4798],[-44.4493,-3.4813],[-44.4539,-3.4826],[-44.4551,-3.4836],[-44.458,-3.4838],[-44.4599,-3.4836],[-44.46291,-3.4823],[-44.4666,-3.4834],[-44.4705,-3.4853],[-44.4723,-3.4849],[-44.4749,-3.4837],[-44.4774,-3.4806],[-44.4807,-3.4806],[-44.48216,-3.48043],[-44.48243,-3.4596]]]}},{"type":"Feature","properties":{"id":535,"n":"Povoado Carmo","mn":"Itapecuru Mirim","mi":2105401,"nl":1,"ap":299,"cp":236,"lx":-44.1288,"ly":-3.51173},"geometry":{"type":"Polygon","coordinates":[[[-44.15903,-3.52584],[-44.15903,-3.52583],[-44.13402,-3.44869],[-44.12967,-3.45066],[-44.12241,-3.46302],[-44.09174,-3.53642],[-44.15427,-3.5367],[-44.15903,-3.52584]]]}},{"type":"Feature","properties":{"id":536,"n":"Trizidela","mn":"Itapecuru Mirim","mi":2105401,"nl":1,"ap":834,"cp":677,"lx":-44.37142,"ly":-3.39236},"geometry":{"type":"Polygon","coordinates":[[[-44.39333,-3.40359],[-44.36992,-3.37802],[-44.36266,-3.3808],[-44.36217,-3.38893],[-44.36353,-3.39711],[-44.38066,-3.41233],[-44.39333,-3.40359]]]}},{"type":"Feature","properties":{"id":537,"n":"Povoado Olho D'água das Guaribas","mn":"Itapecuru Mirim","mi":2105401,"nl":1,"ap":327,"cp":253,"lx":-44.20312,"ly":-3.51673},"geometry":{"type":"Polygon","coordinates":[[[-44.24345,-3.46168],[-44.24111,-3.46179],[-44.15903,-3.52583],[-44.15428,-3.5367],[-44.21711,-3.53704],[-44.24345,-3.46168]]]}},{"type":"Feature","properties":{"id":538,"n":"Povoado Sobradinho","mn":"Itapecuru Mirim","mi":2105401,"nl":1,"ap":182,"cp":145,"lx":-44.27018,"ly":-3.37897},"geometry":{"type":"Polygon","coordinates":[[[-44.3081,-3.35709],[-44.28198,-3.33559],[-44.22978,-3.35621],[-44.22853,-3.35847],[-44.25087,-3.45925],[-44.26503,-3.46289],[-44.29265,-3.44236],[-44.29489,-3.43745],[-44.30416,-3.40711],[-44.3081,-3.35709]]]}},{"type":"Feature","properties":{"id":539,"n":"Vinagre","mn":"Itapecuru Mirim","mi":2105401,"nl":1,"ap":317,"cp":241,"lx":-44.32155,"ly":-3.38142},"geometry":{"type":"Polygon","coordinates":[[[-44.33738,-3.39072],[-44.33599,-3.36447],[-44.32967,-3.35445],[-44.3081,-3.35709],[-44.30416,-3.40711],[-44.33738,-3.39072]]]}},{"type":"Feature","properties":{"id":540,"n":"Povoado Ipiranga","mn":"Itapecuru Mirim","mi":2105401,"nl":1,"ap":260,"cp":194,"lx":-44.17453,"ly":-3.47453},"geometry":{"type":"Polygon","coordinates":[[[-44.24111,-3.46179],[-44.14751,-3.43494],[-44.13402,-3.44869],[-44.15903,-3.52584],[-44.24111,-3.46179]]]}},{"type":"Feature","properties":{"id":541,"n":"Povoado Guarací","mn":"Itapecuru Mirim","mi":2105401,"nl":1,"ap":228,"cp":189,"lx":-44.38968,"ly":-3.42598},"geometry":{"type":"Polygon","coordinates":[[[-44.41277,-3.40159],[-44.39333,-3.40359],[-44.38066,-3.41233],[-44.37956,-3.41345],[-44.36137,-3.44317],[-44.38505,-3.46996],[-44.3856,-3.4625],[-44.3865,-3.4562],[-44.3861,-3.45449],[-44.3883,-3.4474],[-44.3897,-3.4449],[-44.39039,-3.44167],[-44.392,-3.4434],[-44.3925,-3.445],[-44.3941,-3.4473],[-44.3974,-3.4509],[-44.39792,-3.45178],[-44.41277,-3.40159]]]}},{"type":"Feature","properties":{"id":542,"n":"Povoado Monge Belo","mn":"Itapecuru Mirim","mi":2105401,"nl":1,"ap":290,"cp":224,"lx":-44.4199,"ly":-3.22484},"geometry":{"type":"Polygon","coordinates":[[[-44.443,-3.2222],[-44.4429,-3.2189],[-44.4413,-3.2181],[-44.4379,-3.2155],[-44.4364,-3.21717],[-44.4357,-3.2156],[-44.4327,-3.215],[-44.43011,-3.2138],[-44.429,-3.2107],[-44.4266,-3.2108],[-44.42569,-3.2114],[-44.42381,-3.21119],[-44.4233,-3.2075],[-44.4224,-3.2045],[-44.4208,-3.2061],[-44.4181,-3.2082],[-44.4158,-3.2088],[-44.4144,-3.2105],[-44.4126,-3.2114],[-44.41091,-3.21319],[-44.40921,-3.2122],[-44.4091,-3.2105],[-44.4069,-3.2089],[-44.4029,-3.2072],[-44.4007,-3.2068],[-44.3986,-3.2106],[-44.39715,-3.21251],[-44.419,-3.25434],[-44.43266,-3.26227],[-44.43557,-3.26052],[-44.42222,-3.2433],[-44.4252,-3.2417],[-44.4266,-3.2382],[-44.4291,-3.2361],[-44.4322,-3.2353],[-44.4346,-3.2359],[-44.4354,-3.2355],[-44.4396,-3.228],[-44.4421,-3.2242],[-44.443,-3.2222]]]}},{"type":"Feature","properties":{"id":543,"n":"Povoado Pau Nascido","mn":"Itapecuru Mirim","mi":2105401,"nl":1,"ap":144,"cp":115,"lx":-44.19537,"ly":-3.40468},"geometry":{"type":"Polygon","coordinates":[[[-44.25087,-3.45925],[-44.22853,-3.35847],[-44.16465,-3.36576],[-44.13899,-3.38825],[-44.14751,-3.43494],[-44.2411,-3.46179],[-44.24345,-3.46168],[-44.25087,-3.45925]]]}},{"type":"Feature","properties":{"id":544,"n":"Povoado Santa Joana","mn":"Itapecuru Mirim","mi":2105401,"nl":1,"ap":178,"cp":129,"lx":-44.26395,"ly":-3.3192},"geometry":{"type":"Polygon","coordinates":[[[-44.29344,-3.29265],[-44.2911,-3.28772],[-44.285,-3.2881],[-44.2826,-3.2875],[-44.2751,-3.2868],[-44.268,-3.2878],[-44.262,-3.2896],[-44.2562,-3.2936],[-44.2517,-3.2962],[-44.2506,-3.2973],[-44.25089,-3.30111],[-44.2475,-3.305],[-44.24441,-3.30799],[-44.2428,-3.30849],[-44.2091,-3.2532],[-44.19725,-3.25743],[-44.22978,-3.35621],[-44.28198,-3.33559],[-44.29344,-3.29265]]]}},{"type":"Feature","properties":{"id":545,"n":"Povoado Pedras","mn":"Itapecuru Mirim","mi":2105401,"nl":1,"ap":231,"cp":166,"lx":-44.0815,"ly":-3.2327},"geometry":{"type":"Polygon","coordinates":[[[-44.12123,-3.25728],[-44.1025,-3.25347],[-44.103,-3.2496],[-44.1042,-3.2476],[-44.1031,-3.2452],[-44.10291,-3.24349],[-44.1055,-3.2396],[-44.1086,-3.2367],[-44.1145,-3.2334],[-44.1165,-3.2313],[-44.1178,-3.2291],[-44.1022,-3.2185],[-44.0648,-3.1875],[-44.05387,-3.25125],[-44.07206,-3.2577],[-44.12123,-3.25728]]]}},{"type":"Feature","properties":{"id":546,"n":"Conjunto Benedito Buzar","mn":"Itapecuru Mirim","mi":2105401,"nl":1,"ap":273,"cp":226,"lx":-44.39635,"ly":-3.36994},"geometry":{"type":"Polygon","coordinates":[[[-44.43848,-3.38656],[-44.40898,-3.34465],[-44.3977,-3.33575],[-44.37375,-3.34944],[-44.36992,-3.37802],[-44.39333,-3.40359],[-44.41277,-3.40159],[-44.43785,-3.3916],[-44.43848,-3.38656]]]}},{"type":"Feature","properties":{"id":547,"n":"Povoado Santa Rosa","mn":"Itapecuru Mirim","mi":2105401,"nl":1,"ap":945,"cp":757,"lx":-44.41592,"ly":-3.28105},"geometry":{"type":"Polygon","coordinates":[[[-44.43698,-3.27939],[-44.43266,-3.26227],[-44.419,-3.25434],[-44.37499,-3.293],[-44.39488,-3.31664],[-44.42987,-3.29359],[-44.43698,-3.27939]]]}},{"type":"Feature","properties":{"id":548,"n":"Mangal","mn":"Itapecuru Mirim","mi":2105401,"nl":1,"ap":573,"cp":443,"lx":-44.35008,"ly":-3.38203},"geometry":{"type":"Polygon","coordinates":[[[-44.35876,-3.38127],[-44.34684,-3.37528],[-44.34306,-3.39071],[-44.35151,-3.38672],[-44.35658,-3.38402],[-44.35876,-3.38127]]]}},{"type":"Feature","properties":{"id":549,"n":"Povoado Saco Dantas","mn":"Itapecuru Mirim","mi":2105401,"nl":1,"ap":128,"cp":113,"lx":-44.25863,"ly":-3.50788},"geometry":{"type":"Polygon","coordinates":[[[-44.31215,-3.53755],[-44.26503,-3.46289],[-44.25087,-3.45925],[-44.24345,-3.46168],[-44.21711,-3.53704],[-44.31215,-3.53755]]]}},{"type":"Feature","properties":{"id":550,"n":"Povoado Fandango","mn":"Itapecuru Mirim","mi":2105401,"nl":1,"ap":236,"cp":177,"lx":-44.13397,"ly":-3.34259},"geometry":{"type":"Polygon","coordinates":[[[-44.16465,-3.36576],[-44.16465,-3.36576],[-44.15032,-3.28123],[-44.1047,-3.33569],[-44.11581,-3.37693],[-44.13899,-3.38825],[-44.16465,-3.36576]]]}},{"type":"Feature","properties":{"id":551,"n":"Povoado Felipa","mn":"Itapecuru Mirim","mi":2105401,"nl":1,"ap":110,"cp":90,"lx":-44.36738,"ly":-3.32355},"geometry":{"type":"Polygon","coordinates":[[[-44.3977,-3.33575],[-44.39488,-3.31664],[-44.37499,-3.293],[-44.36306,-3.28752],[-44.3434,-3.29689],[-44.34104,-3.34686],[-44.37375,-3.34944],[-44.3977,-3.33575]]]}},{"type":"Feature","properties":{"id":552,"n":"Habitacional Milton Amorim","mn":"Itapecuru Mirim","mi":2105401,"nl":1,"ap":318,"cp":254,"lx":-44.35628,"ly":-3.36326},"geometry":{"type":"Polygon","coordinates":[[[-44.37375,-3.34944],[-44.34104,-3.34686],[-44.32967,-3.35445],[-44.33599,-3.36447],[-44.34684,-3.37528],[-44.35876,-3.38127],[-44.36097,-3.38108],[-44.36266,-3.3808],[-44.36992,-3.37802],[-44.37375,-3.34944]]]}},{"type":"Feature","properties":{"id":553,"n":"Povoado Dois Mil","mn":"Itapecuru Mirim","mi":2105401,"nl":1,"ap":106,"cp":97,"lx":-44.09955,"ly":-3.30923},"geometry":{"type":"Polygon","coordinates":[[[-44.15456,-3.26402],[-44.13257,-3.25957],[-44.07107,-3.30362],[-44.06152,-3.31421],[-44.1047,-3.33569],[-44.15032,-3.28123],[-44.15456,-3.26402]]]}},{"type":"Feature","properties":{"id":554,"n":"Sede","mn":"Paço do Lumiar","mi":2107506,"nl":3,"ap":4638,"cp":3910,"lx":-44.10779,"ly":-2.53047},"geometry":{"type":"Polygon","coordinates":[[[-44.12446,-2.5247],[-44.12437,-2.52194],[-44.10334,-2.51824],[-44.09609,-2.52772],[-44.09599,-2.53009],[-44.09593,-2.54529],[-44.1023,-2.5467],[-44.1032,-2.5466],[-44.1077,-2.5447],[-44.11144,-2.54578],[-44.11592,-2.53824],[-44.12446,-2.5247]]]}},{"type":"Feature","properties":{"id":555,"n":"Iguaiba","mn":"Paço do Lumiar","mi":2107506,"nl":3,"ap":3833,"cp":3379,"lx":-44.10166,"ly":-2.4999},"geometry":{"type":"Polygon","coordinates":[[[-44.11886,-2.48932],[-44.11777,-2.48741],[-44.10607,-2.48926],[-44.08514,-2.49182],[-44.08975,-2.50388],[-44.09577,-2.50773],[-44.10302,-2.51757],[-44.11886,-2.48932]]]}},{"type":"Feature","properties":{"id":556,"n":"Iguaiba (itapecuru)","mn":"Paço do Lumiar","mi":2107506,"nl":1,"ap":536,"cp":459,"lx":-44.09079,"ly":-2.47587},"geometry":{"type":"Polygon","coordinates":[[[-44.11777,-2.48741],[-44.11578,-2.46734],[-44.10921,-2.4551],[-44.1078,-2.4558],[-44.1046,-2.4564],[-44.1034,-2.4571],[-44.1024,-2.4584],[-44.10088,-2.463],[-44.0996,-2.46308],[-44.0988,-2.4607],[-44.0987,-2.4579],[-44.0969,-2.4553],[-44.0952,-2.4547],[-44.0922,-2.4548],[-44.087,-2.4571],[-44.0803,-2.4603],[-44.0774,-2.4615],[-44.0743,-2.4617],[-44.0688,-2.4602],[-44.0626,-2.4604],[-44.0609,-2.4611],[-44.06,-2.4629],[-44.0616,-2.4658],[-44.0635,-2.467],[-44.0648,-2.4673],[-44.0687,-2.467],[-44.071,-2.4671],[-44.0746,-2.467],[-44.07698,-2.46584],[-44.0768,-2.4675],[-44.07501,-2.46899],[-44.069,-2.4682],[-44.0671,-2.4694],[-44.06534,-2.47133],[-44.08514,-2.49182],[-44.10607,-2.48926],[-44.11777,-2.48741]]]}},{"type":"Feature","properties":{"id":557,"n":"Maioba do Mocajutuba","mn":"Paço do Lumiar","mi":2107506,"nl":1,"ap":2331,"cp":1957,"lx":-44.16794,"ly":-2.4966},"geometry":{"type":"MultiPolygon","coordinates":[[[[-44.1804,-2.4874],[-44.18002,-2.48718],[-44.16277,-2.49108],[-44.1593,-2.4968],[-44.16775,-2.50663],[-44.17552,-2.49823],[-44.1804,-2.48913],[-44.1804,-2.4874]]],[[[-44.18111,-2.4878],[-44.18111,-2.4878],[-44.18074,-2.48759],[-44.18108,-2.48787],[-44.18111,-2.4878]]]]}},{"type":"Feature","properties":{"id":558,"n":"Pau Deitado","mn":"Paço do Lumiar","mi":2107506,"nl":2,"ap":2532,"cp":2190,"lx":-44.08671,"ly":-2.53413},"geometry":{"type":"Polygon","coordinates":[[[-44.09609,-2.52772],[-44.07964,-2.52281],[-44.07385,-2.52915],[-44.0749,-2.53031],[-44.0749,-2.5337],[-44.07758,-2.5348],[-44.0773,-2.5367],[-44.07879,-2.53751],[-44.0774,-2.5407],[-44.0771,-2.5423],[-44.0788,-2.5418],[-44.08197,-2.54161],[-44.0814,-2.5445],[-44.0836,-2.5456],[-44.08661,-2.5441],[-44.0938,-2.5449],[-44.09593,-2.54529],[-44.09599,-2.53009],[-44.09609,-2.52772]]]}},{"type":"Feature","properties":{"id":559,"n":"Maiobao","mn":"Paço do Lumiar","mi":2107506,"nl":12,"ap":41191,"cp":35346,"lx":-44.17234,"ly":-2.54282},"geometry":{"type":"Polygon","coordinates":[[[-44.18898,-2.53758],[-44.18152,-2.53431],[-44.17295,-2.52576],[-44.16755,-2.52893],[-44.16766,-2.5349],[-44.15963,-2.54149],[-44.15983,-2.54292],[-44.16121,-2.54567],[-44.16158,-2.54755],[-44.16115,-2.5515],[-44.1687,-2.552],[-44.1758,-2.5518],[-44.18055,-2.55206],[-44.18117,-2.54853],[-44.18129,-2.54567],[-44.18898,-2.53758]]]}},{"type":"Feature","properties":{"id":560,"n":"Vila Epitácio Cafeteira","mn":"Paço do Lumiar","mi":2107506,"nl":2,"ap":7941,"cp":6541,"lx":-44.15231,"ly":-2.53729},"geometry":{"type":"Polygon","coordinates":[[[-44.15983,-2.54292],[-44.15963,-2.54148],[-44.1571,-2.53465],[-44.15675,-2.53155],[-44.15438,-2.5302],[-44.14554,-2.53529],[-44.14011,-2.54395],[-44.1469,-2.54235],[-44.15983,-2.54292]]]}},{"type":"Feature","properties":{"id":561,"n":"Vila Sao Jose II","mn":"Paço do Lumiar","mi":2107506,"nl":1,"ap":1037,"cp":877,"lx":-44.1658,"ly":-2.51378},"geometry":{"type":"Polygon","coordinates":[[[-44.17589,-2.5195],[-44.17468,-2.51673],[-44.16639,-2.50842],[-44.1615,-2.50979],[-44.16122,-2.51633],[-44.17378,-2.52215],[-44.17589,-2.5195]]]}},{"type":"Feature","properties":{"id":562,"n":"Itapera","mn":"Paço do Lumiar","mi":2107506,"nl":1,"ap":919,"cp":752,"lx":-44.15404,"ly":-2.49357},"geometry":{"type":"Polygon","coordinates":[[[-44.16277,-2.49108],[-44.14695,-2.48243],[-44.14531,-2.48436],[-44.15039,-2.50471],[-44.15436,-2.50393],[-44.1593,-2.4968],[-44.16277,-2.49108]]]}},{"type":"Feature","properties":{"id":563,"n":"Maioba do Cururuca","mn":"Paço do Lumiar","mi":2107506,"nl":2,"ap":2382,"cp":2010,"lx":-44.17937,"ly":-2.52448},"geometry":{"type":"MultiPolygon","coordinates":[[[[-44.17552,-2.49823],[-44.16775,-2.50663],[-44.16639,-2.50842],[-44.17468,-2.51673],[-44.17552,-2.49823]]],[[[-44.18939,-2.53751],[-44.18371,-2.53309],[-44.185,-2.528],[-44.185,-2.5214],[-44.1833,-2.5198],[-44.18351,-2.51724],[-44.17589,-2.5195],[-44.17378,-2.52215],[-44.17295,-2.52577],[-44.18152,-2.53431],[-44.18898,-2.53758],[-44.18939,-2.53751]]]]}},{"type":"Feature","properties":{"id":564,"n":"Porto do Mocajutuba","mn":"Paço do Lumiar","mi":2107506,"nl":1,"ap":1676,"cp":1390,"lx":-44.12794,"ly":-2.48017},"geometry":{"type":"Polygon","coordinates":[[[-44.147,-2.47363],[-44.11578,-2.46734],[-44.11777,-2.48741],[-44.11886,-2.48932],[-44.12243,-2.49223],[-44.1405,-2.48733],[-44.14531,-2.48436],[-44.14694,-2.48243],[-44.147,-2.47363]]]}},{"type":"Feature","properties":{"id":565,"n":"Pindoba","mn":"Paço do Lumiar","mi":2107506,"nl":2,"ap":1673,"cp":1469,"lx":-44.13706,"ly":-2.49998},"geometry":{"type":"Polygon","coordinates":[[[-44.15039,-2.50471],[-44.14531,-2.48436],[-44.1405,-2.48733],[-44.12243,-2.49223],[-44.13043,-2.51505],[-44.13803,-2.51445],[-44.14324,-2.50926],[-44.15039,-2.50471]]]}},{"type":"Feature","properties":{"id":566,"n":"Mocajutuba","mn":"Paço do Lumiar","mi":2107506,"nl":2,"ap":1913,"cp":1632,"lx":-44.15357,"ly":-2.51174},"geometry":{"type":"Polygon","coordinates":[[[-44.16775,-2.50663],[-44.1593,-2.4968],[-44.15436,-2.50393],[-44.15039,-2.50471],[-44.14324,-2.50926],[-44.13803,-2.51445],[-44.14956,-2.52101],[-44.15996,-2.51749],[-44.16122,-2.51633],[-44.16151,-2.5098],[-44.16639,-2.50842],[-44.16775,-2.50663]]]}},{"type":"Feature","properties":{"id":567,"n":"Residencial Lima Verde","mn":"Paço do Lumiar","mi":2107506,"nl":2,"ap":2526,"cp":2225,"lx":-44.18687,"ly":-2.5471},"geometry":{"type":"Polygon","coordinates":[[[-44.1928,-2.5462],[-44.19161,-2.5438],[-44.1928,-2.5418],[-44.1895,-2.5376],[-44.18939,-2.53751],[-44.18898,-2.53758],[-44.18128,-2.54567],[-44.18117,-2.54853],[-44.18055,-2.55206],[-44.1866,-2.5524],[-44.1907,-2.5538],[-44.1922,-2.54731],[-44.1928,-2.5462]]]}},{"type":"Feature","properties":{"id":568,"n":"Tendal Mirim","mn":"Paço do Lumiar","mi":2107506,"nl":1,"ap":491,"cp":428,"lx":-44.09068,"ly":-2.51655},"geometry":{"type":"Polygon","coordinates":[[[-44.10334,-2.51824],[-44.10302,-2.51757],[-44.09577,-2.50773],[-44.08975,-2.50388],[-44.07911,-2.51541],[-44.07964,-2.52281],[-44.09609,-2.52772],[-44.10334,-2.51824]]]}},{"type":"Feature","properties":{"id":569,"n":"Mojo","mn":"Paço do Lumiar","mi":2107506,"nl":1,"ap":513,"cp":445,"lx":-44.07236,"ly":-2.49803},"geometry":{"type":"Polygon","coordinates":[[[-44.08975,-2.50388],[-44.08514,-2.49182],[-44.06534,-2.47133],[-44.064,-2.4728],[-44.06479,-2.47461],[-44.0634,-2.477],[-44.063,-2.48],[-44.0621,-2.4835],[-44.0611,-2.4863],[-44.0609,-2.4891],[-44.0601,-2.4923],[-44.0584,-2.4973],[-44.0584,-2.5007],[-44.0591,-2.5046],[-44.06151,-2.50774],[-44.07911,-2.51541],[-44.08975,-2.50388]]]}},{"type":"Feature","properties":{"id":570,"n":"Iguaiba (anajá)","mn":"Paço do Lumiar","mi":2107506,"nl":1,"ap":155,"cp":141,"lx":-44.11822,"ly":-2.51059},"geometry":{"type":"Polygon","coordinates":[[[-44.13043,-2.51505],[-44.12243,-2.49223],[-44.11886,-2.48932],[-44.10302,-2.51757],[-44.10334,-2.51824],[-44.12437,-2.52194],[-44.13043,-2.51505]]]}},{"type":"Feature","properties":{"id":571,"n":"Timbuba","mn":"Paço do Lumiar","mi":2107506,"nl":1,"ap":745,"cp":624,"lx":-44.06962,"ly":-2.51845},"geometry":{"type":"Polygon","coordinates":[[[-44.07964,-2.52281],[-44.07911,-2.51541],[-44.06151,-2.50774],[-44.0624,-2.5089],[-44.0631,-2.5104],[-44.0632,-2.5127],[-44.06369,-2.51527],[-44.0605,-2.5158],[-44.0596,-2.517],[-44.0606,-2.5197],[-44.0596,-2.5215],[-44.0596,-2.5235],[-44.0614,-2.52351],[-44.063,-2.526],[-44.0647,-2.5272],[-44.0685,-2.5268],[-44.06922,-2.525],[-44.0715,-2.5247],[-44.07324,-2.52499],[-44.0715,-2.5273],[-44.0727,-2.5279],[-44.07385,-2.52915],[-44.07964,-2.52281]]]}},{"type":"Feature","properties":{"id":572,"n":"Conjunto Parana I","mn":"Paço do Lumiar","mi":2107506,"nl":1,"ap":3678,"cp":3141,"lx":-44.16255,"ly":-2.53364},"geometry":{"type":"Polygon","coordinates":[[[-44.16767,-2.5349],[-44.16755,-2.52893],[-44.1624,-2.52917],[-44.15675,-2.53155],[-44.1571,-2.53465],[-44.15963,-2.54149],[-44.16767,-2.5349]]]}},{"type":"Feature","properties":{"id":573,"n":"Vila Sao Jose","mn":"Paço do Lumiar","mi":2107506,"nl":1,"ap":2516,"cp":2092,"lx":-44.16616,"ly":-2.52395},"geometry":{"type":"Polygon","coordinates":[[[-44.17378,-2.52215],[-44.16122,-2.51633],[-44.15996,-2.51749],[-44.1624,-2.52917],[-44.16755,-2.52893],[-44.17295,-2.52576],[-44.17378,-2.52215]]]}},{"type":"Feature","properties":{"id":574,"n":"Vassoral","mn":"Paço do Lumiar","mi":2107506,"nl":1,"ap":454,"cp":414,"lx":-44.17747,"ly":-2.51225},"geometry":{"type":"MultiPolygon","coordinates":[[[[-44.1836,-2.5161],[-44.17971,-2.51549],[-44.1805,-2.5098],[-44.1788,-2.50949],[-44.1783,-2.5074],[-44.1794,-2.4992],[-44.1796,-2.49471],[-44.1804,-2.4939],[-44.1804,-2.48913],[-44.17552,-2.49823],[-44.17468,-2.51673],[-44.17589,-2.5195],[-44.18351,-2.51724],[-44.1836,-2.5161]]],[[[-44.1817,-2.4884],[-44.1817,-2.4879],[-44.18111,-2.4878],[-44.18108,-2.48787],[-44.1817,-2.4884]]]]}},{"type":"Feature","properties":{"id":575,"n":"Merces","mn":"Paço do Lumiar","mi":2107506,"nl":1,"ap":1119,"cp":968,"lx":-44.12461,"ly":-2.54156},"geometry":{"type":"Polygon","coordinates":[[[-44.1382,-2.54552],[-44.12446,-2.5247],[-44.11592,-2.53824],[-44.11144,-2.54578],[-44.1165,-2.5479],[-44.1184,-2.5492],[-44.1297,-2.5522],[-44.1338,-2.553],[-44.13756,-2.55431],[-44.1382,-2.54552]]]}},{"type":"Feature","properties":{"id":576,"n":"Residencial Piramede","mn":"Paço do Lumiar","mi":2107506,"nl":1,"ap":1460,"cp":1233,"lx":-44.16434,"ly":-2.48244},"geometry":{"type":"Polygon","coordinates":[[[-44.18002,-2.48718],[-44.1731,-2.47417],[-44.17286,-2.47568],[-44.17,-2.4745],[-44.166,-2.4741],[-44.1649,-2.4742],[-44.1572,-2.4727],[-44.15686,-2.47429],[-44.15282,-2.4729],[-44.153,-2.4711],[-44.14931,-2.47059],[-44.147,-2.47363],[-44.14695,-2.48243],[-44.16277,-2.49108],[-44.18002,-2.48718]]]}},{"type":"Feature","properties":{"id":577,"n":"Conjunto Roseana Sarney","mn":"Paço do Lumiar","mi":2107506,"nl":1,"ap":1931,"cp":1648,"lx":-44.1476,"ly":-2.52746},"geometry":{"type":"Polygon","coordinates":[[[-44.15438,-2.5302],[-44.14956,-2.52101],[-44.13803,-2.51445],[-44.13768,-2.51453],[-44.14554,-2.53529],[-44.15438,-2.5302]]]}},{"type":"Feature","properties":{"id":578,"n":"Cumbique","mn":"Paço do Lumiar","mi":2107506,"nl":1,"ap":237,"cp":215,"lx":-44.12818,"ly":-2.46349},"geometry":{"type":"Polygon","coordinates":[[[-44.14931,-2.47059],[-44.14791,-2.47038],[-44.148,-2.468],[-44.1421,-2.4661],[-44.14197,-2.46689],[-44.13963,-2.4664],[-44.1406,-2.4634],[-44.1387,-2.4614],[-44.13631,-2.4611],[-44.1361,-2.4594],[-44.1341,-2.4586],[-44.1302,-2.4575],[-44.1239,-2.4562],[-44.1229,-2.4564],[-44.1215,-2.4556],[-44.1202,-2.45639],[-44.119,-2.4556],[-44.1171,-2.45669],[-44.1153,-2.4555],[-44.1144,-2.4557],[-44.1132,-2.4571],[-44.11182,-2.4572],[-44.1108,-2.4553],[-44.10921,-2.4551],[-44.11578,-2.46734],[-44.147,-2.47363],[-44.14931,-2.47059]]]}},{"type":"Feature","properties":{"id":579,"n":"Aracagy Paço","mn":"Paço do Lumiar","mi":2107506,"nl":1,"ap":162,"cp":130,"lx":-44.17648,"ly":-2.46682},"geometry":{"type":"Polygon","coordinates":[[[-44.1838,-2.4641],[-44.1837,-2.461],[-44.1767,-2.4592],[-44.1738,-2.458],[-44.173,-2.4621],[-44.1702,-2.4637],[-44.1696,-2.4648],[-44.1698,-2.4664],[-44.1728,-2.472],[-44.1732,-2.4734],[-44.1731,-2.47417],[-44.18002,-2.48718],[-44.18111,-2.4878],[-44.1817,-2.4879],[-44.1817,-2.48191],[-44.183,-2.4797],[-44.1826,-2.47909],[-44.1829,-2.4746],[-44.1814,-2.47427],[-44.182,-2.46601],[-44.1838,-2.4641]]]}},{"type":"Feature","properties":{"id":580,"n":"Cidade Verde","mn":"Paço do Lumiar","mi":2107506,"nl":1,"ap":793,"cp":631,"lx":-44.13297,"ly":-2.52368},"geometry":{"type":"Polygon","coordinates":[[[-44.14554,-2.53529],[-44.13768,-2.51453],[-44.13043,-2.51505],[-44.12437,-2.52194],[-44.12446,-2.5247],[-44.1382,-2.54552],[-44.14011,-2.54395],[-44.14554,-2.53529]]]}},{"type":"Feature","properties":{"id":581,"n":"Novo Paço","mn":"Paço do Lumiar","mi":2107506,"nl":1,"ap":549,"cp":500,"lx":-44.14344,"ly":-2.54891},"geometry":{"type":"Polygon","coordinates":[[[-44.16158,-2.54756],[-44.16121,-2.54567],[-44.15983,-2.54292],[-44.1469,-2.54235],[-44.14011,-2.54395],[-44.1382,-2.54552],[-44.13756,-2.55431],[-44.1419,-2.5547],[-44.1443,-2.5546],[-44.1476,-2.553],[-44.1513,-2.552],[-44.1546,-2.552],[-44.16115,-2.5515],[-44.16158,-2.54756]]]}},{"type":"Feature","properties":{"id":582,"n":"Vila do Povo","mn":"Paço do Lumiar","mi":2107506,"nl":1,"ap":356,"cp":318,"lx":-44.15638,"ly":-2.52393},"geometry":{"type":"Polygon","coordinates":[[[-44.1624,-2.52917],[-44.15996,-2.51749],[-44.14956,-2.52101],[-44.15438,-2.5302],[-44.15675,-2.53155],[-44.1624,-2.52917]]]}},{"type":"Feature","properties":{"id":583,"n":"Centro","mn":"Pinheiro","mi":2108603,"nl":7,"ap":12028,"cp":9549,"lx":-45.09087,"ly":-2.5282},"geometry":{"type":"MultiPolygon","coordinates":[[[[-45.08757,-2.52458],[-45.08428,-2.52093],[-45.0852,-2.51509],[-45.08438,-2.51541],[-45.07938,-2.51623],[-45.07933,-2.51659],[-45.07665,-2.52045],[-45.07851,-2.52666],[-45.08043,-2.52469],[-45.08757,-2.52458]]],[[[-45.09561,-2.52873],[-45.0946,-2.52236],[-45.08808,-2.52491],[-45.08669,-2.52785],[-45.08746,-2.53487],[-45.08906,-2.53851],[-45.09561,-2.52873]]]]}},{"type":"Feature","properties":{"id":584,"n":"João Castelo","mn":"Pinheiro","mi":2108603,"nl":2,"ap":5915,"cp":4479,"lx":-45.09688,"ly":-2.53328},"geometry":{"type":"Polygon","coordinates":[[[-45.10283,-2.53228],[-45.09561,-2.52873],[-45.08906,-2.53851],[-45.08872,-2.54629],[-45.09945,-2.53574],[-45.10264,-2.53302],[-45.10283,-2.53228]]]}},{"type":"Feature","properties":{"id":585,"n":"Kiola Sarney","mn":"Pinheiro","mi":2108603,"nl":1,"ap":1919,"cp":1349,"lx":-45.0985,"ly":-2.55656},"geometry":{"type":"Polygon","coordinates":[[[-45.11331,-2.56193],[-45.10264,-2.53302],[-45.09945,-2.53574],[-45.08872,-2.54629],[-45.08063,-2.58056],[-45.11331,-2.56193]]]}},{"type":"Feature","properties":{"id":586,"n":"Campinho","mn":"Pinheiro","mi":2108603,"nl":1,"ap":1127,"cp":890,"lx":-45.04981,"ly":-2.53402},"geometry":{"type":"Polygon","coordinates":[[[-45.07851,-2.52666],[-45.07667,-2.52046],[-45.07564,-2.51992],[-45.07456,-2.51977],[-45.04137,-2.526],[-45.04186,-2.52877],[-45.0401,-2.528],[-45.0368,-2.5301],[-45.0349,-2.5303],[-45.0328,-2.5299],[-45.0317,-2.5307],[-45.03119,-2.5326],[-45.0278,-2.5337],[-45.0282,-2.5356],[-45.0309,-2.5374],[-45.0319,-2.5392],[-45.0312,-2.5409],[-45.0295,-2.542],[-45.0288,-2.5436],[-45.0296,-2.5453],[-45.0312,-2.5448],[-45.03371,-2.5414],[-45.0358,-2.5409],[-45.03959,-2.5412],[-45.0431,-2.5429],[-45.0446,-2.5426],[-45.04739,-2.5437],[-45.0486,-2.545],[-45.04882,-2.54546],[-45.07757,-2.52839],[-45.07817,-2.52768],[-45.07851,-2.52666]]]}},{"type":"Feature","properties":{"id":587,"n":"Vila Filuca","mn":"Pinheiro","mi":2108603,"nl":1,"ap":1563,"cp":1179,"lx":-45.13968,"ly":-2.51448},"geometry":{"type":"Polygon","coordinates":[[[-45.15081,-2.51547],[-45.14223,-2.49011],[-45.13843,-2.49033],[-45.11445,-2.54853],[-45.11332,-2.56192],[-45.1246,-2.56101],[-45.137,-2.54118],[-45.15081,-2.51547]]]}},{"type":"Feature","properties":{"id":588,"n":"Alcântara","mn":"Pinheiro","mi":2108603,"nl":1,"ap":3419,"cp":2652,"lx":-45.08318,"ly":-2.52621},"geometry":{"type":"Polygon","coordinates":[[[-45.08808,-2.52491],[-45.08757,-2.52458],[-45.08042,-2.52469],[-45.07851,-2.52666],[-45.07817,-2.52768],[-45.08669,-2.52784],[-45.08808,-2.52491]]]}},{"type":"Feature","properties":{"id":589,"n":"Povoado Pacas","mn":"Pinheiro","mi":2108603,"nl":2,"ap":4383,"cp":3399,"lx":-45.13908,"ly":-2.55728},"geometry":{"type":"Polygon","coordinates":[[[-45.15312,-2.55589],[-45.137,-2.54118],[-45.1246,-2.56101],[-45.14587,-2.57265],[-45.15312,-2.55589]]]}},{"type":"Feature","properties":{"id":590,"n":"Povoado Juçaral","mn":"Pinheiro","mi":2108603,"nl":1,"ap":807,"cp":607,"lx":-45.21803,"ly":-2.66387},"geometry":{"type":"Polygon","coordinates":[[[-45.23809,-2.63471],[-45.19266,-2.65727],[-45.22094,-2.69883],[-45.23251,-2.68951],[-45.23809,-2.63471]]]}},{"type":"Feature","properties":{"id":591,"n":"Povoado Paraiso","mn":"Pinheiro","mi":2108603,"nl":1,"ap":2053,"cp":1456,"lx":-45.26932,"ly":-2.77356},"geometry":{"type":"Polygon","coordinates":[[[-45.3577,-2.7456],[-45.30876,-2.71943],[-45.24045,-2.75129],[-45.22815,-2.81274],[-45.229,-2.8126],[-45.2317,-2.8109],[-45.237,-2.8105],[-45.2392,-2.8099],[-45.2453,-2.8064],[-45.2507,-2.8041],[-45.2532,-2.804],[-45.25609,-2.805],[-45.2589,-2.8071],[-45.261,-2.8073],[-45.2661,-2.8065],[-45.2693,-2.8076],[-45.2753,-2.8091],[-45.2808,-2.8072],[-45.2869,-2.8006],[-45.29129,-2.7998],[-45.2924,-2.8002],[-45.2941,-2.7998],[-45.2978,-2.7973],[-45.2996,-2.7955],[-45.3011,-2.7935],[-45.3022,-2.7912],[-45.3034,-2.7868],[-45.30439,-2.78591],[-45.3086,-2.7861],[-45.311,-2.7857],[-45.3125,-2.785],[-45.3157,-2.7822],[-45.317,-2.7817],[-45.31901,-2.7791],[-45.3222,-2.7777],[-45.3263,-2.7778],[-45.3298,-2.777],[-45.3312,-2.7759],[-45.3324,-2.7715],[-45.3347,-2.7684],[-45.3353,-2.766],[-45.3356,-2.76281],[-45.3391,-2.76],[-45.3403,-2.7555],[-45.34109,-2.75431],[-45.345,-2.7534],[-45.3474,-2.7523],[-45.3493,-2.7508],[-45.3508,-2.7503],[-45.3514,-2.7486],[-45.353,-2.7462],[-45.3577,-2.7456]]]}},{"type":"Feature","properties":{"id":592,"n":"Povoado Santo Antonio dos Carvalhos","mn":"Pinheiro","mi":2108603,"nl":1,"ap":1289,"cp":889,"lx":-45.15178,"ly":-2.62912},"geometry":{"type":"Polygon","coordinates":[[[-45.19163,-2.60343],[-45.17979,-2.58936],[-45.15831,-2.58818],[-45.09817,-2.64085],[-45.15283,-2.65806],[-45.17274,-2.64857],[-45.19163,-2.60343]]]}},{"type":"Feature","properties":{"id":593,"n":"Povoado Maranhão Novo","mn":"Pinheiro","mi":2108603,"nl":1,"ap":875,"cp":650,"lx":-45.16679,"ly":-2.56989},"geometry":{"type":"Polygon","coordinates":[[[-45.19203,-2.54809],[-45.16611,-2.53299],[-45.15312,-2.55589],[-45.14587,-2.57265],[-45.15831,-2.58818],[-45.17979,-2.58936],[-45.19203,-2.54809]]]}},{"type":"Feature","properties":{"id":594,"n":"Povoado Santana dos Pretos","mn":"Pinheiro","mi":2108603,"nl":1,"ap":542,"cp":382,"lx":-45.2523,"ly":-2.71573},"geometry":{"type":"Polygon","coordinates":[[[-45.30876,-2.71943],[-45.2769,-2.7024],[-45.2759,-2.70129],[-45.27376,-2.68762],[-45.23251,-2.68951],[-45.22094,-2.69883],[-45.21653,-2.708],[-45.24045,-2.75129],[-45.30876,-2.71943]]]}},{"type":"Feature","properties":{"id":595,"n":"Povoado Fortaleza","mn":"Pinheiro","mi":2108603,"nl":1,"ap":632,"cp":473,"lx":-45.20516,"ly":-2.62678},"geometry":{"type":"Polygon","coordinates":[[[-45.24996,-2.61074],[-45.19163,-2.60343],[-45.17274,-2.64857],[-45.19266,-2.65727],[-45.23809,-2.63471],[-45.24996,-2.61074]]]}},{"type":"Feature","properties":{"id":596,"n":"Ilha de Leonor","mn":"Pinheiro","mi":2108603,"nl":1,"ap":629,"cp":491,"lx":-45.07523,"ly":-2.5454},"geometry":{"type":"Polygon","coordinates":[[[-45.08906,-2.53851],[-45.08746,-2.53487],[-45.07757,-2.52839],[-45.04882,-2.54546],[-45.0498,-2.5475],[-45.05,-2.55048],[-45.0482,-2.5515],[-45.0483,-2.5523],[-45.0507,-2.5535],[-45.05149,-2.55638],[-45.0506,-2.557],[-45.0479,-2.5576],[-45.0499,-2.5595],[-45.05049,-2.56238],[-45.0499,-2.5627],[-45.0482,-2.5661],[-45.0479,-2.568],[-45.0501,-2.5675],[-45.05159,-2.5678],[-45.0526,-2.5696],[-45.0542,-2.569],[-45.0545,-2.5638],[-45.0551,-2.5613],[-45.0566,-2.5594],[-45.0582,-2.5583],[-45.0621,-2.5577],[-45.0679,-2.5574],[-45.06961,-2.55771],[-45.071,-2.5587],[-45.0728,-2.5613],[-45.0734,-2.5661],[-45.0742,-2.5675],[-45.0736,-2.572],[-45.0735,-2.5759],[-45.0729,-2.5812],[-45.0743,-2.5843],[-45.07439,-2.58624],[-45.08063,-2.58056],[-45.08872,-2.54629],[-45.08906,-2.53851]]]}},{"type":"Feature","properties":{"id":597,"n":"Bairro do Sete","mn":"Pinheiro","mi":2108603,"nl":1,"ap":1031,"cp":832,"lx":-45.08454,"ly":-2.53015},"geometry":{"type":"Polygon","coordinates":[[[-45.08746,-2.53487],[-45.08669,-2.52784],[-45.07817,-2.52768],[-45.07757,-2.52839],[-45.08746,-2.53487]]]}},{"type":"Feature","properties":{"id":598,"n":"Povoado Côco","mn":"Pinheiro","mi":2108603,"nl":1,"ap":880,"cp":644,"lx":-45.13277,"ly":-2.67843},"geometry":{"type":"Polygon","coordinates":[[[-45.16903,-2.71665],[-45.15283,-2.65806],[-45.09817,-2.64085],[-45.09368,-2.64112],[-45.09417,-2.6429],[-45.0926,-2.6431],[-45.0905,-2.644],[-45.0881,-2.6472],[-45.0869,-2.6495],[-45.0869,-2.6515],[-45.0907,-2.6561],[-45.0957,-2.6585],[-45.0994,-2.6583],[-45.10161,-2.6571],[-45.1055,-2.6571],[-45.1094,-2.6587],[-45.1124,-2.66101],[-45.11279,-2.66341],[-45.1085,-2.6677],[-45.1074,-2.6692],[-45.1078,-2.672],[-45.1061,-2.6749],[-45.1061,-2.68],[-45.107,-2.6821],[-45.1083,-2.68252],[-45.1089,-2.6858],[-45.1089,-2.6919],[-45.1117,-2.6948],[-45.1133,-2.6977],[-45.1162,-2.6987],[-45.11969,-2.7016],[-45.1201,-2.7044],[-45.1199,-2.7071],[-45.1209,-2.71],[-45.1227,-2.7112],[-45.1243,-2.7132],[-45.1276,-2.7155],[-45.1286,-2.71759],[-45.1285,-2.7255],[-45.1281,-2.7309],[-45.1291,-2.7362],[-45.1288,-2.7395],[-45.1288,-2.7422],[-45.1291,-2.7452],[-45.1319,-2.7461],[-45.13409,-2.7477],[-45.1354,-2.7499],[-45.1366,-2.7506],[-45.14011,-2.7519],[-45.16903,-2.71665]]]}},{"type":"Feature","properties":{"id":599,"n":"Sem Bairro","mn":"Pinheiro","mi":2108603,"nl":2,"ap":353,"cp":257,"lx":-45.20047,"ly":-2.7557},"geometry":{"type":"MultiPolygon","coordinates":[[[[-45.07938,-2.51623],[-45.0779,-2.51547],[-45.07564,-2.51992],[-45.07665,-2.52045],[-45.07933,-2.51658],[-45.07938,-2.51623]]],[[[-45.24045,-2.75129],[-45.21653,-2.708],[-45.16903,-2.71665],[-45.14011,-2.7519],[-45.142,-2.7526],[-45.1461,-2.7538],[-45.1487,-2.7557],[-45.1505,-2.759],[-45.1538,-2.7612],[-45.1569,-2.7629],[-45.1622,-2.7655],[-45.1651,-2.7674],[-45.1666,-2.7715],[-45.1667,-2.775],[-45.1702,-2.778],[-45.1722,-2.7805],[-45.17379,-2.7819],[-45.1742,-2.7844],[-45.1785,-2.7881],[-45.1814,-2.7926],[-45.1844,-2.7995],[-45.18409,-2.80271],[-45.1826,-2.8039],[-45.1793,-2.8041],[-45.1779,-2.8052],[-45.17979,-2.806],[-45.1801,-2.80731],[-45.17969,-2.8086],[-45.1763,-2.8109],[-45.1775,-2.8125],[-45.18049,-2.81001],[-45.1821,-2.8113],[-45.1837,-2.8108],[-45.1863,-2.8078],[-45.1879,-2.8073],[-45.1897,-2.808],[-45.1912,-2.8062],[-45.19279,-2.8062],[-45.1934,-2.8083],[-45.1924,-2.81079],[-45.1896,-2.8125],[-45.1881,-2.8138],[-45.1899,-2.8146],[-45.19311,-2.81411],[-45.1943,-2.81542],[-45.1941,-2.8166],[-45.1926,-2.8183],[-45.1939,-2.8192],[-45.1952,-2.8187],[-45.1968,-2.81691],[-45.1985,-2.8173],[-45.19971,-2.816],[-45.2095,-2.8132],[-45.21509,-2.8118],[-45.2199,-2.8134],[-45.2228,-2.8136],[-45.22815,-2.81274],[-45.24045,-2.75129]]]]}},{"type":"Feature","properties":{"id":600,"n":"Associação Comercial","mn":"Pinheiro","mi":2108603,"nl":1,"ap":965,"cp":753,"lx":-45.10707,"ly":-2.53389},"geometry":{"type":"Polygon","coordinates":[[[-45.11445,-2.54853],[-45.11445,-2.54853],[-45.10936,-2.52756],[-45.10283,-2.53228],[-45.10264,-2.53302],[-45.11331,-2.56193],[-45.11445,-2.54853]]]}},{"type":"Feature","properties":{"id":601,"n":"Povoado Ave Maria","mn":"Pinheiro","mi":2108603,"nl":1,"ap":225,"cp":163,"lx":-45.07692,"ly":-2.36429},"geometry":{"type":"Polygon","coordinates":[[[-45.143,-2.32905],[-45.11737,-2.30234],[-45.03421,-2.34076],[-45.0447,-2.42315],[-45.10389,-2.39527],[-45.143,-2.32905]]]}},{"type":"Feature","properties":{"id":602,"n":"Pacas","mn":"Pinheiro","mi":2108603,"nl":1,"ap":721,"cp":504,"lx":-45.1527,"ly":-2.53475},"geometry":{"type":"Polygon","coordinates":[[[-45.16611,-2.53299],[-45.15081,-2.51547],[-45.137,-2.54118],[-45.15312,-2.55589],[-45.16611,-2.53299]]]}},{"type":"Feature","properties":{"id":603,"n":"Povoado São Caetano","mn":"Pinheiro","mi":2108603,"nl":1,"ap":747,"cp":575,"lx":-45.18369,"ly":-2.50479},"geometry":{"type":"Polygon","coordinates":[[[-45.22085,-2.50347],[-45.19567,-2.46437],[-45.14859,-2.48418],[-45.14223,-2.49011],[-45.15081,-2.51547],[-45.16611,-2.53299],[-45.19203,-2.54809],[-45.20711,-2.54079],[-45.22085,-2.50347]]]}},{"type":"Feature","properties":{"id":604,"n":"Povoado Ponta Branca","mn":"Pinheiro","mi":2108603,"nl":1,"ap":492,"cp":409,"lx":-45.12278,"ly":-2.45658},"geometry":{"type":"Polygon","coordinates":[[[-45.14859,-2.48418],[-45.13315,-2.43471],[-45.10643,-2.4013],[-45.10624,-2.46242],[-45.12972,-2.49001],[-45.13843,-2.49033],[-45.14223,-2.49011],[-45.14859,-2.48418]]]}},{"type":"Feature","properties":{"id":605,"n":"Povoado Bom Viver","mn":"Pinheiro","mi":2108603,"nl":1,"ap":1834,"cp":1432,"lx":-45.15358,"ly":-2.38656},"geometry":{"type":"Polygon","coordinates":[[[-45.20173,-2.41035],[-45.20084,-2.36565],[-45.1605,-2.3473],[-45.143,-2.32905],[-45.10389,-2.39527],[-45.10643,-2.4013],[-45.13315,-2.43471],[-45.20173,-2.41035]]]}},{"type":"Feature","properties":{"id":606,"n":"Povoado Pirinã","mn":"Pinheiro","mi":2108603,"nl":1,"ap":728,"cp":551,"lx":-45.02862,"ly":-2.28472},"geometry":{"type":"Polygon","coordinates":[[[-45.11737,-2.30234],[-45.0269,-2.208],[-44.9671,-2.1709],[-44.9669,-2.171],[-44.96589,-2.25096],[-44.9642,-2.2499],[-44.9638,-2.2487],[-44.96229,-2.24641],[-44.98869,-2.33129],[-44.99317,-2.33569],[-45.03421,-2.34076],[-45.11737,-2.30234]]]}},{"type":"Feature","properties":{"id":607,"n":"Povoado Boa União","mn":"Pinheiro","mi":2108603,"nl":1,"ap":355,"cp":275,"lx":-45.01564,"ly":-2.35937},"geometry":{"type":"Polygon","coordinates":[[[-45.0447,-2.42315],[-45.03421,-2.34076],[-44.99317,-2.33569],[-44.9904,-2.36133],[-45.04234,-2.42576],[-45.0447,-2.42315]]]}},{"type":"Feature","properties":{"id":608,"n":"Povoado Ponta de Santana","mn":"Pinheiro","mi":2108603,"nl":1,"ap":788,"cp":654,"lx":-45.07093,"ly":-2.47243},"geometry":{"type":"Polygon","coordinates":[[[-45.12972,-2.49001],[-45.10624,-2.46242],[-45.03168,-2.44445],[-45.00993,-2.4682],[-45.0111,-2.4713],[-45.0126,-2.4694],[-45.014,-2.4691],[-45.0162,-2.4692],[-45.0179,-2.4703],[-45.0187,-2.47201],[-45.01784,-2.47537],[-45.03573,-2.48076],[-45.0352,-2.479],[-45.034,-2.47661],[-45.03439,-2.47494],[-45.0374,-2.4757],[-45.0377,-2.4739],[-45.0372,-2.4716],[-45.03749,-2.46964],[-45.03859,-2.4699],[-45.04,-2.4713],[-45.0412,-2.4742],[-45.0422,-2.4757],[-45.0439,-2.47949],[-45.0442,-2.4828],[-45.04444,-2.48339],[-45.06612,-2.48992],[-45.10145,-2.49629],[-45.10812,-2.49635],[-45.12437,-2.49244],[-45.12972,-2.49001]]]}},{"type":"Feature","properties":{"id":609,"n":"Povoado","mn":"Pinheiro","mi":2108603,"nl":6,"ap":1619,"cp":1226,"lx":-45.22102,"ly":-2.57225},"geometry":{"type":"MultiPolygon","coordinates":[[[[-45.15831,-2.58818],[-45.14587,-2.57265],[-45.1246,-2.56101],[-45.11332,-2.56192],[-45.08063,-2.58056],[-45.07439,-2.58624],[-45.0746,-2.5907],[-45.0764,-2.5974],[-45.0756,-2.6025],[-45.0764,-2.605],[-45.0762,-2.6101],[-45.0773,-2.612],[-45.079,-2.6144],[-45.0837,-2.6155],[-45.08651,-2.61512],[-45.0875,-2.6165],[-45.0886,-2.61921],[-45.08818,-2.6202],[-45.0855,-2.6202],[-45.0866,-2.6243],[-45.0878,-2.6263],[-45.0889,-2.6296],[-45.0912,-2.6308],[-45.09251,-2.62981],[-45.0939,-2.63121],[-45.0944,-2.63411],[-45.0941,-2.636],[-45.0932,-2.6374],[-45.093,-2.6388],[-45.09368,-2.64112],[-45.09817,-2.64085],[-45.15831,-2.58818]]],[[[-45.26906,-2.45156],[-45.20586,-2.44056],[-45.20173,-2.41035],[-45.13315,-2.43471],[-45.14859,-2.48418],[-45.19566,-2.46438],[-45.22084,-2.50346],[-45.20711,-2.54078],[-45.19203,-2.54809],[-45.17979,-2.58936],[-45.19163,-2.60343],[-45.24996,-2.61074],[-45.26097,-2.6055],[-45.24281,-2.48794],[-45.2458,-2.4878],[-45.2485,-2.4866],[-45.2544,-2.4782],[-45.2561,-2.4764],[-45.258,-2.475],[-45.258,-2.4734],[-45.2592,-2.4716],[-45.2586,-2.469],[-45.2584,-2.46641],[-45.2589,-2.4646],[-45.2613,-2.462],[-45.2634,-2.4606],[-45.2644,-2.4585],[-45.2684,-2.4529],[-45.26906,-2.45156]]],[[[-45.22094,-2.69883],[-45.19266,-2.65727],[-45.17274,-2.64857],[-45.15283,-2.65806],[-45.16903,-2.71665],[-45.21653,-2.708],[-45.22094,-2.69883]]]]}},{"type":"Feature","properties":{"id":610,"n":"Antigo Aeroporto","mn":"Pinheiro","mi":2108603,"nl":1,"ap":3614,"cp":2884,"lx":-45.09061,"ly":-2.51783},"geometry":{"type":"Polygon","coordinates":[[[-45.10812,-2.49635],[-45.10145,-2.49629],[-45.0852,-2.51509],[-45.08428,-2.52093],[-45.08757,-2.52458],[-45.08808,-2.52491],[-45.0946,-2.52236],[-45.10812,-2.49635]]]}},{"type":"Feature","properties":{"id":611,"n":"Fomento","mn":"Pinheiro","mi":2108603,"nl":1,"ap":2262,"cp":1638,"lx":-45.1032,"ly":-2.52228},"geometry":{"type":"Polygon","coordinates":[[[-45.12437,-2.49244],[-45.10812,-2.49635],[-45.0946,-2.52236],[-45.09561,-2.52873],[-45.10283,-2.53228],[-45.10936,-2.52756],[-45.12437,-2.49244]]]}},{"type":"Feature","properties":{"id":612,"n":"Ilha de Ventura","mn":"Pinheiro","mi":2108603,"nl":1,"ap":618,"cp":488,"lx":-45.08234,"ly":-2.50287},"geometry":{"type":"Polygon","coordinates":[[[-45.10145,-2.49629],[-45.10145,-2.49629],[-45.06612,-2.48992],[-45.07561,-2.51234],[-45.0779,-2.51547],[-45.07938,-2.51623],[-45.08438,-2.51541],[-45.0852,-2.51509],[-45.10145,-2.49629]]]}},{"type":"Feature","properties":{"id":613,"n":"Povoado Porão dos Piros","mn":"Pinheiro","mi":2108603,"nl":1,"ap":674,"cp":465,"lx":-45.25281,"ly":-2.6705},"geometry":{"type":"Polygon","coordinates":[[[-45.27376,-2.68762],[-45.2638,-2.6238],[-45.26097,-2.6055],[-45.24996,-2.61074],[-45.23809,-2.63471],[-45.23251,-2.68951],[-45.27376,-2.68762]]]}},{"type":"Feature","properties":{"id":614,"n":"Enseada","mn":"Pinheiro","mi":2108603,"nl":1,"ap":948,"cp":700,"lx":-45.11663,"ly":-2.52673},"geometry":{"type":"Polygon","coordinates":[[[-45.13843,-2.49033],[-45.12972,-2.49001],[-45.12437,-2.49244],[-45.10937,-2.52756],[-45.11445,-2.54853],[-45.13843,-2.49033]]]}},{"type":"Feature","properties":{"id":615,"n":"Povoado Campo Novo","mn":"Pinheiro","mi":2108603,"nl":1,"ap":679,"cp":510,"lx":-45.23338,"ly":-2.41431},"geometry":{"type":"Polygon","coordinates":[[[-45.3015,-2.4169],[-45.3007,-2.41529],[-45.3002,-2.4125],[-45.3004,-2.411],[-45.20084,-2.36565],[-45.20173,-2.41035],[-45.20585,-2.44056],[-45.26906,-2.45156],[-45.2726,-2.4444],[-45.2747,-2.4412],[-45.2788,-2.4394],[-45.2865,-2.4345],[-45.2899,-2.4337],[-45.2934,-2.4306],[-45.2973,-2.4283],[-45.2974,-2.42249],[-45.2986,-2.4202],[-45.3,-2.4195],[-45.3015,-2.4181],[-45.3015,-2.4169]]]}},{"type":"Feature","properties":{"id":616,"n":"Matriz","mn":"Pinheiro","mi":2108603,"nl":2,"ap":3727,"cp":2916,"lx":-45.05791,"ly":-2.5054},"geometry":{"type":"MultiPolygon","coordinates":[[[[-45.0402,-2.4906],[-45.038,-2.4872],[-45.0375,-2.4845],[-45.0377,-2.4824],[-45.03611,-2.482],[-45.03573,-2.48076],[-45.01784,-2.47538],[-45.0176,-2.4763],[-45.01819,-2.47761],[-45.0172,-2.4795],[-45.0186,-2.4806],[-45.0192,-2.4827],[-45.0169,-2.4858],[-45.0183,-2.4866],[-45.01921,-2.4857],[-45.0221,-2.48601],[-45.0227,-2.4879],[-45.0218,-2.4909],[-45.0215,-2.493],[-45.0225,-2.4945],[-45.0246,-2.4943],[-45.0244,-2.4927],[-45.0261,-2.4892],[-45.0262,-2.4881],[-45.02515,-2.48384],[-45.0266,-2.4846],[-45.0294,-2.4881],[-45.0307,-2.489],[-45.03232,-2.48711],[-45.03351,-2.48741],[-45.0354,-2.49],[-45.0357,-2.4912],[-45.0372,-2.4913],[-45.0402,-2.4906]]],[[[-45.0779,-2.51547],[-45.07561,-2.51234],[-45.06612,-2.48992],[-45.04444,-2.48339],[-45.0462,-2.4877],[-45.0479,-2.4872],[-45.04942,-2.48611],[-45.05099,-2.48661],[-45.051,-2.48858],[-45.0493,-2.4894],[-45.0503,-2.4917],[-45.0495,-2.49359],[-45.0483,-2.4941],[-45.0469,-2.4955],[-45.0458,-2.4972],[-45.0448,-2.5008],[-45.0436,-2.5036],[-45.0402,-2.5074],[-45.0397,-2.5095],[-45.0406,-2.5112],[-45.04499,-2.5104],[-45.046,-2.512],[-45.04558,-2.51381],[-45.0442,-2.5145],[-45.0423,-2.5141],[-45.0407,-2.5149],[-45.0415,-2.5167],[-45.0415,-2.5188],[-45.0408,-2.523],[-45.04137,-2.526],[-45.07455,-2.51977],[-45.07564,-2.51992],[-45.0779,-2.51547]]]]}},{"type":"Feature","properties":{"id":617,"n":"Povoado Gama","mn":"Pinheiro","mi":2108603,"nl":1,"ap":873,"cp":677,"lx":-44.94703,"ly":-2.38232},"geometry":{"type":"Polygon","coordinates":[[[-44.99317,-2.33569],[-44.98869,-2.33129],[-44.92147,-2.36357],[-44.91542,-2.37266],[-44.9127,-2.3687],[-44.9102,-2.3717],[-44.9074,-2.3744],[-44.9062,-2.3772],[-44.904,-2.3789],[-44.9025,-2.3796],[-44.8996,-2.384],[-44.8983,-2.3848],[-44.8988,-2.386],[-44.9005,-2.387],[-44.9028,-2.3875],[-44.90501,-2.3874],[-44.9067,-2.3885],[-44.9078,-2.3902],[-44.9096,-2.3906],[-44.9121,-2.3899],[-44.9133,-2.3899],[-44.9165,-2.3912],[-44.9189,-2.3933],[-44.9231,-2.3984],[-44.927,-2.4019],[-44.92799,-2.40339],[-44.9272,-2.40549],[-44.9259,-2.4061],[-44.9255,-2.4082],[-44.9258,-2.4103],[-44.9273,-2.4125],[-44.93069,-2.412],[-44.9319,-2.4143],[-44.9331,-2.4153],[-44.9346,-2.4157],[-44.9378,-2.4143],[-44.94169,-2.4163],[-44.9432,-2.4184],[-44.9462,-2.4207],[-44.9482,-2.4244],[-44.9496,-2.4255],[-44.9528,-2.4266],[-44.95475,-2.42697],[-44.9904,-2.36133],[-44.99317,-2.33569]]]}},{"type":"Feature","properties":{"id":618,"n":"Povoado Nova Ponta Branca","mn":"Pinheiro","mi":2108603,"nl":1,"ap":511,"cp":435,"lx":-45.0823,"ly":-2.43199},"geometry":{"type":"Polygon","coordinates":[[[-45.10643,-2.4013],[-45.10389,-2.39527],[-45.0447,-2.42315],[-45.04234,-2.42576],[-45.03168,-2.44445],[-45.10624,-2.46242],[-45.10643,-2.4013]]]}},{"type":"Feature","properties":{"id":619,"n":"Povoado Urucuzal","mn":"Pinheiro","mi":2108603,"nl":1,"ap":318,"cp":252,"lx":-44.99615,"ly":-2.42585},"geometry":{"type":"Polygon","coordinates":[[[-45.04234,-2.42576],[-44.9904,-2.36133],[-44.95475,-2.42697],[-44.9554,-2.42711],[-44.9567,-2.4292],[-44.9572,-2.431],[-44.959,-2.4344],[-44.9596,-2.4375],[-44.9592,-2.4595],[-44.9605,-2.4574],[-44.9628,-2.4558],[-44.96471,-2.4549],[-44.96631,-2.45531],[-44.9674,-2.4566],[-44.9691,-2.4599],[-44.97679,-2.4598],[-44.9776,-2.4602],[-44.9797,-2.4622],[-44.9806,-2.4654],[-44.9817,-2.4661],[-44.983,-2.465],[-44.98372,-2.4613],[-44.9875,-2.4607],[-44.99039,-2.46209],[-44.9915,-2.4645],[-44.9911,-2.46649],[-44.9883,-2.4678],[-44.9874,-2.4705],[-44.9884,-2.4722],[-44.9899,-2.4717],[-44.9914,-2.4697],[-44.9938,-2.46951],[-44.9942,-2.4711],[-44.9931,-2.4734],[-44.993,-2.476],[-44.9941,-2.4782],[-44.9963,-2.4778],[-45.0004,-2.4752],[-45.0012,-2.4739],[-45.0022,-2.4693],[-45.0018,-2.46611],[-45.0029,-2.46491],[-45.0046,-2.4644],[-45.0071,-2.4651],[-45.0094,-2.4668],[-45.00993,-2.4682],[-45.03168,-2.44445],[-45.04234,-2.42576]]]}},{"type":"Feature","properties":{"id":620,"n":"Povoado Santa Sofia","mn":"Pinheiro","mi":2108603,"nl":1,"ap":669,"cp":479,"lx":-44.95901,"ly":-2.31866},"geometry":{"type":"Polygon","coordinates":[[[-44.98869,-2.33129],[-44.96229,-2.24641],[-44.9613,-2.2449],[-44.9603,-2.2439],[-44.9572,-2.2425],[-44.9534,-2.2425],[-44.9503,-2.2413],[-44.9485,-2.2411],[-44.9413,-2.2392],[-44.9386,-2.2375],[-44.9349,-2.2334],[-44.9349,-2.3296],[-44.924,-2.3598],[-44.92147,-2.36357],[-44.98869,-2.33129]]]}},{"type":"Feature","properties":{"id":621,"n":"Centro","mn":"São José de Ribamar","mi":2111201,"nl":7,"ap":12275,"cp":10356,"lx":-44.05645,"ly":-2.55893},"geometry":{"type":"Polygon","coordinates":[[[-44.06358,-2.55713],[-44.06069,-2.55244],[-44.06005,-2.55248],[-44.05513,-2.54999],[-44.05704,-2.55419],[-44.05843,-2.55397],[-44.05834,-2.55602],[-44.05571,-2.55539],[-44.05522,-2.55559],[-44.05454,-2.55635],[-44.05272,-2.55666],[-44.0531,-2.5578],[-44.0538,-2.56289],[-44.0533,-2.5643],[-44.0541,-2.5647],[-44.0566,-2.5639],[-44.0584,-2.5618],[-44.0596,-2.5616],[-44.06229,-2.5598],[-44.06303,-2.5598],[-44.06358,-2.55713]]]}},{"type":"Feature","properties":{"id":622,"n":"Cruzeiro","mn":"São José de Ribamar","mi":2111201,"nl":2,"ap":1361,"cp":1170,"lx":-44.05594,"ly":-2.55448},"geometry":{"type":"Polygon","coordinates":[[[-44.05844,-2.55394],[-44.05703,-2.55417],[-44.05513,-2.54999],[-44.05481,-2.54976],[-44.05522,-2.55559],[-44.05572,-2.55539],[-44.05834,-2.55607],[-44.05844,-2.55394]]]}},{"type":"Feature","properties":{"id":623,"n":"J. Camara","mn":"São José de Ribamar","mi":2111201,"nl":4,"ap":6797,"cp":5555,"lx":-44.06886,"ly":-2.54215},"geometry":{"type":"Polygon","coordinates":[[[-44.07655,-2.53437],[-44.07491,-2.5337],[-44.0749,-2.53291],[-44.06614,-2.53471],[-44.05959,-2.5427],[-44.06177,-2.54457],[-44.0628,-2.5482],[-44.06864,-2.55196],[-44.06964,-2.55177],[-44.07249,-2.54795],[-44.07529,-2.54607],[-44.0762,-2.53534],[-44.07655,-2.53437]]]}},{"type":"Feature","properties":{"id":624,"n":"Sao Benedito","mn":"São José de Ribamar","mi":2111201,"nl":1,"ap":1225,"cp":1032,"lx":-44.05774,"ly":-2.54675},"geometry":{"type":"Polygon","coordinates":[[[-44.0628,-2.5482],[-44.06177,-2.54457],[-44.05959,-2.5427],[-44.04822,-2.5417],[-44.05481,-2.54976],[-44.06006,-2.55248],[-44.06069,-2.55244],[-44.0628,-2.5482]]]}},{"type":"Feature","properties":{"id":625,"n":"Sao Raimundo","mn":"São José de Ribamar","mi":2111201,"nl":3,"ap":4517,"cp":3684,"lx":-44.06941,"ly":-2.55602},"geometry":{"type":"Polygon","coordinates":[[[-44.08068,-2.56342],[-44.07949,-2.56117],[-44.06964,-2.55177],[-44.06864,-2.55196],[-44.06602,-2.55486],[-44.06358,-2.55713],[-44.06303,-2.5598],[-44.0642,-2.5598],[-44.0679,-2.5592],[-44.071,-2.5593],[-44.0732,-2.5609],[-44.076,-2.5618],[-44.0776,-2.5627],[-44.0805,-2.5636],[-44.08068,-2.56342]]]}},{"type":"Feature","properties":{"id":626,"n":"Boa Vista","mn":"São José de Ribamar","mi":2111201,"nl":1,"ap":1545,"cp":1312,"lx":-44.18481,"ly":-2.49204},"geometry":{"type":"Polygon","coordinates":[[[-44.18961,-2.49255],[-44.18798,-2.48814],[-44.1817,-2.48603],[-44.18169,-2.48834],[-44.1804,-2.4873],[-44.1804,-2.49389],[-44.1796,-2.4947],[-44.17937,-2.4994],[-44.18158,-2.49921],[-44.18924,-2.49443],[-44.18961,-2.49255]]]}},{"type":"Feature","properties":{"id":627,"n":"Bom Jardim","mn":"São José de Ribamar","mi":2111201,"nl":2,"ap":1309,"cp":1121,"lx":-44.16338,"ly":-2.62675},"geometry":{"type":"Polygon","coordinates":[[[-44.18236,-2.63214],[-44.1801,-2.6298],[-44.1794,-2.6263],[-44.1778,-2.6234],[-44.1742,-2.6223],[-44.1719,-2.6211],[-44.1684,-2.6203],[-44.1668,-2.6187],[-44.16362,-2.6182],[-44.16336,-2.6152],[-44.1509,-2.61431],[-44.15388,-2.62367],[-44.15817,-2.63526],[-44.18236,-2.63214]]]}},{"type":"Feature","properties":{"id":628,"n":"Jussatuba","mn":"São José de Ribamar","mi":2111201,"nl":2,"ap":1221,"cp":1125,"lx":-44.13291,"ly":-2.62627},"geometry":{"type":"Polygon","coordinates":[[[-44.15817,-2.63526],[-44.15388,-2.62367],[-44.1509,-2.61431],[-44.1323,-2.59717],[-44.12629,-2.5966],[-44.11735,-2.60047],[-44.10611,-2.60855],[-44.10631,-2.60861],[-44.1068,-2.6095],[-44.1063,-2.6136],[-44.1079,-2.6153],[-44.1079,-2.6165],[-44.1072,-2.6204],[-44.1076,-2.62219],[-44.107,-2.6227],[-44.1056,-2.6281],[-44.1057,-2.6292],[-44.1074,-2.6301],[-44.10901,-2.6303],[-44.111,-2.6315],[-44.11349,-2.63369],[-44.1135,-2.6365],[-44.1154,-2.6383],[-44.1156,-2.6407],[-44.1161,-2.6422],[-44.118,-2.64271],[-44.1187,-2.6447],[-44.1197,-2.6463],[-44.1223,-2.6471],[-44.124,-2.6469],[-44.12568,-2.64799],[-44.1251,-2.6496],[-44.123,-2.6504],[-44.12342,-2.65184],[-44.13854,-2.65317],[-44.15817,-2.63526]]]}},{"type":"Feature","properties":{"id":629,"n":"Cohabiano II","mn":"São José de Ribamar","mi":2111201,"nl":3,"ap":3921,"cp":3287,"lx":-44.19385,"ly":-2.53569},"geometry":{"type":"Polygon","coordinates":[[[-44.1973,-2.5314],[-44.19274,-2.53009],[-44.19297,-2.53283],[-44.19085,-2.53518],[-44.18882,-2.53707],[-44.1895,-2.5376],[-44.19195,-2.54072],[-44.19397,-2.53859],[-44.19609,-2.53669],[-44.1973,-2.5314]]]}},{"type":"Feature","properties":{"id":630,"n":"Maiobinha","mn":"São José de Ribamar","mi":2111201,"nl":4,"ap":4388,"cp":3760,"lx":-44.20294,"ly":-2.55974},"geometry":{"type":"Polygon","coordinates":[[[-44.2084,-2.5592],[-44.2075,-2.5578],[-44.20591,-2.55401],[-44.2063,-2.5532],[-44.20495,-2.55193],[-44.2079,-2.5515],[-44.2075,-2.55115],[-44.20399,-2.55197],[-44.20071,-2.55367],[-44.19553,-2.56258],[-44.19557,-2.56286],[-44.2014,-2.5646],[-44.2031,-2.5661],[-44.2062,-2.5673],[-44.2074,-2.5669],[-44.207,-2.5635],[-44.2083,-2.5609],[-44.2084,-2.5592]]]}},{"type":"Feature","properties":{"id":631,"n":"Mata","mn":"São José de Ribamar","mi":2111201,"nl":1,"ap":1380,"cp":1192,"lx":-44.17179,"ly":-2.58299},"geometry":{"type":"Polygon","coordinates":[[[-44.18132,-2.58375],[-44.18056,-2.58256],[-44.17062,-2.57981],[-44.16591,-2.58579],[-44.17915,-2.58575],[-44.1797,-2.5849],[-44.18132,-2.58375]]]}},{"type":"Feature","properties":{"id":632,"n":"Matinha","mn":"São José de Ribamar","mi":2111201,"nl":4,"ap":4301,"cp":3631,"lx":-44.16175,"ly":-2.57958},"geometry":{"type":"Polygon","coordinates":[[[-44.17189,-2.56972],[-44.1701,-2.56679],[-44.16435,-2.57192],[-44.16289,-2.57097],[-44.16179,-2.56588],[-44.15854,-2.56227],[-44.15667,-2.56147],[-44.15471,-2.57097],[-44.15612,-2.57592],[-44.14951,-2.5925],[-44.15048,-2.59251],[-44.16006,-2.58674],[-44.16591,-2.58579],[-44.17062,-2.57981],[-44.167,-2.57594],[-44.16725,-2.57475],[-44.17059,-2.5736],[-44.17189,-2.56972]]]}},{"type":"Feature","properties":{"id":633,"n":"Quinta","mn":"São José de Ribamar","mi":2111201,"nl":1,"ap":915,"cp":808,"lx":-44.13822,"ly":-2.56561},"geometry":{"type":"Polygon","coordinates":[[[-44.14535,-2.56568],[-44.14249,-2.55895],[-44.13882,-2.55784],[-44.13481,-2.55911],[-44.12906,-2.56876],[-44.12924,-2.587],[-44.14355,-2.56898],[-44.14535,-2.56568]]]}},{"type":"Feature","properties":{"id":634,"n":"Rio de Sao Joao","mn":"São José de Ribamar","mi":2111201,"nl":3,"ap":1741,"cp":1492,"lx":-44.13633,"ly":-2.55632},"geometry":{"type":"Polygon","coordinates":[[[-44.14547,-2.55403],[-44.1443,-2.5546],[-44.1419,-2.5547],[-44.13741,-2.5543],[-44.1338,-2.553],[-44.13251,-2.55275],[-44.13481,-2.55911],[-44.13882,-2.55784],[-44.14249,-2.55895],[-44.14547,-2.55403]]]}},{"type":"Feature","properties":{"id":635,"n":"Sao Jose dos Indios","mn":"São José de Ribamar","mi":2111201,"nl":1,"ap":1955,"cp":1611,"lx":-44.09645,"ly":-2.55066},"geometry":{"type":"Polygon","coordinates":[[[-44.10417,-2.54619],[-44.1032,-2.5466],[-44.1023,-2.5467],[-44.0971,-2.5455],[-44.0938,-2.5449],[-44.08973,-2.54445],[-44.09212,-2.5565],[-44.10237,-2.55505],[-44.10417,-2.54619]]]}},{"type":"Feature","properties":{"id":636,"n":"Sitio do Apicum","mn":"São José de Ribamar","mi":2111201,"nl":1,"ap":1022,"cp":829,"lx":-44.05432,"ly":-2.53561},"geometry":{"type":"Polygon","coordinates":[[[-44.06614,-2.53471],[-44.05433,-2.52758],[-44.03848,-2.53848],[-44.04822,-2.5417],[-44.05959,-2.5427],[-44.06614,-2.53471]]]}},{"type":"Feature","properties":{"id":637,"n":"Vila Sarney Filho I","mn":"São José de Ribamar","mi":2111201,"nl":2,"ap":4604,"cp":3818,"lx":-44.16049,"ly":-2.55621},"geometry":{"type":"Polygon","coordinates":[[[-44.17194,-2.55306],[-44.17149,-2.55192],[-44.1687,-2.552],[-44.1611,-2.5515],[-44.15476,-2.55199],[-44.15579,-2.56068],[-44.15667,-2.56147],[-44.15854,-2.56227],[-44.165,-2.55937],[-44.1706,-2.56],[-44.17194,-2.55306]]]}},{"type":"Feature","properties":{"id":638,"n":"Vila Kiola Costa","mn":"São José de Ribamar","mi":2111201,"nl":3,"ap":3614,"cp":2994,"lx":-44.18634,"ly":-2.5553},"geometry":{"type":"Polygon","coordinates":[[[-44.19148,-2.55529],[-44.18971,-2.55346],[-44.1866,-2.5524],[-44.1758,-2.5518],[-44.17149,-2.55192],[-44.17194,-2.55306],[-44.17729,-2.55576],[-44.17867,-2.55729],[-44.17968,-2.5572],[-44.183,-2.55593],[-44.18457,-2.55838],[-44.18983,-2.55776],[-44.19124,-2.55605],[-44.19148,-2.55529]]]}},{"type":"Feature","properties":{"id":639,"n":"Jardim Tropical I","mn":"São José de Ribamar","mi":2111201,"nl":2,"ap":5810,"cp":4872,"lx":-44.18413,"ly":-2.57111},"geometry":{"type":"Polygon","coordinates":[[[-44.18899,-2.56805],[-44.18682,-2.56655],[-44.17988,-2.56771],[-44.17991,-2.56879],[-44.17862,-2.57779],[-44.18056,-2.58256],[-44.18132,-2.58375],[-44.1825,-2.5829],[-44.1842,-2.581],[-44.1851,-2.5768],[-44.1888,-2.5725],[-44.1887,-2.569],[-44.18899,-2.56805]]]}},{"type":"Feature","properties":{"id":640,"n":"Povoado Santa Maria","mn":"São José de Ribamar","mi":2111201,"nl":1,"ap":541,"cp":474,"lx":-44.15903,"ly":-2.6517},"geometry":{"type":"Polygon","coordinates":[[[-44.1827,-2.6325],[-44.18236,-2.63214],[-44.15817,-2.63526],[-44.13854,-2.65317],[-44.17065,-2.67605],[-44.1734,-2.6733],[-44.1743,-2.6715],[-44.1742,-2.6687],[-44.1731,-2.6665],[-44.17091,-2.6649],[-44.1725,-2.6606],[-44.1712,-2.65999],[-44.17051,-2.6578],[-44.1731,-2.6553],[-44.1753,-2.6522],[-44.17551,-2.6504],[-44.1774,-2.6495],[-44.1785,-2.6468],[-44.17581,-2.63999],[-44.1814,-2.6331],[-44.1827,-2.6325]]]}},{"type":"Feature","properties":{"id":641,"n":"Vila Roseana Sarney","mn":"São José de Ribamar","mi":2111201,"nl":1,"ap":1228,"cp":1001,"lx":-44.07845,"ly":-2.54492},"geometry":{"type":"Polygon","coordinates":[[[-44.08973,-2.54445],[-44.0866,-2.5441],[-44.08359,-2.54559],[-44.08141,-2.54449],[-44.082,-2.5416],[-44.0788,-2.5418],[-44.07713,-2.54227],[-44.0774,-2.5407],[-44.0788,-2.5375],[-44.07731,-2.5367],[-44.0776,-2.5348],[-44.07655,-2.53437],[-44.0762,-2.53534],[-44.07529,-2.54607],[-44.07793,-2.54898],[-44.08973,-2.5446],[-44.08973,-2.54445]]]}},{"type":"Feature","properties":{"id":642,"n":"Vila Dr. Julinho","mn":"São José de Ribamar","mi":2111201,"nl":1,"ap":2131,"cp":1705,"lx":-44.08525,"ly":-2.55481},"geometry":{"type":"Polygon","coordinates":[[[-44.09212,-2.5565],[-44.08973,-2.5446],[-44.07793,-2.54898],[-44.07949,-2.56117],[-44.08068,-2.56342],[-44.08152,-2.56265],[-44.083,-2.5657],[-44.0837,-2.56833],[-44.09212,-2.5565]]]}},{"type":"Feature","properties":{"id":643,"n":"Vila Cafeteira","mn":"São José de Ribamar","mi":2111201,"nl":1,"ap":1545,"cp":1318,"lx":-44.19101,"ly":-2.55969},"geometry":{"type":"Polygon","coordinates":[[[-44.19351,-2.56108],[-44.19351,-2.56108],[-44.19124,-2.55605],[-44.18983,-2.55776],[-44.18875,-2.56152],[-44.19065,-2.5622],[-44.19351,-2.56108]]]}},{"type":"Feature","properties":{"id":644,"n":"Vila Operaria","mn":"São José de Ribamar","mi":2111201,"nl":3,"ap":3225,"cp":2743,"lx":-44.18124,"ly":-2.55942},"geometry":{"type":"Polygon","coordinates":[[[-44.18983,-2.55776],[-44.18457,-2.55838],[-44.183,-2.55592],[-44.17969,-2.5572],[-44.17867,-2.55729],[-44.17648,-2.56288],[-44.17931,-2.56609],[-44.18247,-2.56161],[-44.18454,-2.5605],[-44.18733,-2.56267],[-44.18875,-2.56152],[-44.18983,-2.55776]]]}},{"type":"Feature","properties":{"id":645,"n":"Canavieira","mn":"São José de Ribamar","mi":2111201,"nl":1,"ap":467,"cp":361,"lx":-44.06905,"ly":-2.53039},"geometry":{"type":"MultiPolygon","coordinates":[[[[-44.0749,-2.5303],[-44.0727,-2.5279],[-44.07152,-2.5273],[-44.0733,-2.525],[-44.0715,-2.5247],[-44.0692,-2.525],[-44.06849,-2.5268],[-44.06471,-2.5272],[-44.063,-2.526],[-44.0614,-2.5235],[-44.05961,-2.52349],[-44.0596,-2.5215],[-44.0606,-2.5197],[-44.06013,-2.51843],[-44.05433,-2.52758],[-44.06614,-2.53471],[-44.0749,-2.53291],[-44.0749,-2.5303]]],[[[-44.0637,-2.5153],[-44.0637,-2.5153],[-44.06333,-2.51337],[-44.06193,-2.51558],[-44.0637,-2.5153]]]]}},{"type":"Feature","properties":{"id":646,"n":"Boa Viagem","mn":"São José de Ribamar","mi":2111201,"nl":1,"ap":1070,"cp":865,"lx":-44.12057,"ly":-2.57029},"geometry":{"type":"Polygon","coordinates":[[[-44.12924,-2.587],[-44.12906,-2.56876],[-44.12065,-2.54994],[-44.11012,-2.55808],[-44.11735,-2.60047],[-44.12629,-2.5966],[-44.12924,-2.587]]]}},{"type":"Feature","properties":{"id":647,"n":"Vila Flamengo","mn":"São José de Ribamar","mi":2111201,"nl":2,"ap":2766,"cp":2319,"lx":-44.18969,"ly":-2.56435},"geometry":{"type":"Polygon","coordinates":[[[-44.19557,-2.56286],[-44.19553,-2.56258],[-44.19351,-2.56108],[-44.19065,-2.5622],[-44.18875,-2.56152],[-44.18733,-2.56267],[-44.18682,-2.56655],[-44.18899,-2.56805],[-44.19469,-2.56261],[-44.19557,-2.56286]]]}},{"type":"Feature","properties":{"id":648,"n":"Parque Vitoria","mn":"São José de Ribamar","mi":2111201,"nl":1,"ap":3513,"cp":2934,"lx":-44.2065,"ly":-2.51682},"geometry":{"type":"Polygon","coordinates":[[[-44.21049,-2.50707],[-44.20198,-2.51835],[-44.20198,-2.51835],[-44.20873,-2.52028],[-44.21049,-2.50707]]]}},{"type":"Feature","properties":{"id":649,"n":"Panaquatira","mn":"São José de Ribamar","mi":2111201,"nl":1,"ap":2423,"cp":1988,"lx":-44.03451,"ly":-2.50664},"geometry":{"type":"Polygon","coordinates":[[[-44.06062,-2.48089],[-44.0603,-2.4781],[-44.0595,-2.4731],[-44.0584,-2.4689],[-44.0569,-2.4662],[-44.0551,-2.4654],[-44.0538,-2.4654],[-44.0523,-2.4661],[-44.0527,-2.4688],[-44.0525,-2.4703],[-44.0496,-2.4746],[-44.0474,-2.4772],[-44.0343,-2.4918],[-44.0273,-2.5006],[-44.0261,-2.5029],[-44.024,-2.5076],[-44.0239,-2.512],[-44.0244,-2.5135],[-44.026,-2.5151],[-44.0277,-2.5188],[-44.0278,-2.5216],[-44.0269,-2.5289],[-44.0275,-2.5301],[-44.0295,-2.5301],[-44.03053,-2.53102],[-44.06062,-2.48089]]]}},{"type":"Feature","properties":{"id":650,"n":"Moropoia","mn":"São José de Ribamar","mi":2111201,"nl":1,"ap":823,"cp":672,"lx":-44.06421,"ly":-2.55251},"geometry":{"type":"Polygon","coordinates":[[[-44.06864,-2.55196],[-44.0628,-2.5482],[-44.06069,-2.55244],[-44.06358,-2.55713],[-44.06602,-2.55487],[-44.06864,-2.55196]]]}},{"type":"Feature","properties":{"id":651,"n":"Laranjal","mn":"São José de Ribamar","mi":2111201,"nl":1,"ap":552,"cp":476,"lx":-44.14935,"ly":-2.55799},"geometry":{"type":"Polygon","coordinates":[[[-44.15579,-2.56068],[-44.15476,-2.55199],[-44.1513,-2.552],[-44.1476,-2.553],[-44.14547,-2.55403],[-44.14249,-2.55895],[-44.14535,-2.56568],[-44.15579,-2.56068]]]}},{"type":"Feature","properties":{"id":652,"n":"J. Lima","mn":"São José de Ribamar","mi":2111201,"nl":2,"ap":2182,"cp":1808,"lx":-44.17425,"ly":-2.56584},"geometry":{"type":"Polygon","coordinates":[[[-44.17988,-2.56771],[-44.17931,-2.56609],[-44.17648,-2.56288],[-44.17146,-2.5618],[-44.16958,-2.56491],[-44.1701,-2.56679],[-44.17189,-2.56972],[-44.17984,-2.56784],[-44.17988,-2.56771]]]}},{"type":"Feature","properties":{"id":653,"n":"Tijupa Queimado","mn":"São José de Ribamar","mi":2111201,"nl":1,"ap":753,"cp":653,"lx":-44.17438,"ly":-2.55859},"geometry":{"type":"Polygon","coordinates":[[[-44.17867,-2.55729],[-44.17729,-2.55576],[-44.17194,-2.55306],[-44.1706,-2.56],[-44.17146,-2.5618],[-44.17648,-2.56288],[-44.17867,-2.55729]]]}},{"type":"Feature","properties":{"id":654,"n":"Miritiua","mn":"São José de Ribamar","mi":2111201,"nl":1,"ap":1388,"cp":1172,"lx":-44.19663,"ly":-2.49781},"geometry":{"type":"Polygon","coordinates":[[[-44.20681,-2.50378],[-44.20659,-2.50309],[-44.19912,-2.49318],[-44.18961,-2.49255],[-44.18924,-2.49443],[-44.1919,-2.50208],[-44.20681,-2.50378]]]}},{"type":"Feature","properties":{"id":655,"n":"Novo Cohatrac","mn":"São José de Ribamar","mi":2111201,"nl":1,"ap":1563,"cp":1244,"lx":-44.18776,"ly":-2.53185},"geometry":{"type":"Polygon","coordinates":[[[-44.19297,-2.53283],[-44.19274,-2.53009],[-44.19071,-2.52948],[-44.19112,-2.52653],[-44.185,-2.52421],[-44.185,-2.528],[-44.1837,-2.5331],[-44.18882,-2.53707],[-44.19085,-2.53518],[-44.19297,-2.53283]]]}},{"type":"Feature","properties":{"id":656,"n":"Vila Sarney Filho II","mn":"São José de Ribamar","mi":2111201,"nl":2,"ap":1419,"cp":1170,"lx":-44.16557,"ly":-2.56369},"geometry":{"type":"Polygon","coordinates":[[[-44.17146,-2.5618],[-44.1706,-2.56],[-44.16501,-2.55937],[-44.15854,-2.56227],[-44.16179,-2.56588],[-44.16289,-2.57098],[-44.16437,-2.57193],[-44.1701,-2.56679],[-44.16959,-2.56491],[-44.17146,-2.5618]]]}},{"type":"Feature","properties":{"id":657,"n":"Vila Sao Luis","mn":"São José de Ribamar","mi":2111201,"nl":1,"ap":1306,"cp":1104,"lx":-44.18439,"ly":-2.56387},"geometry":{"type":"Polygon","coordinates":[[[-44.18733,-2.56267],[-44.18455,-2.56048],[-44.18248,-2.5616],[-44.17931,-2.56609],[-44.17988,-2.56771],[-44.18682,-2.56655],[-44.18733,-2.56267]]]}},{"type":"Feature","properties":{"id":658,"n":"Itapiraco","mn":"São José de Ribamar","mi":2111201,"nl":1,"ap":386,"cp":325,"lx":-44.18797,"ly":-2.51681},"geometry":{"type":"Polygon","coordinates":[[[-44.20071,-2.51948],[-44.1938,-2.51365],[-44.18676,-2.51271],[-44.18281,-2.51598],[-44.1836,-2.51613],[-44.1833,-2.5198],[-44.185,-2.5214],[-44.185,-2.52421],[-44.19112,-2.52653],[-44.1916,-2.5231],[-44.18961,-2.52298],[-44.18991,-2.52001],[-44.1951,-2.521],[-44.1995,-2.5227],[-44.20047,-2.52259],[-44.20071,-2.51948]]]}},{"type":"Feature","properties":{"id":659,"n":"Santana","mn":"São José de Ribamar","mi":2111201,"nl":1,"ap":340,"cp":261,"lx":-44.15266,"ly":-2.60351},"geometry":{"type":"Polygon","coordinates":[[[-44.16651,-2.59973],[-44.15048,-2.59251],[-44.14951,-2.5925],[-44.1323,-2.59717],[-44.1509,-2.61431],[-44.16302,-2.61524],[-44.16336,-2.6152],[-44.1632,-2.6133],[-44.1636,-2.6116],[-44.1618,-2.60769],[-44.1635,-2.6034],[-44.164,-2.6015],[-44.1653,-2.6003],[-44.16651,-2.59973]]]}},{"type":"Feature","properties":{"id":660,"n":"Guarapiranga","mn":"São José de Ribamar","mi":2111201,"nl":1,"ap":347,"cp":286,"lx":-44.14834,"ly":-2.67265},"geometry":{"type":"Polygon","coordinates":[[[-44.1825,-2.6923],[-44.1823,-2.69],[-44.1803,-2.6879],[-44.1774,-2.6865],[-44.171,-2.6824],[-44.1697,-2.6787],[-44.1701,-2.6766],[-44.17065,-2.67605],[-44.13854,-2.65317],[-44.12342,-2.65184],[-44.1241,-2.6542],[-44.1252,-2.655],[-44.1274,-2.6552],[-44.1288,-2.655],[-44.1306,-2.6555],[-44.1318,-2.65631],[-44.1325,-2.6578],[-44.134,-2.66319],[-44.1325,-2.6663],[-44.1325,-2.667],[-44.1351,-2.66801],[-44.1353,-2.669],[-44.1351,-2.6721],[-44.1368,-2.67341],[-44.1372,-2.6773],[-44.1371,-2.6809],[-44.138,-2.6818],[-44.1433,-2.6821],[-44.14659,-2.6827],[-44.1473,-2.6836],[-44.147,-2.6851],[-44.149,-2.6842],[-44.15281,-2.6845],[-44.1541,-2.6854],[-44.1582,-2.6887],[-44.1592,-2.69],[-44.1609,-2.6931],[-44.1625,-2.6968],[-44.1647,-2.6996],[-44.16881,-2.6997],[-44.1714,-2.7005],[-44.1727,-2.702],[-44.1757,-2.7021],[-44.1779,-2.6979],[-44.1815,-2.6938],[-44.1825,-2.6923]]]}},{"type":"Feature","properties":{"id":661,"n":"Parque Jair","mn":"São José de Ribamar","mi":2111201,"nl":2,"ap":2951,"cp":2436,"lx":-44.18446,"ly":-2.50429},"geometry":{"type":"Polygon","coordinates":[[[-44.1919,-2.50208],[-44.18924,-2.49443],[-44.18159,-2.49921],[-44.17937,-2.4994],[-44.1783,-2.5074],[-44.1788,-2.5095],[-44.18049,-2.50983],[-44.1797,-2.5155],[-44.18281,-2.51598],[-44.18676,-2.51271],[-44.19089,-2.50438],[-44.1919,-2.50208]]]}},{"type":"Feature","properties":{"id":662,"n":"Aracagy","mn":"São José de Ribamar","mi":2111201,"nl":2,"ap":4871,"cp":4063,"lx":-44.19935,"ly":-2.47341},"geometry":{"type":"Polygon","coordinates":[[[-44.2208,-2.4739],[-44.2188,-2.4717],[-44.2172,-2.471],[-44.2143,-2.4708],[-44.2105,-2.4697],[-44.2059,-2.4678],[-44.2044,-2.4663],[-44.2032,-2.4645],[-44.2007,-2.4639],[-44.193,-2.4632],[-44.18886,-2.46236],[-44.19237,-2.48269],[-44.20164,-2.48189],[-44.20679,-2.48316],[-44.21338,-2.48212],[-44.2137,-2.4803],[-44.2107,-2.47839],[-44.211,-2.47691],[-44.2117,-2.4764],[-44.2122,-2.47451],[-44.2145,-2.4745],[-44.21483,-2.47341],[-44.2187,-2.4744],[-44.2208,-2.4739]]]}},{"type":"Feature","properties":{"id":663,"n":"Jardim Aracagy","mn":"São José de Ribamar","mi":2111201,"nl":2,"ap":1123,"cp":974,"lx":-44.19915,"ly":-2.54524},"geometry":{"type":"Polygon","coordinates":[[[-44.20412,-2.54207],[-44.19908,-2.54092],[-44.19475,-2.54541],[-44.20176,-2.55315],[-44.20399,-2.55197],[-44.2023,-2.54408],[-44.20412,-2.54207]]]}},{"type":"Feature","properties":{"id":664,"n":"Cohatrac V","mn":"São José de Ribamar","mi":2111201,"nl":1,"ap":1269,"cp":1083,"lx":-44.20527,"ly":-2.54559},"geometry":{"type":"Polygon","coordinates":[[[-44.2091,-2.5432],[-44.20412,-2.54207],[-44.20229,-2.54406],[-44.20399,-2.55197],[-44.2075,-2.55115],[-44.20641,-2.55018],[-44.2071,-2.5476],[-44.2091,-2.5432]]]}},{"type":"Feature","properties":{"id":665,"n":"Vila Tamer","mn":"São José de Ribamar","mi":2111201,"nl":1,"ap":629,"cp":533,"lx":-44.18723,"ly":-2.48163},"geometry":{"type":"Polygon","coordinates":[[[-44.19237,-2.48269],[-44.18886,-2.46236],[-44.1837,-2.461],[-44.1838,-2.4641],[-44.182,-2.466],[-44.1814,-2.4743],[-44.1829,-2.47462],[-44.1826,-2.4791],[-44.18299,-2.4797],[-44.1817,-2.4819],[-44.1817,-2.48603],[-44.18798,-2.48814],[-44.19237,-2.48269]]]}},{"type":"Feature","properties":{"id":666,"n":"Alto do Turu I","mn":"São José de Ribamar","mi":2111201,"nl":2,"ap":3731,"cp":3124,"lx":-44.19493,"ly":-2.50714},"geometry":{"type":"Polygon","coordinates":[[[-44.20723,-2.50465],[-44.207,-2.5044],[-44.20681,-2.50378],[-44.1919,-2.50208],[-44.19089,-2.50438],[-44.18676,-2.51271],[-44.1938,-2.51365],[-44.19943,-2.50946],[-44.20723,-2.50465]]]}},{"type":"Feature","properties":{"id":667,"n":"Vila Alonso Costa","mn":"São José de Ribamar","mi":2111201,"nl":1,"ap":1151,"cp":946,"lx":-44.20803,"ly":-2.48704},"geometry":{"type":"Polygon","coordinates":[[[-44.21338,-2.48212],[-44.20679,-2.48316],[-44.19912,-2.49318],[-44.20659,-2.50309],[-44.2061,-2.5015],[-44.2055,-2.50079],[-44.2067,-2.49024],[-44.2104,-2.4913],[-44.21149,-2.48504],[-44.2128,-2.4854],[-44.21338,-2.48212]]]}},{"type":"Feature","properties":{"id":668,"n":"Jardim Tropical II","mn":"São José de Ribamar","mi":2111201,"nl":2,"ap":2568,"cp":2094,"lx":-44.1742,"ly":-2.5762},"geometry":{"type":"Polygon","coordinates":[[[-44.18056,-2.58256],[-44.17862,-2.57778],[-44.17991,-2.56878],[-44.17984,-2.56784],[-44.17189,-2.56972],[-44.17059,-2.5736],[-44.16726,-2.57474],[-44.16699,-2.57593],[-44.17062,-2.57981],[-44.18056,-2.58256]]]}},{"type":"Feature","properties":{"id":669,"n":"Vila Santa Terezinha","mn":"São José de Ribamar","mi":2111201,"nl":1,"ap":1093,"cp":899,"lx":-44.19542,"ly":-2.55729},"geometry":{"type":"Polygon","coordinates":[[[-44.20071,-2.55367],[-44.19148,-2.55529],[-44.19124,-2.55605],[-44.19351,-2.56108],[-44.19553,-2.56258],[-44.20071,-2.55367]]]}},{"type":"Feature","properties":{"id":670,"n":"Parque Sao Jose","mn":"São José de Ribamar","mi":2111201,"nl":1,"ap":691,"cp":607,"lx":-44.20064,"ly":-2.51369},"geometry":{"type":"Polygon","coordinates":[[[-44.21061,-2.50686],[-44.2091,-2.5066],[-44.20723,-2.50465],[-44.19943,-2.50946],[-44.1938,-2.51365],[-44.20071,-2.51948],[-44.20198,-2.51835],[-44.21061,-2.50686]]]}},{"type":"Feature","properties":{"id":671,"n":"Residencial Olimpo","mn":"São José de Ribamar","mi":2111201,"nl":1,"ap":412,"cp":339,"lx":-44.16407,"ly":-2.59208},"geometry":{"type":"Polygon","coordinates":[[[-44.17915,-2.58575],[-44.16591,-2.58579],[-44.16006,-2.58674],[-44.15048,-2.59251],[-44.16651,-2.59973],[-44.167,-2.5995],[-44.1683,-2.597],[-44.1716,-2.5918],[-44.1726,-2.5908],[-44.1773,-2.5886],[-44.17915,-2.58575]]]}},{"type":"Feature","properties":{"id":672,"n":"Vila Dr. Jose Silva","mn":"São José de Ribamar","mi":2111201,"nl":1,"ap":772,"cp":638,"lx":-44.12928,"ly":-2.55747},"geometry":{"type":"Polygon","coordinates":[[[-44.13481,-2.55911],[-44.13251,-2.55275],[-44.1297,-2.5522],[-44.1207,-2.54981],[-44.12065,-2.54994],[-44.12906,-2.56876],[-44.13481,-2.55911]]]}},{"type":"Feature","properties":{"id":673,"n":"Parque Aracagy","mn":"São José de Ribamar","mi":2111201,"nl":1,"ap":1171,"cp":979,"lx":-44.19655,"ly":-2.48789},"geometry":{"type":"Polygon","coordinates":[[[-44.20679,-2.48316],[-44.20164,-2.48189],[-44.19237,-2.48269],[-44.18798,-2.48814],[-44.18961,-2.49255],[-44.19912,-2.49318],[-44.20679,-2.48316]]]}},{"type":"Feature","properties":{"id":674,"n":"Itapari","mn":"São José de Ribamar","mi":2111201,"nl":1,"ap":567,"cp":457,"lx":-44.04975,"ly":-2.51732},"geometry":{"type":"Polygon","coordinates":[[[-44.06333,-2.51337],[-44.0631,-2.5104],[-44.0624,-2.5089],[-44.0591,-2.5046],[-44.0584,-2.5007],[-44.0584,-2.4973],[-44.0601,-2.4923],[-44.0609,-2.4891],[-44.0611,-2.4851],[-44.06062,-2.48089],[-44.03053,-2.53102],[-44.0314,-2.5318],[-44.0333,-2.5326],[-44.0341,-2.534],[-44.0344,-2.5362],[-44.03432,-2.5391],[-44.03848,-2.53848],[-44.05433,-2.52758],[-44.06013,-2.51843],[-44.05961,-2.51699],[-44.0605,-2.5158],[-44.06193,-2.51558],[-44.06333,-2.51337]]]}},{"type":"Feature","properties":{"id":675,"n":"Mirititiua","mn":"São José de Ribamar","mi":2111201,"nl":1,"ap":2745,"cp":2269,"lx":-44.07487,"ly":-2.55163},"geometry":{"type":"Polygon","coordinates":[[[-44.07949,-2.56117],[-44.07793,-2.54898],[-44.07529,-2.54607],[-44.07249,-2.54794],[-44.06964,-2.55177],[-44.07949,-2.56117]]]}},{"type":"Feature","properties":{"id":676,"n":"Jardim Alvorada","mn":"São José de Ribamar","mi":2111201,"nl":1,"ap":378,"cp":318,"lx":-44.19487,"ly":-2.54214},"geometry":{"type":"Polygon","coordinates":[[[-44.19908,-2.54092],[-44.1955,-2.54009],[-44.1954,-2.53969],[-44.19609,-2.5367],[-44.19397,-2.53859],[-44.19195,-2.54072],[-44.19279,-2.54181],[-44.1916,-2.5438],[-44.19207,-2.54473],[-44.19475,-2.54541],[-44.19908,-2.54092]]]}},{"type":"Feature","properties":{"id":677,"n":"Residencial Terra Livre","mn":"São José de Ribamar","mi":2111201,"nl":1,"ap":288,"cp":243,"lx":-44.20221,"ly":-2.52021},"geometry":{"type":"Polygon","coordinates":[[[-44.20935,-2.52157],[-44.20873,-2.52028],[-44.20198,-2.51835],[-44.20071,-2.51948],[-44.20047,-2.52259],[-44.2012,-2.5225],[-44.2034,-2.5213],[-44.20499,-2.5211],[-44.206,-2.5217],[-44.20935,-2.52157]]]}},{"type":"Feature","properties":{"id":678,"n":"Residencial Turiuba","mn":"São José de Ribamar","mi":2111201,"nl":2,"ap":2161,"cp":1730,"lx":-44.10026,"ly":-2.56676},"geometry":{"type":"Polygon","coordinates":[[[-44.11735,-2.60047],[-44.11012,-2.55808],[-44.10573,-2.55653],[-44.10237,-2.55505],[-44.09212,-2.5565],[-44.0837,-2.56833],[-44.0838,-2.5687],[-44.0853,-2.5707],[-44.0873,-2.5718],[-44.0888,-2.5721],[-44.0905,-2.5738],[-44.0928,-2.57471],[-44.0935,-2.5769],[-44.0935,-2.5808],[-44.0932,-2.5834],[-44.0922,-2.5876],[-44.0924,-2.5889],[-44.0937,-2.5912],[-44.0946,-2.5918],[-44.0984,-2.5933],[-44.1011,-2.5955],[-44.1023,-2.5971],[-44.1057,-2.6038],[-44.1046,-2.6082],[-44.10611,-2.60855],[-44.11735,-2.60047]]]}},{"type":"Feature","properties":{"id":679,"n":"Paraiso Rosa","mn":"São José de Ribamar","mi":2111201,"nl":1,"ap":663,"cp":549,"lx":-44.19483,"ly":-2.551},"geometry":{"type":"Polygon","coordinates":[[[-44.20176,-2.55315],[-44.19475,-2.54541],[-44.19207,-2.54473],[-44.19279,-2.54621],[-44.1922,-2.5473],[-44.19071,-2.55376],[-44.18971,-2.55346],[-44.19148,-2.55529],[-44.20071,-2.55367],[-44.20176,-2.55315]]]}},{"type":"Feature","properties":{"id":680,"n":"Vieira","mn":"São José de Ribamar","mi":2111201,"nl":1,"ap":1291,"cp":1040,"lx":-44.04124,"ly":-2.5471},"geometry":{"type":"Polygon","coordinates":[[[-44.05521,-2.55559],[-44.05481,-2.54976],[-44.04822,-2.5417],[-44.03848,-2.53848],[-44.03432,-2.5391],[-44.0343,-2.54],[-44.0337,-2.5429],[-44.034,-2.5499],[-44.0362,-2.5567],[-44.0382,-2.5575],[-44.0403,-2.5575],[-44.0417,-2.5565],[-44.0432,-2.5545],[-44.04679,-2.5542],[-44.0489,-2.5546],[-44.05272,-2.55666],[-44.05455,-2.55635],[-44.05521,-2.55559]]]}},{"type":"Feature","properties":{"id":681,"n":"Piçarreira","mn":"São José de Ribamar","mi":2111201,"nl":1,"ap":1351,"cp":1132,"lx":-44.1092,"ly":-2.55118},"geometry":{"type":"Polygon","coordinates":[[[-44.1207,-2.54981],[-44.1184,-2.5492],[-44.1165,-2.5479],[-44.1115,-2.5458],[-44.1077,-2.5447],[-44.10417,-2.54619],[-44.10237,-2.55505],[-44.10573,-2.55653],[-44.11012,-2.55808],[-44.1207,-2.54981]]]}},{"type":"Feature","properties":{"id":682,"n":"Residencial Nova Terra","mn":"São José de Ribamar","mi":2111201,"nl":2,"ap":3182,"cp":2578,"lx":-44.1429,"ly":-2.58435},"geometry":{"type":"Polygon","coordinates":[[[-44.15667,-2.56147],[-44.15579,-2.56068],[-44.14535,-2.56568],[-44.14354,-2.56899],[-44.12924,-2.587],[-44.12629,-2.5966],[-44.1323,-2.59717],[-44.14951,-2.5925],[-44.15612,-2.57591],[-44.15471,-2.57097],[-44.15667,-2.56147]]]}},{"type":"Feature","properties":{"id":683,"n":"Residencial Canudos","mn":"São José de Ribamar","mi":2111201,"nl":1,"ap":2397,"cp":2056,"lx":-44.21064,"ly":-2.51526},"geometry":{"type":"Polygon","coordinates":[[[-44.2135,-2.5214],[-44.211,-2.51929],[-44.2121,-2.5144],[-44.21071,-2.51279],[-44.2126,-2.5072],[-44.21061,-2.50686],[-44.21049,-2.50708],[-44.20873,-2.52028],[-44.20935,-2.52157],[-44.2135,-2.5214]]]}},{"type":"Feature","properties":{"id":684,"n":"Bairro Três Poderes","mn":"Santa Luzia","mi":2110005,"nl":1,"ap":2858,"cp":2245,"lx":-45.65393,"ly":-3.97131},"geometry":{"type":"Polygon","coordinates":[[[-45.65908,-3.96934],[-45.65845,-3.96764],[-45.65174,-3.96694],[-45.63469,-4.0127],[-45.63512,-4.01342],[-45.65908,-3.96934]]]}},{"type":"Feature","properties":{"id":685,"n":"Centro","mn":"Santa Luzia","mi":2110005,"nl":6,"ap":11799,"cp":9418,"lx":-45.63003,"ly":-3.97819},"geometry":{"type":"Polygon","coordinates":[[[-45.67215,-3.95324],[-45.66634,-3.95512],[-45.63834,-3.93938],[-45.6333,-3.94642],[-45.62478,-3.95297],[-45.61191,-3.97753],[-45.6153,-3.98726],[-45.63469,-4.0127],[-45.65173,-3.96697],[-45.65846,-3.96765],[-45.65907,-3.96936],[-45.63512,-4.01342],[-45.64089,-4.02407],[-45.6645,-4.00179],[-45.66438,-3.96954],[-45.67012,-3.9679],[-45.67215,-3.95324]],[[-45.64501,-3.95523],[-45.64506,-3.95517],[-45.65973,-3.95974],[-45.65181,-3.96642],[-45.64501,-3.95523]]]}},{"type":"Feature","properties":{"id":686,"n":"Povoado Esperantina","mn":"Santa Luzia","mi":2110005,"nl":2,"ap":1712,"cp":1247,"lx":-45.78679,"ly":-4.02367},"geometry":{"type":"Polygon","coordinates":[[[-45.83488,-4.00703],[-45.8009,-3.99381],[-45.76067,-3.97618],[-45.74986,-3.9777],[-45.74757,-3.99547],[-45.75816,-4.04604],[-45.75907,-4.05322],[-45.78966,-4.08199],[-45.83488,-4.00703]]]}},{"type":"Feature","properties":{"id":687,"n":"Povoado Floresta","mn":"Santa Luzia","mi":2110005,"nl":1,"ap":1957,"cp":1486,"lx":-45.89366,"ly":-4.0758},"geometry":{"type":"Polygon","coordinates":[[[-45.92277,-4.11525],[-45.92277,-4.11525],[-45.92145,-3.97702],[-45.90794,-3.984],[-45.85312,-4.09299],[-45.92277,-4.11525]]]}},{"type":"Feature","properties":{"id":688,"n":"Povoado Maguary","mn":"Santa Luzia","mi":2110005,"nl":1,"ap":528,"cp":410,"lx":-45.62629,"ly":-3.93306},"geometry":{"type":"Polygon","coordinates":[[[-45.64364,-3.92696],[-45.64364,-3.92696],[-45.59995,-3.90302],[-45.5982,-3.9153],[-45.59688,-3.91778],[-45.62478,-3.95297],[-45.6333,-3.94642],[-45.63834,-3.93938],[-45.64364,-3.92696]]]}},{"type":"Feature","properties":{"id":689,"n":"Povoado Barraca Cercada","mn":"Santa Luzia","mi":2110005,"nl":1,"ap":105,"cp":90,"lx":-45.60699,"ly":-4.01729},"geometry":{"type":"Polygon","coordinates":[[[-45.64096,-4.02573],[-45.64089,-4.02407],[-45.63469,-4.0127],[-45.6153,-3.98726],[-45.5679,-4.00589],[-45.5679,-4.0139],[-45.5691,-4.0158],[-45.572,-4.019],[-45.5734,-4.01992],[-45.573,-4.0218],[-45.5707,-4.0232],[-45.5699,-4.0249],[-45.571,-4.02831],[-45.5691,-4.0337],[-45.56756,-4.03659],[-45.61591,-4.04337],[-45.63177,-4.03473],[-45.64096,-4.02573]]]}},{"type":"Feature","properties":{"id":690,"n":"Povoado Duas Barracas","mn":"Santa Luzia","mi":2110005,"nl":1,"ap":177,"cp":153,"lx":-45.85054,"ly":-4.18189},"geometry":{"type":"Polygon","coordinates":[[[-45.90514,-4.159],[-45.81109,-4.11994],[-45.80414,-4.12009],[-45.79211,-4.14836],[-45.78412,-4.18271],[-45.86204,-4.24452],[-45.87633,-4.23233],[-45.90514,-4.159]]]}},{"type":"Feature","properties":{"id":691,"n":"Povoado Centro do Adão","mn":"Santa Luzia","mi":2110005,"nl":1,"ap":206,"cp":171,"lx":-45.77523,"ly":-4.11767},"geometry":{"type":"Polygon","coordinates":[[[-45.80414,-4.12009],[-45.78957,-4.09143],[-45.71162,-4.09907],[-45.72211,-4.12749],[-45.79211,-4.14836],[-45.80414,-4.12009]]]}},{"type":"Feature","properties":{"id":692,"n":"Povoado Sumauma","mn":"Santa Luzia","mi":2110005,"nl":1,"ap":250,"cp":215,"lx":-45.5831,"ly":-4.06162},"geometry":{"type":"Polygon","coordinates":[[[-45.61591,-4.04337],[-45.56756,-4.03659],[-45.5674,-4.0369],[-45.5683,-4.0398],[-45.56751,-4.04208],[-45.565,-4.0418],[-45.5611,-4.0457],[-45.5611,-4.0495],[-45.5601,-4.05639],[-45.55841,-4.06018],[-45.5553,-4.0604],[-45.5538,-4.0594],[-45.5526,-4.0575],[-45.5513,-4.0575],[-45.5508,-4.059],[-45.5516,-4.0649],[-45.5547,-4.0661],[-45.5583,-4.0657],[-45.56089,-4.0665],[-45.5609,-4.0696],[-45.5613,-4.0769],[-45.5622,-4.0808],[-45.5638,-4.0801],[-45.5654,-4.0809],[-45.5683,-4.0882],[-45.57079,-4.08921],[-45.5705,-4.0927],[-45.5722,-4.09651],[-45.5714,-4.09829],[-45.5702,-4.0987],[-45.569,-4.1007],[-45.5711,-4.1028],[-45.5768,-4.1065],[-45.581,-4.1098],[-45.58079,-4.11268],[-45.5787,-4.1125],[-45.5768,-4.1144],[-45.5782,-4.117],[-45.57937,-4.11732],[-45.58465,-4.11543],[-45.61591,-4.04337]]]}},{"type":"Feature","properties":{"id":693,"n":"Povoado Sentada","mn":"Santa Luzia","mi":2110005,"nl":1,"ap":142,"cp":115,"lx":-45.70606,"ly":-4.13089},"geometry":{"type":"Polygon","coordinates":[[[-45.72211,-4.12749],[-45.71162,-4.09907],[-45.69717,-4.09223],[-45.69097,-4.09799],[-45.6905,-4.21593],[-45.70312,-4.22054],[-45.70674,-4.21794],[-45.72211,-4.12749]]]}},{"type":"Feature","properties":{"id":694,"n":"Povoado Santo Onofre","mn":"Santa Luzia","mi":2110005,"nl":1,"ap":2216,"cp":1723,"lx":-46.01691,"ly":-4.16005},"geometry":{"type":"Polygon","coordinates":[[[-46.06426,-4.10357],[-46.06202,-4.09433],[-45.96689,-4.16625],[-46.03181,-4.1941],[-46.06426,-4.10357]]]}},{"type":"Feature","properties":{"id":695,"n":"Povoado Brejo dos Caboclos","mn":"Santa Luzia","mi":2110005,"nl":1,"ap":778,"cp":584,"lx":-45.99803,"ly":-4.21239},"geometry":{"type":"Polygon","coordinates":[[[-46.03599,-4.214],[-46.03181,-4.1941],[-45.96689,-4.16625],[-45.96293,-4.16666],[-45.97172,-4.24281],[-45.97862,-4.24807],[-46.03052,-4.23478],[-46.03599,-4.214]]]}},{"type":"Feature","properties":{"id":696,"n":"Povoado Maria Ferreira","mn":"Santa Luzia","mi":2110005,"nl":1,"ap":592,"cp":466,"lx":-45.75659,"ly":-3.92586},"geometry":{"type":"Polygon","coordinates":[[[-45.79097,-3.91834],[-45.77424,-3.89558],[-45.72112,-3.90257],[-45.74346,-3.97498],[-45.74986,-3.9777],[-45.76067,-3.97618],[-45.79097,-3.91834]]]}},{"type":"Feature","properties":{"id":697,"n":"Povoado Centro do Dioclécio","mn":"Santa Luzia","mi":2110005,"nl":1,"ap":319,"cp":247,"lx":-45.76014,"ly":-3.82334},"geometry":{"type":"Polygon","coordinates":[[[-45.84286,-3.81747],[-45.839,-3.8167],[-45.8363,-3.8167],[-45.8335,-3.8178],[-45.8298,-3.8183],[-45.8268,-3.8191],[-45.823,-3.8191],[-45.8189,-3.8204],[-45.8171,-3.82],[-45.8093,-3.8193],[-45.8075,-3.8226],[-45.80888,-3.82381],[-45.8073,-3.8252],[-45.8064,-3.82528],[-45.8059,-3.8233],[-45.8045,-3.8218],[-45.803,-3.8214],[-45.8024,-3.8226],[-45.7994,-3.8259],[-45.796,-3.8271],[-45.7918,-3.8272],[-45.7893,-3.8295],[-45.78671,-3.83309],[-45.7854,-3.8331],[-45.7805,-3.8298],[-45.7773,-3.8274],[-45.775,-3.8246],[-45.77241,-3.8231],[-45.7723,-3.8212],[-45.7707,-3.8175],[-45.76881,-3.81531],[-45.7695,-3.813],[-45.7687,-3.8093],[-45.7703,-3.8039],[-45.7707,-3.7986],[-45.7683,-3.7964],[-45.7666,-3.7956],[-45.7651,-3.7925],[-45.757,-3.792],[-45.751,-3.7942],[-45.7496,-3.7964],[-45.7497,-3.7998],[-45.7494,-3.80269],[-45.748,-3.8048],[-45.7495,-3.8075],[-45.7509,-3.8113],[-45.75049,-3.8161],[-45.74929,-3.81639],[-45.74621,-3.81401],[-45.7456,-3.8123],[-45.7435,-3.8134],[-45.7416,-3.8137],[-45.7397,-3.8131],[-45.7363,-3.8131],[-45.7339,-3.8124],[-45.7302,-3.8119],[-45.72528,-3.81166],[-45.72477,-3.82781],[-45.78908,-3.84183],[-45.84286,-3.81747]]]}},{"type":"Feature","properties":{"id":698,"n":"Povoado Roça Grande","mn":"Santa Luzia","mi":2110005,"nl":1,"ap":312,"cp":250,"lx":-45.70563,"ly":-3.93574},"geometry":{"type":"Polygon","coordinates":[[[-45.74346,-3.97498],[-45.72112,-3.90257],[-45.71964,-3.90157],[-45.67846,-3.91422],[-45.68212,-3.94666],[-45.70754,-3.97505],[-45.72703,-3.97763],[-45.74346,-3.97498]]]}},{"type":"Feature","properties":{"id":699,"n":"Povoado São José do Amancio","mn":"Santa Luzia","mi":2110005,"nl":1,"ap":237,"cp":178,"lx":-45.65124,"ly":-3.79986},"geometry":{"type":"Polygon","coordinates":[[[-45.72528,-3.81166],[-45.71832,-3.8095],[-45.7182,-3.8078],[-45.7156,-3.8046],[-45.7109,-3.804],[-45.70429,-3.8029],[-45.699,-3.7996],[-45.6975,-3.7979],[-45.6953,-3.7941],[-45.6909,-3.7905],[-45.6879,-3.79],[-45.68581,-3.78831],[-45.6857,-3.7845],[-45.6843,-3.7819],[-45.6835,-3.7779],[-45.6834,-3.771],[-45.6822,-3.7669],[-45.6786,-3.7624],[-45.6783,-3.7579],[-45.6747,-3.7554],[-45.6726,-3.7495],[-45.6703,-3.7466],[-45.666,-3.7456],[-45.6583,-3.7457],[-45.6559,-3.7463],[-45.654,-3.7452],[-45.65289,-3.74529],[-45.6512,-3.744],[-45.6502,-3.7424],[-45.6488,-3.7414],[-45.6468,-3.7416],[-45.6455,-3.7411],[-45.6421,-3.7382],[-45.6416,-3.7371],[-45.63968,-3.73957],[-45.6373,-3.7365],[-45.6367,-3.73501],[-45.6371,-3.7303],[-45.6359,-3.7296],[-45.6326,-3.7297],[-45.6316,-3.7313],[-45.629,-3.7316],[-45.62561,-3.73339],[-45.6243,-3.7329],[-45.61075,-3.82709],[-45.6293,-3.83616],[-45.71394,-3.83699],[-45.72477,-3.82781],[-45.72528,-3.81166]]]}},{"type":"Feature","properties":{"id":700,"n":"Povoado Cajá","mn":"Santa Luzia","mi":2110005,"nl":1,"ap":226,"cp":179,"lx":-45.68366,"ly":-3.8697},"geometry":{"type":"Polygon","coordinates":[[[-45.71964,-3.90157],[-45.71394,-3.83699],[-45.6293,-3.83616],[-45.66762,-3.91028],[-45.67846,-3.91422],[-45.71964,-3.90157]]]}},{"type":"Feature","properties":{"id":701,"n":"Sem Bairro","mn":"Santa Luzia","mi":2110005,"nl":13,"ap":2506,"cp":1973,"lx":-45.99201,"ly":-4.06014},"geometry":{"type":"MultiPolygon","coordinates":[[[[-45.66762,-3.91028],[-45.6293,-3.83616],[-45.61075,-3.82709],[-45.59995,-3.90302],[-45.64364,-3.92696],[-45.66762,-3.91028]]],[[[-45.69717,-4.09223],[-45.69237,-4.05812],[-45.68417,-4.04976],[-45.64096,-4.02573],[-45.63177,-4.03473],[-45.64519,-4.11755],[-45.69097,-4.09799],[-45.69717,-4.09223]]],[[[-46.0761,-4.01795],[-46.0504,-4.0],[-46.0427,-3.9977],[-46.0298,-3.9959],[-46.0169,-3.9951],[-46.0006,-3.9904],[-45.9971,-3.9887],[-45.9927,-3.9874],[-45.9842,-3.9843],[-45.9792,-3.9815],[-45.9743,-3.9766],[-45.9717,-3.9736],[-45.9674,-3.9704],[-45.9616,-3.9691],[-45.9556,-3.9686],[-45.9508,-3.9668],[-45.9448,-3.9636],[-45.9322,-3.9539],[-45.9279,-3.952],[-45.9232,-3.9453],[-45.9204,-3.9451],[-45.91281,-3.94151],[-45.9119,-3.9394],[-45.9106,-3.9394],[-45.90543,-3.9381],[-45.9072,-3.9339],[-45.9097,-3.9317],[-45.9098,-3.9303],[-45.9087,-3.92959],[-45.9088,-3.9261],[-45.908,-3.9245],[-45.9065,-3.9228],[-45.90624,-3.92148],[-45.79097,-3.91834],[-45.76067,-3.97618],[-45.8009,-3.99381],[-45.83486,-4.00703],[-45.78966,-4.08199],[-45.78957,-4.09143],[-45.80414,-4.12009],[-45.8111,-4.11994],[-45.90512,-4.15901],[-45.87633,-4.23233],[-45.97172,-4.24281],[-45.96294,-4.16668],[-45.96689,-4.16624],[-46.06202,-4.09433],[-46.06205,-4.07591],[-46.0761,-4.01795]],[[-45.85316,-4.09301],[-45.90794,-3.98401],[-45.92143,-3.97705],[-45.92276,-4.11521],[-45.85316,-4.09301]]],[[[-46.06249,-4.34965],[-45.97016,-4.30597],[-45.8855,-4.35327],[-45.88022,-4.40203],[-45.91359,-4.41473],[-45.96892,-4.52316],[-45.99642,-4.50611],[-46.0006,-4.41355],[-46.02779,-4.40618],[-46.06249,-4.34965]]],[[[-46.20476,-4.7408],[-46.14873,-4.7098],[-46.04222,-4.74579],[-46.10215,-4.83221],[-46.1027,-4.832],[-46.1025,-4.8303],[-46.1027,-4.822],[-46.1041,-4.8139],[-46.1056,-4.8115],[-46.108,-4.8111],[-46.1105,-4.8095],[-46.1129,-4.8034],[-46.1151,-4.8004],[-46.1192,-4.7985],[-46.12709,-4.797],[-46.1307,-4.7982],[-46.132,-4.7976],[-46.1323,-4.7964],[-46.1314,-4.7934],[-46.1314,-4.79101],[-46.13201,-4.7902],[-46.1407,-4.7861],[-46.1694,-4.7702],[-46.194,-4.757],[-46.2018,-4.7525],[-46.2027,-4.7503],[-46.20476,-4.7408]]],[[[-46.2738,-4.3017],[-46.17966,-4.1625],[-46.1736,-4.16584],[-46.13987,-4.27445],[-46.14233,-4.30064],[-46.13976,-4.30591],[-46.22361,-4.39216],[-46.2234,-4.3904],[-46.2251,-4.3876],[-46.226,-4.3856],[-46.2283,-4.3842],[-46.2336,-4.3816],[-46.2346,-4.3799],[-46.2409,-4.3738],[-46.2462,-4.3593],[-46.2646,-4.30771],[-46.2687,-4.3052],[-46.2713,-4.3031],[-46.2738,-4.3017]]]]}},{"type":"Feature","properties":{"id":702,"n":"Gavião Velho","mn":"Santa Luzia","mi":2110005,"nl":1,"ap":257,"cp":198,"lx":-45.73421,"ly":-3.99166},"geometry":{"type":"Polygon","coordinates":[[[-45.74986,-3.9777],[-45.74346,-3.97498],[-45.72703,-3.97763],[-45.68417,-4.04976],[-45.69237,-4.05812],[-45.71235,-4.05031],[-45.74757,-3.99547],[-45.74986,-3.9777]]]}},{"type":"Feature","properties":{"id":703,"n":"Povoado São João da Mata","mn":"Santa Luzia","mi":2110005,"nl":1,"ap":139,"cp":120,"lx":-45.61936,"ly":-4.16407},"geometry":{"type":"Polygon","coordinates":[[[-45.66091,-4.1972],[-45.637,-4.12588],[-45.58465,-4.11543],[-45.57937,-4.11732],[-45.58106,-4.11782],[-45.5782,-4.1208],[-45.5795,-4.1228],[-45.5827,-4.124],[-45.58538,-4.12631],[-45.5839,-4.1278],[-45.5813,-4.1291],[-45.58,-4.1304],[-45.5798,-4.1366],[-45.5802,-4.14],[-45.58117,-4.1417],[-45.5799,-4.1421],[-45.576,-4.1425],[-45.5728,-4.1421],[-45.5781,-4.1502],[-45.5819,-4.1516],[-45.587,-4.1555],[-45.59139,-4.1586],[-45.59,-4.1619],[-45.5884,-4.1643],[-45.5882,-4.1743],[-45.5859,-4.1791],[-45.5873,-4.1806],[-45.5898,-4.1805],[-45.591,-4.1819],[-45.5921,-4.1855],[-45.5921,-4.1884],[-45.5947,-4.19021],[-45.595,-4.196],[-45.5976,-4.196],[-45.602,-4.1979],[-45.6037,-4.1977],[-45.6067,-4.1951],[-45.6094,-4.1939],[-45.6134,-4.1931],[-45.6155,-4.1946],[-45.618,-4.1951],[-45.6197,-4.1934],[-45.6216,-4.1926],[-45.62629,-4.1924],[-45.6303,-4.1942],[-45.6342,-4.1943],[-45.6379,-4.1964],[-45.6394,-4.1964],[-45.6403,-4.1952],[-45.6394,-4.19439],[-45.6395,-4.19251],[-45.6417,-4.1921],[-45.6423,-4.1915],[-45.6416,-4.1888],[-45.6415,-4.1862],[-45.6421,-4.1838],[-45.64331,-4.18251],[-45.6466,-4.1845],[-45.6491,-4.1875],[-45.65,-4.1895],[-45.6518,-4.19001],[-45.652,-4.1911],[-45.6537,-4.1927],[-45.6542,-4.1949],[-45.6558,-4.1955],[-45.6586,-4.1975],[-45.66091,-4.1972]]]}},{"type":"Feature","properties":{"id":704,"n":"Povoado Arapary","mn":"Santa Luzia","mi":2110005,"nl":1,"ap":264,"cp":216,"lx":-46.00198,"ly":-4.53991},"geometry":{"type":"Polygon","coordinates":[[[-46.0584,-4.5428],[-46.03259,-4.5034],[-45.99642,-4.50611],[-45.96892,-4.52316],[-45.95994,-4.55428],[-45.98291,-4.58837],[-46.0584,-4.5428]]]}},{"type":"Feature","properties":{"id":705,"n":"Povoado São Raimundo da Piaba","mn":"Santa Luzia","mi":2110005,"nl":1,"ap":338,"cp":271,"lx":-45.81279,"ly":-3.88491},"geometry":{"type":"Polygon","coordinates":[[[-45.90624,-3.92148],[-45.906,-3.9203],[-45.9033,-3.91879],[-45.90301,-3.91719],[-45.9051,-3.9143],[-45.9045,-3.9117],[-45.9014,-3.9036],[-45.8984,-3.8998],[-45.8948,-3.8975],[-45.8938,-3.896],[-45.8915,-3.8952],[-45.8883,-3.8948],[-45.88461,-3.8939],[-45.8828,-3.891],[-45.8805,-3.8912],[-45.8792,-3.8898],[-45.8758,-3.89249],[-45.8719,-3.8887],[-45.8686,-3.8883],[-45.865,-3.8886],[-45.863,-3.8874],[-45.8608,-3.8869],[-45.8581,-3.8857],[-45.8554,-3.8863],[-45.85319,-3.88739],[-45.8524,-3.887],[-45.8514,-3.8853],[-45.8486,-3.88379],[-45.8483,-3.8824],[-45.8464,-3.87999],[-45.8464,-3.8787],[-45.8471,-3.8766],[-45.8472,-3.8745],[-45.84502,-3.87329],[-45.8462,-3.8712],[-45.8476,-3.868],[-45.8472,-3.8655],[-45.84431,-3.8607],[-45.8461,-3.857],[-45.8448,-3.8539],[-45.8427,-3.8498],[-45.8418,-3.8463],[-45.8428,-3.839],[-45.8463,-3.8349],[-45.8437,-3.8314],[-45.84151,-3.82731],[-45.8439,-3.8233],[-45.84301,-3.8198],[-45.845,-3.8179],[-45.84286,-3.81747],[-45.78908,-3.84183],[-45.77424,-3.89558],[-45.79097,-3.91834],[-45.90624,-3.92148]]]}},{"type":"Feature","properties":{"id":706,"n":"Povoado Tamboril","mn":"Santa Luzia","mi":2110005,"nl":1,"ap":192,"cp":167,"lx":-45.66609,"ly":-4.1354},"geometry":{"type":"Polygon","coordinates":[[[-45.69097,-4.09799],[-45.64519,-4.11755],[-45.637,-4.12588],[-45.66091,-4.1972],[-45.66171,-4.19711],[-45.6645,-4.1988],[-45.6669,-4.2043],[-45.6702,-4.2096],[-45.67211,-4.2092],[-45.6905,-4.21593],[-45.69097,-4.09799]]]}},{"type":"Feature","properties":{"id":707,"n":"Povoado Santo Antonio da Boiada","mn":"Santa Luzia","mi":2110005,"nl":1,"ap":211,"cp":172,"lx":-45.83848,"ly":-4.28929},"geometry":{"type":"Polygon","coordinates":[[[-45.86951,-4.31497],[-45.85948,-4.25914],[-45.7972,-4.27063],[-45.7972,-4.2719],[-45.8008,-4.2809],[-45.801,-4.28229],[-45.8002,-4.2838],[-45.8004,-4.2851],[-45.7998,-4.28679],[-45.7983,-4.2883],[-45.7989,-4.29],[-45.7984,-4.2919],[-45.8002,-4.2929],[-45.80109,-4.29469],[-45.7998,-4.2954],[-45.79939,-4.2966],[-45.797,-4.2973],[-45.796,-4.299],[-45.7964,-4.301],[-45.7961,-4.3024],[-45.7944,-4.3041],[-45.7929,-4.3049],[-45.7916,-4.3063],[-45.7914,-4.3075],[-45.79489,-4.3102],[-45.79529,-4.31198],[-45.7938,-4.3131],[-45.79308,-4.31547],[-45.86951,-4.31497]]]}},{"type":"Feature","properties":{"id":708,"n":"Povoado Aldeia","mn":"Santa Luzia","mi":2110005,"nl":1,"ap":209,"cp":161,"lx":-45.7803,"ly":-4.21774},"geometry":{"type":"Polygon","coordinates":[[[-45.86204,-4.24452],[-45.78412,-4.18271],[-45.70674,-4.21794],[-45.70312,-4.22054],[-45.7227,-4.2277],[-45.7308,-4.2304],[-45.7314,-4.23031],[-45.733,-4.2327],[-45.7352,-4.2344],[-45.737,-4.2376],[-45.7384,-4.2385],[-45.7442,-4.238],[-45.7468,-4.2389],[-45.7493,-4.2402],[-45.75259,-4.2386],[-45.75459,-4.2391],[-45.7564,-4.2414],[-45.7589,-4.2418],[-45.75979,-4.2424],[-45.761,-4.246],[-45.7641,-4.2468],[-45.7665,-4.2463],[-45.76851,-4.24531],[-45.772,-4.2477],[-45.7733,-4.249],[-45.774,-4.251],[-45.7753,-4.2518],[-45.7767,-4.2513],[-45.778,-4.24901],[-45.77888,-4.24871],[-45.7803,-4.2504],[-45.7824,-4.2503],[-45.7849,-4.2523],[-45.7859,-4.25231],[-45.7869,-4.2544],[-45.7898,-4.25641],[-45.791,-4.2581],[-45.7913,-4.2595],[-45.7922,-4.2607],[-45.7925,-4.2632],[-45.7932,-4.2644],[-45.7958,-4.2658],[-45.7964,-4.2669],[-45.7972,-4.27063],[-45.85948,-4.25914],[-45.86204,-4.24452]]]}},{"type":"Feature","properties":{"id":709,"n":"Povoado Boa Esperança Manoel Braga","mn":"Santa Luzia","mi":2110005,"nl":1,"ap":599,"cp":491,"lx":-45.59179,"ly":-3.98201},"geometry":{"type":"Polygon","coordinates":[[[-45.6153,-3.98726],[-45.61191,-3.97753],[-45.5802,-3.96062],[-45.578,-3.98748],[-45.5614,-3.9872],[-45.5646,-3.99],[-45.5646,-3.992],[-45.5633,-3.9931],[-45.5636,-3.9944],[-45.5647,-3.9957],[-45.5651,-4.0003],[-45.5667,-4.00171],[-45.5679,-4.0041],[-45.5679,-4.00589],[-45.6153,-3.98726]]]}},{"type":"Feature","properties":{"id":710,"n":"Povoado Baixão","mn":"Santa Luzia","mi":2110005,"nl":1,"ap":125,"cp":91,"lx":-45.91207,"ly":-4.28393},"geometry":{"type":"Polygon","coordinates":[[[-45.97862,-4.24807],[-45.97172,-4.24281],[-45.87633,-4.23233],[-45.86204,-4.24452],[-45.85948,-4.25914],[-45.86951,-4.31496],[-45.8855,-4.35327],[-45.97016,-4.30597],[-45.97862,-4.24807]]]}},{"type":"Feature","properties":{"id":711,"n":"Povoado Campo Grande","mn":"Santa Luzia","mi":2110005,"nl":1,"ap":428,"cp":314,"lx":-45.84388,"ly":-4.3586},"geometry":{"type":"Polygon","coordinates":[[[-45.8855,-4.35327],[-45.86951,-4.31497],[-45.79308,-4.31547],[-45.7929,-4.3175],[-45.7932,-4.3219],[-45.7926,-4.3227],[-45.7902,-4.3241],[-45.7909,-4.3272],[-45.7906,-4.3285],[-45.791,-4.3319],[-45.7912,-4.3363],[-45.7922,-4.3377],[-45.7954,-4.3396],[-45.7961,-4.3411],[-45.7961,-4.3429],[-45.7979,-4.3442],[-45.7986,-4.3454],[-45.8013,-4.3457],[-45.8027,-4.3479],[-45.80259,-4.34861],[-45.7994,-4.3518],[-45.7988,-4.3532],[-45.7989,-4.3561],[-45.7999,-4.3577],[-45.7999,-4.35909],[-45.7984,-4.3616],[-45.7987,-4.3635],[-45.8032,-4.36631],[-45.8041,-4.368],[-45.804,-4.3701],[-45.8054,-4.3715],[-45.8059,-4.3727],[-45.8059,-4.3745],[-45.804,-4.3783],[-45.8037,-4.38],[-45.8044,-4.3821],[-45.8062,-4.3836],[-45.80761,-4.3839],[-45.81651,-4.38881],[-45.8175,-4.39071],[-45.8161,-4.3961],[-45.816,-4.398],[-45.8147,-4.4031],[-45.8146,-4.4046],[-45.8164,-4.4076],[-45.8192,-4.4091],[-45.8197,-4.4105],[-45.82149,-4.41239],[-45.8213,-4.4134],[-45.823,-4.4134],[-45.82498,-4.4146],[-45.8245,-4.4158],[-45.82609,-4.4177],[-45.8257,-4.419],[-45.8264,-4.4218],[-45.8258,-4.4232],[-45.8246,-4.424],[-45.8242,-4.42579],[-45.8232,-4.426],[-45.8223,-4.42757],[-45.8208,-4.4259],[-45.8194,-4.4253],[-45.8133,-4.4252],[-45.8117,-4.426],[-45.8116,-4.4274],[-45.8104,-4.4285],[-45.8059,-4.4301],[-45.8051,-4.4325],[-45.8035,-4.4334],[-45.80309,-4.4359],[-45.7998,-4.4373],[-45.7992,-4.4382],[-45.7998,-4.4401],[-45.7992,-4.44229],[-45.7949,-4.4447],[-45.7937,-4.4459],[-45.7934,-4.4483],[-45.7919,-4.4505],[-45.7907,-4.4516],[-45.79,-4.4534],[-45.7905,-4.456],[-45.7896,-4.458],[-45.7895,-4.4591],[-45.7913,-4.4635],[-45.7914,-4.46619],[-45.7903,-4.4678],[-45.79022,-4.46923],[-45.88022,-4.40203],[-45.8855,-4.35327]]]}},{"type":"Feature","properties":{"id":712,"n":"Povoado Campinho","mn":"Santa Luzia","mi":2110005,"nl":1,"ap":102,"cp":79,"lx":-45.95351,"ly":-4.60808},"geometry":{"type":"Polygon","coordinates":[[[-46.0008,-4.72619],[-45.98291,-4.58837],[-45.95994,-4.55428],[-45.72265,-4.54479],[-45.7214,-4.5459],[-45.7199,-4.5463],[-45.7158,-4.5494],[-45.713,-4.55289],[-45.7117,-4.5534],[-45.7085,-4.559],[-45.7143,-4.5591],[-45.8388,-4.5591],[-45.92008,-4.55861],[-45.9221,-4.6157],[-45.9232,-4.6192],[-45.9256,-4.6231],[-45.926,-4.6245],[-45.9259,-4.6277],[-45.9253,-4.6292],[-45.9248,-4.6328],[-45.9254,-4.6369],[-45.9264,-4.6403],[-45.9265,-4.6439],[-45.9274,-4.6481],[-45.9276,-4.651],[-45.9269,-4.6556],[-45.9276,-4.6601],[-45.9283,-4.6617],[-45.9313,-4.6636],[-45.934,-4.6638],[-45.9357,-4.6646],[-45.9367,-4.6657],[-45.9383,-4.6688],[-45.9411,-4.67],[-45.9454,-4.6708],[-45.94841,-4.67081],[-45.9497,-4.6716],[-45.9523,-4.674],[-45.9555,-4.6756],[-45.9584,-4.6786],[-45.9594,-4.6812],[-45.9596,-4.6846],[-45.9602,-4.6881],[-45.9599,-4.6895],[-45.9588,-4.6906],[-45.9582,-4.6938],[-45.9585,-4.6957],[-45.9583,-4.6987],[-45.9602,-4.7004],[-45.9627,-4.7031],[-45.9644,-4.7072],[-45.96631,-4.70451],[-45.9681,-4.7052],[-45.9701,-4.7068],[-45.9706,-4.7079],[-45.9705,-4.7104],[-45.9714,-4.712],[-45.9721,-4.7142],[-45.973,-4.71531],[-45.975,-4.7235],[-45.9758,-4.7249],[-45.9777,-4.7267],[-45.979,-4.7275],[-45.9853,-4.7286],[-45.9864,-4.7297],[-45.98694,-4.73102],[-46.0008,-4.72619]]]}},{"type":"Feature","properties":{"id":713,"n":"Povoado Centro do Hermogenes","mn":"Santa Luzia","mi":2110005,"nl":1,"ap":73,"cp":59,"lx":-45.74642,"ly":-4.16626},"geometry":{"type":"Polygon","coordinates":[[[-45.79211,-4.14836],[-45.72211,-4.12749],[-45.70674,-4.21795],[-45.78412,-4.18271],[-45.79211,-4.14836]]]}},{"type":"Feature","properties":{"id":714,"n":"Povoado Ferro Velho","mn":"Santa Luzia","mi":2110005,"nl":1,"ap":1901,"cp":1493,"lx":-46.13339,"ly":-4.19319},"geometry":{"type":"Polygon","coordinates":[[[-46.1736,-4.16584],[-46.10987,-4.16088],[-46.10162,-4.19716],[-46.13987,-4.27445],[-46.1736,-4.16584]]]}},{"type":"Feature","properties":{"id":715,"n":"Povoado Bolero","mn":"Santa Luzia","mi":2110005,"nl":1,"ap":171,"cp":119,"lx":-45.719,"ly":-4.0745},"geometry":{"type":"Polygon","coordinates":[[[-45.78966,-4.08199],[-45.75907,-4.05322],[-45.71235,-4.05031],[-45.69237,-4.05812],[-45.69717,-4.09223],[-45.71162,-4.09907],[-45.78957,-4.09143],[-45.78966,-4.08199]]]}},{"type":"Feature","properties":{"id":716,"n":"Povoado Igarapé das Lajes","mn":"Santa Luzia","mi":2110005,"nl":1,"ap":158,"cp":122,"lx":-45.618,"ly":-4.09774},"geometry":{"type":"Polygon","coordinates":[[[-45.64519,-4.11755],[-45.63177,-4.03473],[-45.63177,-4.03473],[-45.61591,-4.04337],[-45.58465,-4.11543],[-45.637,-4.12588],[-45.64519,-4.11755]]]}},{"type":"Feature","properties":{"id":717,"n":"Povoado Cachorro Preto","mn":"Santa Luzia","mi":2110005,"nl":1,"ap":181,"cp":148,"lx":-46.0162,"ly":-4.28167},"geometry":{"type":"Polygon","coordinates":[[[-46.10167,-4.31651],[-46.03052,-4.23478],[-45.97862,-4.24807],[-45.97016,-4.30597],[-46.06249,-4.34965],[-46.07658,-4.34118],[-46.10167,-4.31651]]]}},{"type":"Feature","properties":{"id":718,"n":"Povoado Barro Vermelho","mn":"Santa Luzia","mi":2110005,"nl":1,"ap":285,"cp":229,"lx":-46.03424,"ly":-4.61309},"geometry":{"type":"Polygon","coordinates":[[[-46.11498,-4.58619],[-46.10468,-4.55267],[-46.0584,-4.5428],[-45.98291,-4.58837],[-46.0008,-4.72619],[-46.00656,-4.72685],[-46.11498,-4.58619]]]}},{"type":"Feature","properties":{"id":719,"n":"Chapada do Seringal","mn":"Santa Luzia","mi":2110005,"nl":1,"ap":1470,"cp":1180,"lx":-46.18674,"ly":-4.70062},"geometry":{"type":"Polygon","coordinates":[[[-46.21823,-4.67878],[-46.17784,-4.66757],[-46.14873,-4.7098],[-46.20476,-4.7408],[-46.21823,-4.67878]]]}},{"type":"Feature","properties":{"id":720,"n":"Povoado Brejo do Meio","mn":"Santa Luzia","mi":2110005,"nl":1,"ap":120,"cp":90,"lx":-46.08228,"ly":-4.23942},"geometry":{"type":"Polygon","coordinates":[[[-46.14234,-4.30065],[-46.13987,-4.27445],[-46.10162,-4.19716],[-46.03599,-4.214],[-46.03052,-4.23478],[-46.10167,-4.31651],[-46.13976,-4.30591],[-46.14234,-4.30065]]]}},{"type":"Feature","properties":{"id":721,"n":"Povoado Flexal","mn":"Santa Luzia","mi":2110005,"nl":1,"ap":130,"cp":102,"lx":-45.87674,"ly":-4.48589},"geometry":{"type":"Polygon","coordinates":[[[-45.96892,-4.52316],[-45.91359,-4.41472],[-45.88022,-4.40203],[-45.79022,-4.46923],[-45.7901,-4.4713],[-45.7891,-4.473],[-45.7888,-4.4812],[-45.7886,-4.4824],[-45.7864,-4.486],[-45.7867,-4.4894],[-45.7844,-4.4914],[-45.7807,-4.4927],[-45.7793,-4.4948],[-45.7794,-4.4966],[-45.7777,-4.5007],[-45.7777,-4.50281],[-45.7769,-4.5053],[-45.77601,-4.50679],[-45.7724,-4.508],[-45.7715,-4.5093],[-45.7712,-4.5116],[-45.76939,-4.5138],[-45.7668,-4.5146],[-45.7633,-4.514],[-45.7607,-4.5141],[-45.7587,-4.5149],[-45.758,-4.5175],[-45.7591,-4.5196],[-45.7611,-4.52081],[-45.7607,-4.5239],[-45.76059,-4.52871],[-45.7582,-4.5303],[-45.7552,-4.5314],[-45.7492,-4.5313],[-45.7469,-4.5317],[-45.746,-4.5325],[-45.74539,-4.53451],[-45.7433,-4.5353],[-45.742,-4.5353],[-45.7395,-4.5374],[-45.7373,-4.5378],[-45.7318,-4.5404],[-45.73,-4.5421],[-45.7282,-4.5427],[-45.7242,-4.5434],[-45.72264,-4.54479],[-45.95994,-4.55428],[-45.96892,-4.52316]]]}},{"type":"Feature","properties":{"id":722,"n":"Povoado Centro do Dete","mn":"Santa Luzia","mi":2110005,"nl":1,"ap":196,"cp":140,"lx":-45.74908,"ly":-3.86607},"geometry":{"type":"Polygon","coordinates":[[[-45.78908,-3.84183],[-45.72477,-3.82781],[-45.71394,-3.83699],[-45.71964,-3.90157],[-45.72112,-3.90257],[-45.77424,-3.89558],[-45.78908,-3.84183]]]}},{"type":"Feature","properties":{"id":723,"n":"Povoado Vila da Ester","mn":"Santa Luzia","mi":2110005,"nl":1,"ap":149,"cp":125,"lx":-46.11696,"ly":-4.66661},"geometry":{"type":"Polygon","coordinates":[[[-46.18117,-4.60768],[-46.11498,-4.58619],[-46.00656,-4.72685],[-46.04222,-4.74579],[-46.14873,-4.7098],[-46.17784,-4.66757],[-46.18117,-4.60768]]]}},{"type":"Feature","properties":{"id":724,"n":"Povoado Faisa","mn":"Santa Luzia","mi":2110005,"nl":1,"ap":1840,"cp":1407,"lx":-46.15847,"ly":-4.5067},"geometry":{"type":"Polygon","coordinates":[[[-46.22548,-4.45688],[-46.14671,-4.47712],[-46.13412,-4.48451],[-46.10468,-4.55267],[-46.11498,-4.58619],[-46.18117,-4.60768],[-46.18497,-4.60579],[-46.1781,-4.6003],[-46.1736,-4.5913],[-46.1716,-4.5846],[-46.1673,-4.5775],[-46.1643,-4.5703],[-46.15911,-4.56049],[-46.1657,-4.5505],[-46.1752,-4.5372],[-46.1881,-4.5187],[-46.1896,-4.517],[-46.1932,-4.5117],[-46.1946,-4.507],[-46.1956,-4.5005],[-46.2031,-4.47162],[-46.2172,-4.4698],[-46.22548,-4.45688]]]}},{"type":"Feature","properties":{"id":725,"n":"Bairro Aeroporto","mn":"Santa Luzia","mi":2110005,"nl":2,"ap":5248,"cp":3829,"lx":-45.68428,"ly":-3.97111},"geometry":{"type":"Polygon","coordinates":[[[-45.70754,-3.97505],[-45.68212,-3.94666],[-45.67215,-3.95324],[-45.67012,-3.96789],[-45.66438,-3.96951],[-45.6645,-4.00179],[-45.68164,-3.98881],[-45.70754,-3.97505]]]}},{"type":"Feature","properties":{"id":726,"n":"Povoado Vila Eliete","mn":"Santa Luzia","mi":2110005,"nl":1,"ap":161,"cp":118,"lx":-46.06983,"ly":-4.40623},"geometry":{"type":"Polygon","coordinates":[[[-46.14671,-4.47712],[-46.14671,-4.47711],[-46.07658,-4.34118],[-46.06249,-4.34965],[-46.02779,-4.40618],[-46.05717,-4.45328],[-46.13412,-4.48451],[-46.14671,-4.47712]]]}},{"type":"Feature","properties":{"id":727,"n":"Povoado Santa Helena","mn":"Santa Luzia","mi":2110005,"nl":1,"ap":290,"cp":236,"lx":-46.07481,"ly":-4.16978},"geometry":{"type":"Polygon","coordinates":[[[-46.10987,-4.16088],[-46.06426,-4.10357],[-46.03181,-4.1941],[-46.03599,-4.214],[-46.10162,-4.19716],[-46.10987,-4.16088]]]}},{"type":"Feature","properties":{"id":728,"n":"Povoado Morada Nova do Abacaxi","mn":"Santa Luzia","mi":2110005,"nl":1,"ap":158,"cp":119,"lx":-45.73991,"ly":-4.03624},"geometry":{"type":"Polygon","coordinates":[[[-45.75907,-4.05322],[-45.75816,-4.04605],[-45.74757,-3.99547],[-45.71235,-4.05031],[-45.75907,-4.05322]]]}},{"type":"Feature","properties":{"id":729,"n":"Povoado Bacuri","mn":"Santa Luzia","mi":2110005,"nl":1,"ap":146,"cp":125,"lx":-45.67655,"ly":-4.02029},"geometry":{"type":"Polygon","coordinates":[[[-45.72703,-3.97763],[-45.70754,-3.97505],[-45.68164,-3.98881],[-45.6645,-4.00179],[-45.64089,-4.02407],[-45.64096,-4.02573],[-45.68417,-4.04976],[-45.72703,-3.97763]]]}},{"type":"Feature","properties":{"id":730,"n":"Bairro Mutirao","mn":"Santa Luzia","mi":2110005,"nl":1,"ap":1640,"cp":1157,"lx":-45.65307,"ly":-3.96114},"geometry":{"type":"Polygon","coordinates":[[[-45.65978,-3.95971],[-45.65978,-3.95971],[-45.64495,-3.95514],[-45.65181,-3.96644],[-45.65978,-3.95971]]]}},{"type":"Feature","properties":{"id":731,"n":"Povoado Planalto Rural","mn":"Santa Luzia","mi":2110005,"nl":1,"ap":118,"cp":99,"lx":-46.09396,"ly":-4.09116},"geometry":{"type":"Polygon","coordinates":[[[-46.17966,-4.1625],[-46.0932,-4.0347],[-46.0894,-4.0331],[-46.08699,-4.03338],[-46.0862,-4.0319],[-46.0868,-4.0275],[-46.0888,-4.024],[-46.0858,-4.022],[-46.08289,-4.02269],[-46.0761,-4.01795],[-46.06205,-4.07592],[-46.06202,-4.09433],[-46.06426,-4.10357],[-46.10987,-4.16088],[-46.1736,-4.16584],[-46.17966,-4.1625]]]}},{"type":"Feature","properties":{"id":732,"n":"Povoado Senador","mn":"Santa Luzia","mi":2110005,"nl":1,"ap":134,"cp":116,"lx":-45.60005,"ly":-3.95071},"geometry":{"type":"Polygon","coordinates":[[[-45.62478,-3.95297],[-45.59688,-3.91778],[-45.5813,-3.9472],[-45.5802,-3.96062],[-45.61191,-3.97753],[-45.62478,-3.95297]]]}},{"type":"Feature","properties":{"id":733,"n":"Povoado Aldeia Toary","mn":"Santa Luzia","mi":2110005,"nl":1,"ap":166,"cp":143,"lx":-46.06007,"ly":-4.82422},"geometry":{"type":"Polygon","coordinates":[[[-46.10215,-4.83221],[-46.04222,-4.74579],[-46.00656,-4.72685],[-46.0008,-4.72619],[-45.98694,-4.73102],[-45.9873,-4.7319],[-45.9891,-4.733],[-45.9934,-4.7341],[-45.99551,-4.7332],[-45.99999,-4.7343],[-46.0057,-4.7417],[-46.0088,-4.742],[-46.01189,-4.7419],[-46.01339,-4.74359],[-46.013,-4.7464],[-46.0133,-4.7491],[-46.0172,-4.7519],[-46.0214,-4.75749],[-46.0226,-4.7621],[-46.0268,-4.7666],[-46.02918,-4.7675],[-46.0283,-4.7698],[-46.0285,-4.7712],[-46.0311,-4.7764],[-46.0349,-4.7824],[-46.0366,-4.7845],[-46.0369,-4.7892],[-46.0395,-4.7899],[-46.0404,-4.7921],[-46.0414,-4.7994],[-46.03651,-4.80508],[-46.0301,-4.8047],[-46.0284,-4.8055],[-46.0286,-4.8102],[-46.0298,-4.816],[-46.0294,-4.8179],[-46.0262,-4.825],[-46.0263,-4.8297],[-46.0272,-4.8368],[-46.0261,-4.8389],[-46.0226,-4.8436],[-46.0206,-4.8506],[-46.0174,-4.8537],[-46.0894,-4.8546],[-46.0894,-4.8503],[-46.0919,-4.84051],[-46.0948,-4.84],[-46.0957,-4.8388],[-46.0957,-4.837],[-46.0964,-4.8355],[-46.1001,-4.833],[-46.10215,-4.83221]]]}},{"type":"Feature","properties":{"id":734,"n":"Bairro 07 de Setembro","mn":"Santa Luzia","mi":2110005,"nl":1,"ap":279,"cp":213,"lx":-45.66365,"ly":-3.93392},"geometry":{"type":"Polygon","coordinates":[[[-45.68212,-3.94666],[-45.67846,-3.91422],[-45.66762,-3.91028],[-45.64364,-3.92696],[-45.63834,-3.93938],[-45.66636,-3.95513],[-45.67215,-3.95324],[-45.68212,-3.94666]]]}},{"type":"Feature","properties":{"id":735,"n":"Vila Betania","mn":"Santa Luzia","mi":2110005,"nl":1,"ap":59,"cp":51,"lx":-46.0817,"ly":-4.50647},"geometry":{"type":"Polygon","coordinates":[[[-46.13412,-4.48451],[-46.05717,-4.45328],[-46.03259,-4.5034],[-46.0584,-4.5428],[-46.10468,-4.55267],[-46.13412,-4.48451]]]}},{"type":"Feature","properties":{"id":736,"n":"Povoado Vila Isabel","mn":"Santa Luzia","mi":2110005,"nl":1,"ap":82,"cp":71,"lx":-46.20178,"ly":-4.64527},"geometry":{"type":"Polygon","coordinates":[[[-46.2289,-4.625],[-46.228,-4.6235],[-46.2231,-4.6233],[-46.2093,-4.6237],[-46.18497,-4.60579],[-46.18117,-4.60768],[-46.17784,-4.66757],[-46.21823,-4.67878],[-46.2211,-4.6659],[-46.2268,-4.6379],[-46.2289,-4.625]]]}},{"type":"Feature","properties":{"id":737,"n":"Povoado Brejo do Gonzaga","mn":"Santa Luzia","mi":2110005,"nl":1,"ap":85,"cp":80,"lx":-46.02584,"ly":-4.4558},"geometry":{"type":"Polygon","coordinates":[[[-46.05717,-4.45328],[-46.02779,-4.40618],[-46.0006,-4.41354],[-45.99642,-4.50611],[-46.03259,-4.5034],[-46.05717,-4.45328]]]}},{"type":"Feature","properties":{"id":738,"n":"Brejo do Parional","mn":"Santa Luzia","mi":2110005,"nl":1,"ap":98,"cp":88,"lx":-46.17336,"ly":-4.41514},"geometry":{"type":"Polygon","coordinates":[[[-46.2329,-4.4453],[-46.2322,-4.4415],[-46.2307,-4.4259],[-46.2298,-4.4223],[-46.2283,-4.4211],[-46.2276,-4.4192],[-46.2284,-4.416],[-46.23,-4.4026],[-46.2283,-4.3993],[-46.2253,-4.3967],[-46.2238,-4.3937],[-46.22361,-4.39216],[-46.13976,-4.30591],[-46.10167,-4.31651],[-46.07658,-4.34118],[-46.14671,-4.47712],[-46.22548,-4.45688],[-46.2329,-4.4453]]]}},{"type":"Feature","properties":{"id":739,"n":"Centro","mn":"São Luís","mi":2111300,"nl":12,"ap":26700,"cp":21558,"lx":-44.30015,"ly":-2.5289},"geometry":{"type":"Polygon","coordinates":[[[-44.3082,-2.5312],[-44.30751,-2.5299],[-44.3081,-2.5288],[-44.3071,-2.5263],[-44.30703,-2.52092],[-44.30077,-2.51877],[-44.29919,-2.51844],[-44.29714,-2.51703],[-44.29537,-2.51771],[-44.29343,-2.52695],[-44.29256,-2.52766],[-44.29242,-2.52958],[-44.29306,-2.53096],[-44.29295,-2.5323],[-44.28759,-2.53207],[-44.28767,-2.53533],[-44.28796,-2.53555],[-44.28969,-2.54082],[-44.29429,-2.53749],[-44.29524,-2.53799],[-44.29591,-2.53776],[-44.29876,-2.53812],[-44.30191,-2.53592],[-44.30766,-2.53445],[-44.3082,-2.5312]]]}},{"type":"Feature","properties":{"id":740,"n":"Madre Deus","mn":"São Luís","mi":2111300,"nl":2,"ap":3448,"cp":2960,"lx":-44.30203,"ly":-2.54293},"geometry":{"type":"Polygon","coordinates":[[[-44.31075,-2.53988],[-44.3098,-2.5394],[-44.3087,-2.5382],[-44.3076,-2.53481],[-44.30766,-2.53445],[-44.30191,-2.53592],[-44.29876,-2.53812],[-44.29591,-2.53776],[-44.29524,-2.53799],[-44.29738,-2.55165],[-44.3024,-2.54917],[-44.30487,-2.54836],[-44.30594,-2.54781],[-44.31075,-2.53988]]]}},{"type":"Feature","properties":{"id":741,"n":"Lira","mn":"São Luís","mi":2111300,"nl":2,"ap":6086,"cp":5255,"lx":-44.29259,"ly":-2.54331},"geometry":{"type":"Polygon","coordinates":[[[-44.29738,-2.55165],[-44.29524,-2.53799],[-44.2943,-2.53749],[-44.28969,-2.54082],[-44.28887,-2.54445],[-44.29269,-2.55072],[-44.29511,-2.55342],[-44.29738,-2.55165]]]}},{"type":"Feature","properties":{"id":742,"n":"Diamante","mn":"São Luís","mi":2111300,"nl":2,"ap":1543,"cp":1288,"lx":-44.29003,"ly":-2.52972},"geometry":{"type":"Polygon","coordinates":[[[-44.29306,-2.53096],[-44.29242,-2.52957],[-44.29256,-2.52766],[-44.28821,-2.52665],[-44.28747,-2.52744],[-44.2874,-2.53154],[-44.28759,-2.53207],[-44.29295,-2.53233],[-44.29306,-2.53096]]]}},{"type":"Feature","properties":{"id":743,"n":"Anjo da Guarda","mn":"São Luís","mi":2111300,"nl":8,"ap":27257,"cp":22861,"lx":-44.34817,"ly":-2.57909},"geometry":{"type":"MultiPolygon","coordinates":[[[[-44.3777,-2.5685],[-44.3777,-2.5658],[-44.37716,-2.56524],[-44.33497,-2.563],[-44.33386,-2.56087],[-44.34671,-2.54957],[-44.34244,-2.54975],[-44.33764,-2.55151],[-44.32838,-2.55618],[-44.32541,-2.55597],[-44.3229,-2.55856],[-44.32367,-2.56143],[-44.32646,-2.56684],[-44.32888,-2.58334],[-44.332,-2.58563],[-44.34733,-2.59966],[-44.35466,-2.60206],[-44.3553,-2.6011],[-44.3561,-2.598],[-44.358,-2.5957],[-44.3607,-2.5878],[-44.3636,-2.5835],[-44.3643,-2.58082],[-44.3658,-2.581],[-44.3679,-2.582],[-44.369,-2.582],[-44.3699,-2.5771],[-44.36911,-2.5757],[-44.37,-2.5745],[-44.3707,-2.5715],[-44.3738,-2.5694],[-44.3753,-2.5688],[-44.3777,-2.5685]]],[[[-44.375,-2.5778],[-44.3741,-2.5773],[-44.3732,-2.5793],[-44.375,-2.5778],[-44.375,-2.5778]]]]}},{"type":"Feature","properties":{"id":744,"n":"Vila Nova","mn":"São Luís","mi":2111300,"nl":4,"ap":7815,"cp":6672,"lx":-44.32668,"ly":-2.53461},"geometry":{"type":"Polygon","coordinates":[[[-44.34244,-2.54975],[-44.32797,-2.54389],[-44.33807,-2.53032],[-44.33629,-2.5302],[-44.3329,-2.5279],[-44.3293,-2.5277],[-44.3272,-2.5281],[-44.3262,-2.5276],[-44.3249,-2.5281],[-44.321,-2.5272],[-44.3204,-2.528],[-44.3206,-2.53169],[-44.3199,-2.5328],[-44.3199,-2.5349],[-44.3188,-2.536],[-44.31775,-2.54013],[-44.32306,-2.54539],[-44.32304,-2.54644],[-44.32379,-2.54841],[-44.33764,-2.5515],[-44.34244,-2.54975]]]}},{"type":"Feature","properties":{"id":745,"n":"Vila Mauro Fecury I","mn":"São Luís","mi":2111300,"nl":1,"ap":1810,"cp":1546,"lx":-44.34414,"ly":-2.53977},"geometry":{"type":"MultiPolygon","coordinates":[[[[-44.357,-2.5409],[-44.3568,-2.5394],[-44.3555,-2.5387],[-44.35471,-2.5376],[-44.3555,-2.5353],[-44.3552,-2.5322],[-44.3509,-2.5313],[-44.34863,-2.52992],[-44.3494,-2.5281],[-44.3489,-2.5269],[-44.3471,-2.5268],[-44.3453,-2.5293],[-44.3438,-2.53],[-44.3406,-2.5305],[-44.33807,-2.53032],[-44.32794,-2.5439],[-44.34244,-2.54975],[-44.34671,-2.54957],[-44.35492,-2.54818],[-44.3551,-2.5455],[-44.357,-2.5409]]],[[[-44.3727,-2.5226],[-44.3726,-2.5216],[-44.3706,-2.5201],[-44.3682,-2.5189],[-44.3657,-2.5186],[-44.3634,-2.5199],[-44.3624,-2.52219],[-44.3614,-2.5226],[-44.362,-2.5255],[-44.3632,-2.5284],[-44.3643,-2.5287],[-44.366,-2.5268],[-44.36788,-2.52621],[-44.369,-2.5276],[-44.3702,-2.5283],[-44.3716,-2.5266],[-44.3715,-2.52539],[-44.3727,-2.5226]]],[[[-44.3665,-2.5432],[-44.3657,-2.5425],[-44.3639,-2.5438],[-44.3645,-2.5451],[-44.3657,-2.545],[-44.3665,-2.5432]]]]}},{"type":"Feature","properties":{"id":746,"n":"Fumacê","mn":"São Luís","mi":2111300,"nl":1,"ap":4950,"cp":4160,"lx":-44.35024,"ly":-2.55644},"geometry":{"type":"Polygon","coordinates":[[[-44.37716,-2.56524],[-44.3754,-2.5634],[-44.37439,-2.56339],[-44.3731,-2.5614],[-44.37139,-2.5623],[-44.3675,-2.5615],[-44.36544,-2.56052],[-44.3662,-2.5597],[-44.36359,-2.559],[-44.36,-2.5563],[-44.3576,-2.5537],[-44.3552,-2.5495],[-44.3549,-2.5485],[-44.35492,-2.54818],[-44.34671,-2.54957],[-44.33385,-2.56088],[-44.33497,-2.56301],[-44.37716,-2.56524]]]}},{"type":"Feature","properties":{"id":747,"n":"Vila Embratel","mn":"São Luís","mi":2111300,"nl":7,"ap":18661,"cp":15832,"lx":-44.30964,"ly":-2.57142},"geometry":{"type":"Polygon","coordinates":[[[-44.31907,-2.57967],[-44.31871,-2.57849],[-44.31661,-2.56892],[-44.31523,-2.56544],[-44.31498,-2.5619],[-44.31107,-2.56094],[-44.3097,-2.5611],[-44.30309,-2.56506],[-44.30222,-2.56527],[-44.294,-2.5567],[-44.28892,-2.55989],[-44.2849,-2.5661],[-44.28364,-2.57015],[-44.30237,-2.57314],[-44.30484,-2.58086],[-44.31907,-2.57967]]]}},{"type":"Feature","properties":{"id":748,"n":"Alto da Esperança","mn":"São Luís","mi":2111300,"nl":1,"ap":2924,"cp":2489,"lx":-44.31378,"ly":-2.54627},"geometry":{"type":"Polygon","coordinates":[[[-44.32306,-2.5454],[-44.31775,-2.54013],[-44.317,-2.5407],[-44.3153,-2.5409],[-44.3135,-2.5403],[-44.312,-2.5405],[-44.31075,-2.53988],[-44.30594,-2.54781],[-44.31171,-2.55191],[-44.31478,-2.55308],[-44.32304,-2.54644],[-44.32306,-2.5454]]]}},{"type":"Feature","properties":{"id":749,"n":"Vila Bacanga","mn":"São Luís","mi":2111300,"nl":1,"ap":1317,"cp":1146,"lx":-44.31429,"ly":-2.55776},"geometry":{"type":"Polygon","coordinates":[[[-44.31842,-2.55856],[-44.31478,-2.55308],[-44.31171,-2.55191],[-44.31107,-2.56094],[-44.31498,-2.5619],[-44.31842,-2.55856]]]}},{"type":"Feature","properties":{"id":750,"n":"Vila Isabel","mn":"São Luís","mi":2111300,"nl":2,"ap":3187,"cp":2759,"lx":-44.32149,"ly":-2.56814},"geometry":{"type":"Polygon","coordinates":[[[-44.32888,-2.58334],[-44.32646,-2.56683],[-44.32367,-2.56143],[-44.32289,-2.55856],[-44.31842,-2.55856],[-44.31498,-2.5619],[-44.31523,-2.56544],[-44.31661,-2.56892],[-44.31871,-2.5785],[-44.31907,-2.57967],[-44.32888,-2.58334]]]}},{"type":"Feature","properties":{"id":751,"n":"Gapara","mn":"São Luís","mi":2111300,"nl":1,"ap":2179,"cp":1854,"lx":-44.31097,"ly":-2.59358},"geometry":{"type":"Polygon","coordinates":[[[-44.34733,-2.59966],[-44.332,-2.58563],[-44.32888,-2.58334],[-44.31907,-2.57967],[-44.30484,-2.58086],[-44.28765,-2.59791],[-44.28895,-2.60105],[-44.30413,-2.6084],[-44.34733,-2.59966]]]}},{"type":"Feature","properties":{"id":752,"n":"Bacanga","mn":"São Luís","mi":2111300,"nl":2,"ap":9854,"cp":8266,"lx":-44.3038,"ly":-2.55627},"geometry":{"type":"Polygon","coordinates":[[[-44.31171,-2.55191],[-44.30594,-2.54781],[-44.30487,-2.54836],[-44.3024,-2.54917],[-44.29738,-2.55165],[-44.29511,-2.55342],[-44.294,-2.5567],[-44.30222,-2.56528],[-44.30308,-2.56506],[-44.3097,-2.5611],[-44.31107,-2.56094],[-44.31171,-2.55191]]]}},{"type":"Feature","properties":{"id":753,"n":"Sao Raimundo","mn":"São Luís","mi":2111300,"nl":3,"ap":8865,"cp":7438,"lx":-44.23174,"ly":-2.59905},"geometry":{"type":"MultiPolygon","coordinates":[[[[-44.23883,-2.60102],[-44.23623,-2.58776],[-44.23523,-2.58717],[-44.22585,-2.58435],[-44.2251,-2.58454],[-44.22525,-2.60234],[-44.21793,-2.6024],[-44.21558,-2.60766],[-44.22879,-2.61921],[-44.23217,-2.60743],[-44.23873,-2.60265],[-44.23883,-2.60102]]],[[[-44.33764,-2.5515],[-44.32379,-2.54841],[-44.32379,-2.54841],[-44.32541,-2.55597],[-44.32838,-2.55618],[-44.33764,-2.5515]]]]}},{"type":"Feature","properties":{"id":754,"n":"Residencial Paraíso","mn":"São Luís","mi":2111300,"nl":1,"ap":680,"cp":584,"lx":-44.29065,"ly":-2.58126},"geometry":{"type":"Polygon","coordinates":[[[-44.30484,-2.58086],[-44.30238,-2.57313],[-44.28364,-2.57015],[-44.28321,-2.57093],[-44.27853,-2.5908],[-44.28765,-2.59791],[-44.30484,-2.58086]]]}},{"type":"Feature","properties":{"id":755,"n":"Gancharia","mn":"São Luís","mi":2111300,"nl":1,"ap":383,"cp":356,"lx":-44.32076,"ly":-2.55391},"geometry":{"type":"Polygon","coordinates":[[[-44.32541,-2.55597],[-44.32379,-2.54841],[-44.32304,-2.54644],[-44.31478,-2.55308],[-44.31842,-2.55856],[-44.32289,-2.55856],[-44.32541,-2.55597]]]}},{"type":"Feature","properties":{"id":756,"n":"Monte Castelo","mn":"São Luís","mi":2111300,"nl":7,"ap":18129,"cp":15291,"lx":-44.28005,"ly":-2.53507},"geometry":{"type":"Polygon","coordinates":[[[-44.28767,-2.53533],[-44.28759,-2.53207],[-44.2874,-2.53154],[-44.28281,-2.53174],[-44.27855,-2.52777],[-44.27481,-2.52702],[-44.2726,-2.52839],[-44.27554,-2.53417],[-44.27685,-2.53958],[-44.27853,-2.53898],[-44.28065,-2.54068],[-44.28118,-2.54095],[-44.28423,-2.54089],[-44.28379,-2.53715],[-44.28767,-2.53533]]]}},{"type":"Feature","properties":{"id":757,"n":"Joao Paulo","mn":"São Luís","mi":2111300,"nl":4,"ap":10575,"cp":8935,"lx":-44.27332,"ly":-2.54521},"geometry":{"type":"Polygon","coordinates":[[[-44.27762,-2.54711],[-44.27658,-2.53992],[-44.27348,-2.53968],[-44.27076,-2.5421],[-44.26885,-2.54228],[-44.26763,-2.54492],[-44.26838,-2.54613],[-44.26992,-2.54952],[-44.27333,-2.5491],[-44.27632,-2.54929],[-44.27689,-2.54796],[-44.27762,-2.54711]]]}},{"type":"Feature","properties":{"id":758,"n":"Bairro de Fatima","mn":"São Luís","mi":2111300,"nl":5,"ap":16354,"cp":14176,"lx":-44.28366,"ly":-2.54903},"geometry":{"type":"Polygon","coordinates":[[[-44.29511,-2.55342],[-44.29269,-2.55072],[-44.28887,-2.54445],[-44.28536,-2.54298],[-44.28423,-2.54089],[-44.28117,-2.54095],[-44.28065,-2.54068],[-44.27853,-2.53897],[-44.27685,-2.53958],[-44.27658,-2.53991],[-44.27762,-2.5471],[-44.27689,-2.54796],[-44.27632,-2.54929],[-44.27691,-2.55212],[-44.28892,-2.55989],[-44.294,-2.5567],[-44.29511,-2.55342]]]}},{"type":"Feature","properties":{"id":759,"n":"Coroado","mn":"São Luís","mi":2111300,"nl":2,"ap":3522,"cp":3046,"lx":-44.27139,"ly":-2.55304},"geometry":{"type":"Polygon","coordinates":[[[-44.27691,-2.55212],[-44.27632,-2.54929],[-44.27333,-2.5491],[-44.26992,-2.54952],[-44.26894,-2.55011],[-44.26761,-2.55187],[-44.26839,-2.55621],[-44.27134,-2.55856],[-44.27188,-2.55829],[-44.27691,-2.55212]]]}},{"type":"Feature","properties":{"id":760,"n":"Vila Passos","mn":"São Luís","mi":2111300,"nl":1,"ap":115,"cp":100,"lx":-44.28674,"ly":-2.53989},"geometry":{"type":"Polygon","coordinates":[[[-44.28969,-2.54082],[-44.28796,-2.53554],[-44.28767,-2.53533],[-44.28378,-2.53715],[-44.28423,-2.54089],[-44.28536,-2.54298],[-44.28887,-2.54445],[-44.28969,-2.54082]]]}},{"type":"Feature","properties":{"id":761,"n":"Jordoa","mn":"São Luís","mi":2111300,"nl":2,"ap":3328,"cp":2871,"lx":-44.26596,"ly":-2.54934},"geometry":{"type":"Polygon","coordinates":[[[-44.26992,-2.54952],[-44.26838,-2.54613],[-44.26763,-2.54492],[-44.26342,-2.54732],[-44.26062,-2.54749],[-44.26049,-2.54772],[-44.26478,-2.55237],[-44.26761,-2.55187],[-44.26894,-2.55011],[-44.26992,-2.54952]]]}},{"type":"Feature","properties":{"id":762,"n":"Coroadinho","mn":"São Luís","mi":2111300,"nl":6,"ap":18815,"cp":15961,"lx":-44.27027,"ly":-2.57691},"geometry":{"type":"Polygon","coordinates":[[[-44.28321,-2.57093],[-44.27111,-2.56507],[-44.27005,-2.56159],[-44.27007,-2.56064],[-44.27134,-2.55856],[-44.26839,-2.55621],[-44.26438,-2.5555],[-44.26335,-2.55613],[-44.26338,-2.55689],[-44.26738,-2.56052],[-44.26194,-2.56174],[-44.25915,-2.56418],[-44.25737,-2.56523],[-44.25526,-2.5681],[-44.25308,-2.57147],[-44.25699,-2.57982],[-44.25734,-2.58081],[-44.26352,-2.58602],[-44.26782,-2.58935],[-44.27853,-2.5908],[-44.28321,-2.57093]]]}},{"type":"Feature","properties":{"id":763,"n":"Sacavem","mn":"São Luís","mi":2111300,"nl":4,"ap":5780,"cp":4889,"lx":-44.26079,"ly":-2.5586},"geometry":{"type":"Polygon","coordinates":[[[-44.26743,-2.56052],[-44.26339,-2.5569],[-44.26335,-2.55613],[-44.25969,-2.55468],[-44.25812,-2.55007],[-44.25192,-2.55237],[-44.25168,-2.5527],[-44.2536,-2.55514],[-44.25766,-2.55836],[-44.25737,-2.56523],[-44.25915,-2.56418],[-44.26194,-2.56174],[-44.26743,-2.56052]]]}},{"type":"Feature","properties":{"id":764,"n":"Parque Pindorama","mn":"São Luís","mi":2111300,"nl":1,"ap":4556,"cp":3871,"lx":-44.27931,"ly":-2.55824},"geometry":{"type":"Polygon","coordinates":[[[-44.28892,-2.55989],[-44.27691,-2.55212],[-44.27188,-2.55829],[-44.2849,-2.5661],[-44.28892,-2.55989]]]}},{"type":"Feature","properties":{"id":765,"n":"Parque Timbiras","mn":"São Luís","mi":2111300,"nl":1,"ap":5483,"cp":4538,"lx":-44.27383,"ly":-2.56303},"geometry":{"type":"Polygon","coordinates":[[[-44.2849,-2.5661],[-44.27188,-2.55829],[-44.27134,-2.55856],[-44.27007,-2.56063],[-44.27005,-2.56159],[-44.2711,-2.56507],[-44.28321,-2.57093],[-44.28365,-2.57015],[-44.2849,-2.5661]]]}},{"type":"Feature","properties":{"id":766,"n":"Caratatiua","mn":"São Luís","mi":2111300,"nl":1,"ap":1691,"cp":1426,"lx":-44.27112,"ly":-2.53974},"geometry":{"type":"Polygon","coordinates":[[[-44.27348,-2.53968],[-44.27199,-2.53707],[-44.26994,-2.53808],[-44.26908,-2.54222],[-44.27075,-2.54211],[-44.27348,-2.53968]]]}},{"type":"Feature","properties":{"id":767,"n":"Liberdade","mn":"São Luís","mi":2111300,"nl":5,"ap":11759,"cp":9871,"lx":-44.28245,"ly":-2.52298},"geometry":{"type":"Polygon","coordinates":[[[-44.2893,-2.51829],[-44.28662,-2.51738],[-44.27957,-2.51356],[-44.27819,-2.51482],[-44.27481,-2.52702],[-44.27855,-2.52778],[-44.28281,-2.53174],[-44.2874,-2.53154],[-44.28747,-2.52745],[-44.28821,-2.52665],[-44.2893,-2.51829]]]}},{"type":"Feature","properties":{"id":768,"n":"Filipinho","mn":"São Luís","mi":2111300,"nl":2,"ap":5304,"cp":4490,"lx":-44.26176,"ly":-2.55276},"geometry":{"type":"Polygon","coordinates":[[[-44.26839,-2.55621],[-44.26761,-2.55187],[-44.26478,-2.55236],[-44.26049,-2.54772],[-44.25873,-2.54918],[-44.25812,-2.55007],[-44.25969,-2.55468],[-44.26335,-2.55613],[-44.26438,-2.5555],[-44.26839,-2.55621]]]}},{"type":"Feature","properties":{"id":769,"n":"Ivar Saldanha","mn":"São Luís","mi":2111300,"nl":2,"ap":5661,"cp":4803,"lx":-44.26396,"ly":-2.5426},"geometry":{"type":"Polygon","coordinates":[[[-44.26885,-2.54228],[-44.26215,-2.53657],[-44.25976,-2.53507],[-44.25907,-2.53577],[-44.26046,-2.54447],[-44.26062,-2.54749],[-44.26342,-2.54732],[-44.26763,-2.54492],[-44.26885,-2.54228]]]}},{"type":"Feature","properties":{"id":770,"n":"Coheb Sacavem","mn":"São Luís","mi":2111300,"nl":2,"ap":4603,"cp":4006,"lx":-44.25351,"ly":-2.56209},"geometry":{"type":"Polygon","coordinates":[[[-44.25766,-2.55836],[-44.2536,-2.55514],[-44.25168,-2.5527],[-44.25137,-2.55291],[-44.25092,-2.55375],[-44.24936,-2.56357],[-44.25308,-2.57147],[-44.25526,-2.5681],[-44.25737,-2.56523],[-44.25766,-2.55836]]]}},{"type":"Feature","properties":{"id":771,"n":"Alemanha","mn":"São Luís","mi":2111300,"nl":5,"ap":10675,"cp":9147,"lx":-44.26693,"ly":-2.53369},"geometry":{"type":"Polygon","coordinates":[[[-44.27685,-2.53958],[-44.27554,-2.53417],[-44.2726,-2.52839],[-44.26253,-2.52818],[-44.25976,-2.53507],[-44.26215,-2.53657],[-44.26885,-2.54228],[-44.26908,-2.54222],[-44.26994,-2.53809],[-44.27196,-2.53708],[-44.27348,-2.53968],[-44.27658,-2.53991],[-44.27685,-2.53958]]]}},{"type":"Feature","properties":{"id":772,"n":"Camboa","mn":"São Luís","mi":2111300,"nl":1,"ap":4322,"cp":3699,"lx":-44.29157,"ly":-2.52252},"geometry":{"type":"Polygon","coordinates":[[[-44.29537,-2.51771],[-44.2893,-2.51829],[-44.28821,-2.52665],[-44.29256,-2.52766],[-44.29343,-2.52696],[-44.29537,-2.51771]]]}},{"type":"Feature","properties":{"id":773,"n":"Vila Palmeira","mn":"São Luís","mi":2111300,"nl":4,"ap":13199,"cp":11188,"lx":-44.25611,"ly":-2.54527},"geometry":{"type":"Polygon","coordinates":[[[-44.26062,-2.54749],[-44.26046,-2.54447],[-44.25907,-2.53577],[-44.25431,-2.5369],[-44.2504,-2.5393],[-44.25173,-2.54556],[-44.2503,-2.54819],[-44.25192,-2.55237],[-44.25812,-2.55007],[-44.25873,-2.54918],[-44.26062,-2.54749]]]}},{"type":"Feature","properties":{"id":774,"n":"Rio Anil","mn":"São Luís","mi":2111300,"nl":1,"ap":2243,"cp":1896,"lx":-44.24705,"ly":-2.53563},"geometry":{"type":"Polygon","coordinates":[[[-44.25431,-2.5369],[-44.24892,-2.53128],[-44.24405,-2.53154],[-44.24295,-2.53184],[-44.24157,-2.53502],[-44.24122,-2.53679],[-44.24173,-2.53834],[-44.24466,-2.54056],[-44.2504,-2.5393],[-44.25431,-2.5369]]]}},{"type":"Feature","properties":{"id":775,"n":"Bequimao","mn":"São Luís","mi":2111300,"nl":4,"ap":14073,"cp":11802,"lx":-44.24363,"ly":-2.52241},"geometry":{"type":"Polygon","coordinates":[[[-44.25126,-2.52698],[-44.24978,-2.52543],[-44.24764,-2.52395],[-44.24898,-2.51874],[-44.24711,-2.51764],[-44.24618,-2.51747],[-44.23668,-2.51868],[-44.23603,-2.51896],[-44.23599,-2.52042],[-44.24035,-2.52515],[-44.24295,-2.53184],[-44.24405,-2.53154],[-44.24892,-2.53128],[-44.24968,-2.52818],[-44.25126,-2.52698]]]}},{"type":"Feature","properties":{"id":776,"n":"Vila Lobao","mn":"São Luís","mi":2111300,"nl":1,"ap":1581,"cp":1303,"lx":-44.2418,"ly":-2.56381},"geometry":{"type":"Polygon","coordinates":[[[-44.25301,-2.57142],[-44.24936,-2.56357],[-44.242,-2.55752],[-44.24097,-2.55708],[-44.23812,-2.55753],[-44.23609,-2.56152],[-44.23519,-2.56521],[-44.24196,-2.57011],[-44.25301,-2.57142]]]}},{"type":"Feature","properties":{"id":777,"n":"Maranhao Novo","mn":"São Luís","mi":2111300,"nl":3,"ap":7469,"cp":6169,"lx":-44.25578,"ly":-2.53015},"geometry":{"type":"Polygon","coordinates":[[[-44.26253,-2.52818],[-44.26095,-2.52529],[-44.25781,-2.52448],[-44.24998,-2.51891],[-44.24898,-2.51874],[-44.24763,-2.52395],[-44.24978,-2.52543],[-44.25124,-2.52697],[-44.24968,-2.52818],[-44.24892,-2.53128],[-44.25431,-2.5369],[-44.25907,-2.53577],[-44.25976,-2.53507],[-44.26253,-2.52818]]]}},{"type":"Feature","properties":{"id":778,"n":"Santo Antonio","mn":"São Luís","mi":2111300,"nl":2,"ap":4926,"cp":4086,"lx":-44.24649,"ly":-2.5561},"geometry":{"type":"Polygon","coordinates":[[[-44.25137,-2.55291],[-44.24424,-2.55099],[-44.24097,-2.55708],[-44.24201,-2.55752],[-44.24936,-2.56357],[-44.25092,-2.55376],[-44.25137,-2.55291]]]}},{"type":"Feature","properties":{"id":779,"n":"Radional","mn":"São Luís","mi":2111300,"nl":1,"ap":5195,"cp":4422,"lx":-44.24793,"ly":-2.54305},"geometry":{"type":"Polygon","coordinates":[[[-44.25173,-2.54557],[-44.2504,-2.5393],[-44.24466,-2.54056],[-44.24458,-2.54237],[-44.24496,-2.54531],[-44.2503,-2.54819],[-44.25173,-2.54557]]]}},{"type":"Feature","properties":{"id":780,"n":"Angelim","mn":"São Luís","mi":2111300,"nl":2,"ap":5840,"cp":4887,"lx":-44.23679,"ly":-2.53026},"geometry":{"type":"Polygon","coordinates":[[[-44.24295,-2.53184],[-44.24035,-2.52514],[-44.23599,-2.52042],[-44.23408,-2.52353],[-44.23293,-2.52716],[-44.23162,-2.52952],[-44.23132,-2.53084],[-44.231,-2.53343],[-44.23162,-2.53406],[-44.24122,-2.53679],[-44.24157,-2.53502],[-44.24295,-2.53184]]]}},{"type":"Feature","properties":{"id":781,"n":"Santa Cruz","mn":"São Luís","mi":2111300,"nl":1,"ap":1456,"cp":1249,"lx":-44.2474,"ly":-2.54935},"geometry":{"type":"Polygon","coordinates":[[[-44.25192,-2.55237],[-44.2503,-2.54819],[-44.24496,-2.54531],[-44.24361,-2.54858],[-44.24424,-2.55099],[-44.25137,-2.55291],[-44.25192,-2.55237]]]}},{"type":"Feature","properties":{"id":782,"n":"Jaracati","mn":"São Luís","mi":2111300,"nl":1,"ap":983,"cp":823,"lx":-44.28812,"ly":-2.51247},"geometry":{"type":"Polygon","coordinates":[[[-44.29715,-2.51694],[-44.28975,-2.50545],[-44.27976,-2.51123],[-44.27957,-2.51356],[-44.28662,-2.51739],[-44.28929,-2.51829],[-44.29537,-2.51771],[-44.29715,-2.51694]]]}},{"type":"Feature","properties":{"id":783,"n":"Renascenca","mn":"São Luís","mi":2111300,"nl":3,"ap":24191,"cp":19615,"lx":-44.29536,"ly":-2.50378},"geometry":{"type":"Polygon","coordinates":[[[-44.30146,-2.50514],[-44.29888,-2.49639],[-44.2977,-2.49723],[-44.28265,-2.49884],[-44.2745,-2.49675],[-44.27381,-2.498],[-44.27976,-2.51123],[-44.28975,-2.50547],[-44.29715,-2.51694],[-44.3012,-2.50761],[-44.30146,-2.50514]]]}},{"type":"Feature","properties":{"id":784,"n":"Sao Francisco","mn":"São Luís","mi":2111300,"nl":3,"ap":14649,"cp":12248,"lx":-44.30437,"ly":-2.51194},"geometry":{"type":"Polygon","coordinates":[[[-44.31116,-2.50729],[-44.30146,-2.50514],[-44.3012,-2.50761],[-44.29714,-2.51703],[-44.29919,-2.51844],[-44.30077,-2.51877],[-44.30703,-2.52092],[-44.307,-2.5183],[-44.3076,-2.5158],[-44.3111,-2.5089],[-44.31116,-2.50729]]]}},{"type":"Feature","properties":{"id":785,"n":"Ilhinha","mn":"São Luís","mi":2111300,"nl":1,"ap":2165,"cp":1825,"lx":-44.3062,"ly":-2.50071},"geometry":{"type":"Polygon","coordinates":[[[-44.3203,-2.5029],[-44.3178,-2.5018],[-44.3147,-2.4996],[-44.3106,-2.4975],[-44.30771,-2.49531],[-44.3071,-2.4925],[-44.3064,-2.4908],[-44.3049,-2.4888],[-44.3046,-2.4875],[-44.30363,-2.48724],[-44.29888,-2.49639],[-44.30146,-2.50514],[-44.31116,-2.50729],[-44.3112,-2.5062],[-44.31212,-2.5048],[-44.3131,-2.5049],[-44.3161,-2.5064],[-44.3197,-2.5061],[-44.31881,-2.5044],[-44.3203,-2.5029]]]}},{"type":"Feature","properties":{"id":786,"n":"Vinhais","mn":"São Luís","mi":2111300,"nl":2,"ap":12398,"cp":10474,"lx":-44.2567,"ly":-2.51577},"geometry":{"type":"Polygon","coordinates":[[[-44.26321,-2.5147],[-44.26031,-2.50926],[-44.25873,-2.50967],[-44.25291,-2.50931],[-44.24711,-2.51764],[-44.24898,-2.51874],[-44.24999,-2.51891],[-44.25781,-2.52448],[-44.26095,-2.52529],[-44.26321,-2.5147]]]}},{"type":"Feature","properties":{"id":787,"n":"Cohafuma","mn":"São Luís","mi":2111300,"nl":1,"ap":2757,"cp":2282,"lx":-44.26951,"ly":-2.5072},"geometry":{"type":"Polygon","coordinates":[[[-44.27976,-2.51123],[-44.27381,-2.498],[-44.26227,-2.50168],[-44.26031,-2.50926],[-44.26321,-2.5147],[-44.27819,-2.51482],[-44.27957,-2.51356],[-44.27976,-2.51123]]]}},{"type":"Feature","properties":{"id":788,"n":"Recanto Vinhais","mn":"São Luís","mi":2111300,"nl":1,"ap":3145,"cp":2603,"lx":-44.26916,"ly":-2.52133},"geometry":{"type":"Polygon","coordinates":[[[-44.27819,-2.51482],[-44.26321,-2.5147],[-44.26095,-2.52529],[-44.26253,-2.52818],[-44.27235,-2.52845],[-44.27478,-2.52704],[-44.27819,-2.51482]]]}},{"type":"Feature","properties":{"id":789,"n":"Jardim Renascenca- Z Urbana","mn":"São Luís","mi":2111300,"nl":1,"ap":3450,"cp":2795,"lx":-44.28223,"ly":-2.49638},"geometry":{"type":"Polygon","coordinates":[[[-44.29878,-2.49644],[-44.27545,-2.49321],[-44.2745,-2.49675],[-44.28264,-2.49884],[-44.29771,-2.49723],[-44.29878,-2.49644]]]}},{"type":"Feature","properties":{"id":790,"n":"Anil","mn":"São Luís","mi":2111300,"nl":7,"ap":21015,"cp":17882,"lx":-44.23902,"ly":-2.54619},"geometry":{"type":"Polygon","coordinates":[[[-44.24496,-2.54531],[-44.24458,-2.54237],[-44.24466,-2.54056],[-44.24173,-2.53834],[-44.23856,-2.54051],[-44.23559,-2.54203],[-44.23509,-2.54298],[-44.23343,-2.54511],[-44.23412,-2.54923],[-44.23349,-2.55172],[-44.23576,-2.55392],[-44.23812,-2.55753],[-44.24097,-2.55708],[-44.24424,-2.55099],[-44.24362,-2.54858],[-44.24496,-2.54531]]]}},{"type":"Feature","properties":{"id":791,"n":"Aurora","mn":"São Luís","mi":2111300,"nl":4,"ap":4933,"cp":4110,"lx":-44.29108,"ly":-2.68162},"geometry":{"type":"MultiPolygon","coordinates":[[[[-44.23412,-2.54923],[-44.23343,-2.54511],[-44.22758,-2.54307],[-44.22557,-2.54314],[-44.22597,-2.54833],[-44.22193,-2.5501],[-44.22146,-2.55163],[-44.21907,-2.55481],[-44.21901,-2.55634],[-44.21988,-2.55679],[-44.22498,-2.55781],[-44.22557,-2.55736],[-44.22667,-2.55619],[-44.22755,-2.5544],[-44.22907,-2.55229],[-44.23349,-2.55171],[-44.23412,-2.54923]]],[[[-44.31074,-2.67113],[-44.30813,-2.66937],[-44.29416,-2.67178],[-44.28543,-2.67664],[-44.2753,-2.70792],[-44.31074,-2.67113]]]]}},{"type":"Feature","properties":{"id":792,"n":"Cohab Anil III (pop Center)","mn":"São Luís","mi":2111300,"nl":4,"ap":12488,"cp":10633,"lx":-44.22143,"ly":-2.54248},"geometry":{"type":"Polygon","coordinates":[[[-44.22597,-2.54834],[-44.22557,-2.54314],[-44.22548,-2.54305],[-44.2256,-2.53654],[-44.21854,-2.53792],[-44.2187,-2.53953],[-44.21559,-2.5433],[-44.21708,-2.54524],[-44.21841,-2.54606],[-44.21859,-2.54731],[-44.21685,-2.55083],[-44.21907,-2.55481],[-44.22146,-2.55163],[-44.22194,-2.5501],[-44.22597,-2.54834]]]}},{"type":"Feature","properties":{"id":793,"n":"Cruzeiro do Anil","mn":"São Luís","mi":2111300,"nl":3,"ap":6776,"cp":5857,"lx":-44.23132,"ly":-2.53909},"geometry":{"type":"Polygon","coordinates":[[[-44.24173,-2.53834],[-44.24122,-2.53679],[-44.23163,-2.53406],[-44.231,-2.53343],[-44.22587,-2.53577],[-44.2256,-2.53654],[-44.22548,-2.54306],[-44.22558,-2.54314],[-44.22758,-2.54307],[-44.23343,-2.54511],[-44.23509,-2.54298],[-44.2356,-2.54203],[-44.23855,-2.54051],[-44.24173,-2.53834]]]}},{"type":"Feature","properties":{"id":794,"n":"Joao de Deus","mn":"São Luís","mi":2111300,"nl":3,"ap":9379,"cp":8069,"lx":-44.23093,"ly":-2.55978},"geometry":{"type":"Polygon","coordinates":[[[-44.23812,-2.55753],[-44.23576,-2.55392],[-44.23349,-2.55172],[-44.22907,-2.55229],[-44.22755,-2.5544],[-44.22667,-2.55619],[-44.22557,-2.55736],[-44.22498,-2.55781],[-44.22548,-2.56487],[-44.22878,-2.56655],[-44.23393,-2.56587],[-44.23518,-2.56521],[-44.23609,-2.56152],[-44.23812,-2.55753]]]}},{"type":"Feature","properties":{"id":795,"n":"Sao Cristovao","mn":"São Luís","mi":2111300,"nl":4,"ap":14249,"cp":11855,"lx":-44.23585,"ly":-2.57754},"geometry":{"type":"Polygon","coordinates":[[[-44.25734,-2.58081],[-44.25699,-2.57982],[-44.25301,-2.57142],[-44.24196,-2.57011],[-44.23519,-2.56521],[-44.23393,-2.56587],[-44.22878,-2.56655],[-44.2266,-2.57336],[-44.22619,-2.58328],[-44.22585,-2.58435],[-44.23522,-2.58717],[-44.23623,-2.58776],[-44.25734,-2.58081]]]}},{"type":"Feature","properties":{"id":796,"n":"Jardim Sao Cristovao","mn":"São Luís","mi":2111300,"nl":3,"ap":10195,"cp":8560,"lx":-44.22067,"ly":-2.57226},"geometry":{"type":"Polygon","coordinates":[[[-44.22878,-2.56655],[-44.22548,-2.56487],[-44.22088,-2.56633],[-44.22039,-2.56612],[-44.21773,-2.5658],[-44.21205,-2.56932],[-44.21803,-2.57891],[-44.2191,-2.5832],[-44.2219,-2.58432],[-44.22509,-2.58454],[-44.22585,-2.58435],[-44.22619,-2.58328],[-44.2266,-2.57336],[-44.22878,-2.56655]]]}},{"type":"Feature","properties":{"id":797,"n":"Vila Itamar","mn":"São Luís","mi":2111300,"nl":2,"ap":4771,"cp":4126,"lx":-44.25005,"ly":-2.59499},"geometry":{"type":"Polygon","coordinates":[[[-44.26782,-2.58935],[-44.26352,-2.58602],[-44.25734,-2.58081],[-44.23623,-2.58776],[-44.23883,-2.60102],[-44.23873,-2.60265],[-44.24514,-2.60576],[-44.25595,-2.60637],[-44.26782,-2.58935]]]}},{"type":"Feature","properties":{"id":798,"n":"Estiva","mn":"São Luís","mi":2111300,"nl":2,"ap":3665,"cp":2948,"lx":-44.32423,"ly":-2.76864},"geometry":{"type":"MultiPolygon","coordinates":[[[[-44.41,-2.7992],[-44.409,-2.7919],[-44.4059,-2.7869],[-44.405,-2.78311],[-44.4055,-2.7817],[-44.4046,-2.779],[-44.4046,-2.7766],[-44.404,-2.7741],[-44.4033,-2.77299],[-44.4031,-2.7695],[-44.401,-2.7695],[-44.3994,-2.7682],[-44.3975,-2.7658],[-44.3976,-2.7638],[-44.3941,-2.7602],[-44.3887,-2.7538],[-44.3872,-2.7511],[-44.38639,-2.74894],[-44.36621,-2.74525],[-44.35494,-2.74876],[-44.32996,-2.75295],[-44.29116,-2.77106],[-44.296,-2.7742],[-44.2991,-2.7753],[-44.307,-2.7791],[-44.31,-2.7799],[-44.3148,-2.7809],[-44.3191,-2.7809],[-44.3233,-2.7807],[-44.326,-2.781],[-44.3285,-2.7819],[-44.3301,-2.7813],[-44.3317,-2.7787],[-44.3354,-2.7734],[-44.3402,-2.7689],[-44.3443,-2.7656],[-44.3499,-2.7625],[-44.354,-2.763],[-44.3566,-2.7637],[-44.3588,-2.763],[-44.36231,-2.7576],[-44.368,-2.7564],[-44.3693,-2.7566],[-44.3742,-2.7587],[-44.3757,-2.7596],[-44.3813,-2.7622],[-44.386,-2.7636],[-44.3876,-2.76471],[-44.3887,-2.76711],[-44.3888,-2.7698],[-44.3885,-2.7725],[-44.3876,-2.7769],[-44.3877,-2.7796],[-44.3889,-2.7849],[-44.3881,-2.7891],[-44.3876,-2.7932],[-44.388,-2.7958],[-44.389,-2.7971],[-44.3903,-2.7975],[-44.3963,-2.7964],[-44.4013,-2.796],[-44.4036,-2.7963],[-44.4066,-2.7985],[-44.41,-2.7992]]],[[[-44.4136,-2.7967],[-44.4124,-2.7957],[-44.4117,-2.7973],[-44.4123,-2.7983],[-44.4136,-2.7967]]]]}},{"type":"Feature","properties":{"id":799,"n":"Maracana","mn":"São Luís","mi":2111300,"nl":3,"ap":10118,"cp":8043,"lx":-44.29204,"ly":-2.62586},"geometry":{"type":"Polygon","coordinates":[[[-44.30863,-2.63706],[-44.30413,-2.6084],[-44.28895,-2.60105],[-44.28318,-2.61264],[-44.27835,-2.61803],[-44.27693,-2.62331],[-44.2778,-2.63452],[-44.28854,-2.64146],[-44.29079,-2.64099],[-44.30287,-2.63979],[-44.30482,-2.63999],[-44.30863,-2.63706]]]}},{"type":"Feature","properties":{"id":800,"n":"Pedrinhas","mn":"São Luís","mi":2111300,"nl":2,"ap":5961,"cp":4766,"lx":-44.31533,"ly":-2.69477},"geometry":{"type":"Polygon","coordinates":[[[-44.34377,-2.69518],[-44.33207,-2.67844],[-44.31657,-2.67447],[-44.31074,-2.67113],[-44.2753,-2.70792],[-44.26774,-2.72816],[-44.26377,-2.73604],[-44.26434,-2.75344],[-44.2647,-2.7542],[-44.266,-2.758],[-44.2658,-2.7604],[-44.26678,-2.76071],[-44.34165,-2.69836],[-44.34377,-2.69518]]]}},{"type":"Feature","properties":{"id":801,"n":"Quebra-Pote","mn":"São Luís","mi":2111300,"nl":1,"ap":3072,"cp":2588,"lx":-44.22279,"ly":-2.69723},"geometry":{"type":"Polygon","coordinates":[[[-44.26434,-2.75344],[-44.26377,-2.73604],[-44.2388,-2.6695],[-44.20889,-2.67417],[-44.18614,-2.70502],[-44.1923,-2.7045],[-44.1946,-2.7051],[-44.1965,-2.7062],[-44.1998,-2.7092],[-44.2005,-2.7126],[-44.2033,-2.7143],[-44.2043,-2.717],[-44.2067,-2.7175],[-44.2082,-2.7187],[-44.21339,-2.7203],[-44.2148,-2.7229],[-44.2171,-2.723],[-44.2195,-2.7237],[-44.2212,-2.7247],[-44.2223,-2.7263],[-44.2257,-2.7252],[-44.2282,-2.7249],[-44.233,-2.7247],[-44.2353,-2.7249],[-44.2408,-2.7262],[-44.2448,-2.7284],[-44.2486,-2.7298],[-44.2514,-2.7321],[-44.26,-2.7444],[-44.26434,-2.75344]]]}},{"type":"Feature","properties":{"id":802,"n":"Rio Grande","mn":"São Luís","mi":2111300,"nl":3,"ap":3607,"cp":3082,"lx":-44.29316,"ly":-2.65937},"geometry":{"type":"Polygon","coordinates":[[[-44.30813,-2.66937],[-44.30489,-2.65688],[-44.30482,-2.63999],[-44.30288,-2.63979],[-44.29079,-2.64099],[-44.28854,-2.64146],[-44.28252,-2.65377],[-44.26883,-2.65994],[-44.28543,-2.67664],[-44.29416,-2.67178],[-44.30813,-2.66937]]]}},{"type":"Feature","properties":{"id":803,"n":"Vila Samara","mn":"São Luís","mi":2111300,"nl":1,"ap":1255,"cp":1067,"lx":-44.35046,"ly":-2.74189},"geometry":{"type":"Polygon","coordinates":[[[-44.36621,-2.74525],[-44.34984,-2.7315],[-44.32996,-2.75295],[-44.35494,-2.74876],[-44.36621,-2.74525]]]}},{"type":"Feature","properties":{"id":804,"n":"Taua-Mirim","mn":"São Luís","mi":2111300,"nl":1,"ap":286,"cp":247,"lx":-44.36886,"ly":-2.69496},"geometry":{"type":"Polygon","coordinates":[[[-44.3917,-2.7204],[-44.3891,-2.7166],[-44.3883,-2.7129],[-44.3879,-2.71249],[-44.3878,-2.7099],[-44.3867,-2.7064],[-44.3853,-2.7007],[-44.3847,-2.69881],[-44.3853,-2.6969],[-44.3829,-2.6936],[-44.381,-2.6898],[-44.3792,-2.6842],[-44.3789,-2.6786],[-44.3798,-2.676],[-44.3804,-2.6729],[-44.38015,-2.67053],[-44.34672,-2.69499],[-44.38836,-2.72624],[-44.3896,-2.724],[-44.3905,-2.72111],[-44.3917,-2.7204]]]}},{"type":"Feature","properties":{"id":805,"n":"Inhauma","mn":"São Luís","mi":2111300,"nl":1,"ap":428,"cp":357,"lx":-44.31945,"ly":-2.73897},"geometry":{"type":"Polygon","coordinates":[[[-44.34984,-2.7315],[-44.34165,-2.69836],[-44.26678,-2.76071],[-44.2743,-2.7631],[-44.2818,-2.7661],[-44.2872,-2.7685],[-44.29116,-2.77106],[-44.32996,-2.75295],[-44.34984,-2.7315]]]}},{"type":"Feature","properties":{"id":806,"n":"Vila Esperanca","mn":"São Luís","mi":2111300,"nl":1,"ap":4992,"cp":4185,"lx":-44.27304,"ly":-2.60436},"geometry":{"type":"Polygon","coordinates":[[[-44.28895,-2.60105],[-44.28765,-2.59791],[-44.27853,-2.5908],[-44.26782,-2.58935],[-44.25595,-2.60637],[-44.25787,-2.61582],[-44.27835,-2.61803],[-44.28318,-2.61265],[-44.28895,-2.60105]]]}},{"type":"Feature","properties":{"id":807,"n":"Coqueiro","mn":"São Luís","mi":2111300,"nl":1,"ap":1609,"cp":1351,"lx":-44.37103,"ly":-2.73087},"geometry":{"type":"Polygon","coordinates":[[[-44.38836,-2.72624],[-44.34672,-2.69499],[-44.34377,-2.69518],[-44.34165,-2.69836],[-44.34984,-2.7315],[-44.36621,-2.74525],[-44.38639,-2.74894],[-44.3854,-2.7403],[-44.3856,-2.735],[-44.3875,-2.7278],[-44.38836,-2.72624]]]}},{"type":"Feature","properties":{"id":808,"n":"Vila Sarney","mn":"São Luís","mi":2111300,"nl":1,"ap":2765,"cp":2308,"lx":-44.26801,"ly":-2.63311},"geometry":{"type":"Polygon","coordinates":[[[-44.2778,-2.63452],[-44.27693,-2.62331],[-44.25786,-2.62974],[-44.26568,-2.64231],[-44.2778,-2.63452]]]}},{"type":"Feature","properties":{"id":809,"n":"Porto Grande","mn":"São Luís","mi":2111300,"nl":1,"ap":502,"cp":437,"lx":-44.35359,"ly":-2.6661},"geometry":{"type":"Polygon","coordinates":[[[-44.3804,-2.6684],[-44.3793,-2.6669],[-44.3752,-2.6638],[-44.3718,-2.6608],[-44.3707,-2.6578],[-44.369,-2.6545],[-44.3682,-2.65409],[-44.3679,-2.652],[-44.3683,-2.65],[-44.3674,-2.644],[-44.3677,-2.6423],[-44.3664,-2.64029],[-44.3603,-2.6207],[-44.36009,-2.61749],[-44.33965,-2.63724],[-44.33207,-2.67844],[-44.34377,-2.69518],[-44.34672,-2.69499],[-44.38015,-2.67053],[-44.3801,-2.6701],[-44.3804,-2.6684]]]}},{"type":"Feature","properties":{"id":810,"n":"Vila Nova Republica","mn":"São Luís","mi":2111300,"nl":1,"ap":3126,"cp":2656,"lx":-44.27523,"ly":-2.64703},"geometry":{"type":"Polygon","coordinates":[[[-44.28854,-2.64146],[-44.2778,-2.63452],[-44.26568,-2.64231],[-44.26073,-2.65871],[-44.26883,-2.65994],[-44.28252,-2.65377],[-44.28854,-2.64146]]]}},{"type":"Feature","properties":{"id":811,"n":"Rio dos Cachorros","mn":"São Luís","mi":2111300,"nl":1,"ap":454,"cp":298,"lx":-44.32061,"ly":-2.65286},"geometry":{"type":"Polygon","coordinates":[[[-44.33965,-2.63724],[-44.30863,-2.63706],[-44.30482,-2.63999],[-44.30489,-2.65688],[-44.30813,-2.66937],[-44.31074,-2.67113],[-44.31657,-2.67447],[-44.33207,-2.67844],[-44.33965,-2.63724]]]}},{"type":"Feature","properties":{"id":812,"n":"Vila Maranhao","mn":"São Luís","mi":2111300,"nl":1,"ap":5241,"cp":4330,"lx":-44.33249,"ly":-2.62021},"geometry":{"type":"Polygon","coordinates":[[[-44.36009,-2.61749],[-44.36,-2.6162],[-44.3587,-2.615],[-44.3578,-2.61271],[-44.358,-2.6113],[-44.3576,-2.6093],[-44.3567,-2.6074],[-44.3565,-2.6045],[-44.35432,-2.60262],[-44.35466,-2.60206],[-44.34733,-2.59966],[-44.30413,-2.6084],[-44.30863,-2.63706],[-44.33965,-2.63724],[-44.36009,-2.61749]]]}},{"type":"Feature","properties":{"id":813,"n":"Itapera","mn":"São Luís","mi":2111300,"nl":1,"ap":2327,"cp":1944,"lx":-44.26376,"ly":-2.68194},"geometry":{"type":"Polygon","coordinates":[[[-44.28543,-2.67664],[-44.26882,-2.65994],[-44.26073,-2.65871],[-44.23902,-2.66899],[-44.2388,-2.6695],[-44.26377,-2.73604],[-44.26774,-2.72816],[-44.2753,-2.70792],[-44.28543,-2.67664]]]}},{"type":"Feature","properties":{"id":814,"n":"Vila Industrial","mn":"São Luís","mi":2111300,"nl":1,"ap":447,"cp":406,"lx":-44.26116,"ly":-2.62212},"geometry":{"type":"Polygon","coordinates":[[[-44.27835,-2.61803],[-44.25787,-2.61582],[-44.25299,-2.62474],[-44.2527,-2.62633],[-44.25786,-2.62974],[-44.27693,-2.62331],[-44.27835,-2.61803]]]}},{"type":"Feature","properties":{"id":815,"n":"Ribeira","mn":"São Luís","mi":2111300,"nl":1,"ap":935,"cp":795,"lx":-44.24931,"ly":-2.64567},"geometry":{"type":"Polygon","coordinates":[[[-44.26568,-2.64231],[-44.25786,-2.62974],[-44.2527,-2.62633],[-44.23584,-2.63666],[-44.23393,-2.64942],[-44.23902,-2.66899],[-44.26073,-2.65871],[-44.26568,-2.64231]]]}},{"type":"Feature","properties":{"id":816,"n":"Cohama","mn":"São Luís","mi":2111300,"nl":3,"ap":10108,"cp":8446,"lx":-44.24513,"ly":-2.5137},"geometry":{"type":"Polygon","coordinates":[[[-44.25291,-2.50931],[-44.24923,-2.5081],[-44.24603,-2.50592],[-44.24539,-2.50741],[-44.24013,-2.51309],[-44.23668,-2.51869],[-44.24617,-2.51747],[-44.24711,-2.51764],[-44.25291,-2.50931]]]}},{"type":"Feature","properties":{"id":817,"n":"Vila Vicente Fialho","mn":"São Luís","mi":2111300,"nl":4,"ap":7238,"cp":6138,"lx":-44.23549,"ly":-2.51059},"geometry":{"type":"Polygon","coordinates":[[[-44.24603,-2.50592],[-44.24394,-2.50028],[-44.24361,-2.49768],[-44.22924,-2.50819],[-44.22873,-2.5097],[-44.23147,-2.51463],[-44.23603,-2.51896],[-44.23668,-2.51869],[-44.24013,-2.51309],[-44.24539,-2.50741],[-44.24603,-2.50592]]]}},{"type":"Feature","properties":{"id":818,"n":"Turu","mn":"São Luís","mi":2111300,"nl":6,"ap":21276,"cp":17588,"lx":-44.22348,"ly":-2.52063},"geometry":{"type":"Polygon","coordinates":[[[-44.23603,-2.51896],[-44.23148,-2.51463],[-44.22873,-2.5097],[-44.216,-2.50808],[-44.21162,-2.51386],[-44.2121,-2.51442],[-44.211,-2.5193],[-44.21343,-2.52138],[-44.20746,-2.52164],[-44.20785,-2.5221],[-44.21244,-2.52554],[-44.21354,-2.52559],[-44.22126,-2.53131],[-44.22587,-2.53577],[-44.231,-2.53343],[-44.23132,-2.53084],[-44.23162,-2.52952],[-44.23293,-2.52716],[-44.23408,-2.52353],[-44.23599,-2.52042],[-44.23603,-2.51896]]]}},{"type":"Feature","properties":{"id":819,"n":"Divineia","mn":"São Luís","mi":2111300,"nl":6,"ap":16289,"cp":13756,"lx":-44.22064,"ly":-2.49077},"geometry":{"type":"Polygon","coordinates":[[[-44.23955,-2.48954],[-44.22445,-2.48636],[-44.22224,-2.48496],[-44.22018,-2.48308],[-44.21457,-2.47426],[-44.21448,-2.4745],[-44.21374,-2.4745],[-44.21513,-2.49268],[-44.21468,-2.49543],[-44.21502,-2.49615],[-44.21295,-2.50129],[-44.21599,-2.50802],[-44.22031,-2.50208],[-44.22284,-2.49595],[-44.22553,-2.49598],[-44.22824,-2.4969],[-44.23955,-2.48954]]]}},{"type":"Feature","properties":{"id":820,"n":"Olho D'agua","mn":"São Luís","mi":2111300,"nl":2,"ap":3787,"cp":3169,"lx":-44.23999,"ly":-2.4843},"geometry":{"type":"Polygon","coordinates":[[[-44.24744,-2.48113],[-44.2445,-2.4807],[-44.2419,-2.4792],[-44.2388,-2.4791],[-44.2365,-2.4785],[-44.2331,-2.4782],[-44.2259,-2.477],[-44.2217,-2.4753],[-44.2208,-2.4739],[-44.2187,-2.4744],[-44.2148,-2.4734],[-44.21457,-2.47426],[-44.22018,-2.48308],[-44.22224,-2.48496],[-44.22445,-2.48636],[-44.23948,-2.48954],[-44.22824,-2.4969],[-44.22889,-2.50567],[-44.22924,-2.50819],[-44.24361,-2.49768],[-44.24744,-2.48113]]]}},{"type":"Feature","properties":{"id":821,"n":"Res Primavera(cohatrac)","mn":"São Luís","mi":2111300,"nl":2,"ap":6508,"cp":5602,"lx":-44.19816,"ly":-2.53899},"geometry":{"type":"Polygon","coordinates":[[[-44.20092,-2.53797],[-44.1961,-2.53666],[-44.1954,-2.5397],[-44.1955,-2.5401],[-44.20086,-2.54132],[-44.20076,-2.54052],[-44.20092,-2.53797]]]}},{"type":"Feature","properties":{"id":822,"n":"Habitacional Turu","mn":"São Luís","mi":2111300,"nl":3,"ap":10528,"cp":8894,"lx":-44.22428,"ly":-2.50473},"geometry":{"type":"Polygon","coordinates":[[[-44.22924,-2.50819],[-44.22889,-2.50567],[-44.22824,-2.4969],[-44.22553,-2.49598],[-44.22284,-2.49595],[-44.22031,-2.50208],[-44.216,-2.50808],[-44.22873,-2.5097],[-44.22924,-2.50819]]]}},{"type":"Feature","properties":{"id":823,"n":"Cohatrac","mn":"São Luís","mi":2111300,"nl":2,"ap":7191,"cp":6130,"lx":-44.20669,"ly":-2.54102},"geometry":{"type":"Polygon","coordinates":[[[-44.2102,-2.53849],[-44.20556,-2.5396],[-44.20374,-2.54188],[-44.20236,-2.53628],[-44.20092,-2.53797],[-44.20076,-2.54053],[-44.20086,-2.54132],[-44.20766,-2.54287],[-44.2102,-2.53849]]]}},{"type":"Feature","properties":{"id":824,"n":"Cohab Anil IV","mn":"São Luís","mi":2111300,"nl":2,"ap":10472,"cp":8875,"lx":-44.21444,"ly":-2.53766},"geometry":{"type":"Polygon","coordinates":[[[-44.2187,-2.53953],[-44.21854,-2.53792],[-44.21275,-2.52944],[-44.21078,-2.53816],[-44.21318,-2.54261],[-44.20895,-2.54802],[-44.21484,-2.54741],[-44.21708,-2.54524],[-44.2156,-2.54328],[-44.2187,-2.53953]]]}},{"type":"Feature","properties":{"id":825,"n":"Cohab Anil I","mn":"São Luís","mi":2111300,"nl":3,"ap":9156,"cp":7767,"lx":-44.22007,"ly":-2.53444},"geometry":{"type":"MultiPolygon","coordinates":[[[[-44.2186,-2.5473],[-44.21841,-2.54605],[-44.21708,-2.54524],[-44.21483,-2.54741],[-44.20895,-2.54802],[-44.20648,-2.55027],[-44.20783,-2.5515],[-44.2049,-2.5519],[-44.20609,-2.55301],[-44.21444,-2.55065],[-44.21685,-2.55083],[-44.2186,-2.5473]]],[[[-44.22587,-2.53577],[-44.22126,-2.53131],[-44.21353,-2.52558],[-44.21244,-2.52554],[-44.21275,-2.52944],[-44.21854,-2.53792],[-44.2256,-2.53654],[-44.22587,-2.53577]]]]}},{"type":"Feature","properties":{"id":826,"n":"Cohatrac III","mn":"São Luís","mi":2111300,"nl":1,"ap":7465,"cp":6360,"lx":-44.2007,"ly":-2.53646},"geometry":{"type":"Polygon","coordinates":[[[-44.20281,-2.53556],[-44.19635,-2.53556],[-44.1961,-2.53666],[-44.20092,-2.53797],[-44.20236,-2.53628],[-44.20281,-2.53556]]]}},{"type":"Feature","properties":{"id":827,"n":"Cohatrac II","mn":"São Luís","mi":2111300,"nl":1,"ap":1618,"cp":1381,"lx":-44.20746,"ly":-2.53493},"geometry":{"type":"Polygon","coordinates":[[[-44.21275,-2.52944],[-44.21244,-2.52554],[-44.20785,-2.5221],[-44.20279,-2.5357],[-44.20556,-2.5396],[-44.2102,-2.53849],[-44.21078,-2.53816],[-44.21275,-2.52944]]]}},{"type":"Feature","properties":{"id":828,"n":"Forquilha","mn":"São Luís","mi":2111300,"nl":1,"ap":3078,"cp":2604,"lx":-44.21451,"ly":-2.55425},"geometry":{"type":"Polygon","coordinates":[[[-44.21907,-2.55481],[-44.21685,-2.55083],[-44.21445,-2.55065],[-44.20609,-2.55301],[-44.20629,-2.55322],[-44.2059,-2.554],[-44.20734,-2.55742],[-44.21426,-2.55833],[-44.21901,-2.55634],[-44.21907,-2.55481]]]}},{"type":"Feature","properties":{"id":829,"n":"Vila Luizao","mn":"São Luís","mi":2111300,"nl":2,"ap":5180,"cp":4393,"lx":-44.21011,"ly":-2.49568},"geometry":{"type":"Polygon","coordinates":[[[-44.21503,-2.49614],[-44.21469,-2.49543],[-44.21513,-2.49267],[-44.21374,-2.4745],[-44.2122,-2.4745],[-44.2117,-2.47639],[-44.211,-2.4769],[-44.2107,-2.4784],[-44.21369,-2.48031],[-44.21281,-2.48536],[-44.2115,-2.485],[-44.21039,-2.49128],[-44.2067,-2.4902],[-44.20569,-2.49913],[-44.21295,-2.50129],[-44.21503,-2.49614]]]}},{"type":"Feature","properties":{"id":830,"n":"Turu-Lado Super. Mateus","mn":"São Luís","mi":2111300,"nl":1,"ap":1734,"cp":1468,"lx":-44.21042,"ly":-2.50368},"geometry":{"type":"Polygon","coordinates":[[[-44.216,-2.50808],[-44.21295,-2.50129],[-44.20569,-2.49913],[-44.2055,-2.5008],[-44.2061,-2.5015],[-44.207,-2.5044],[-44.2091,-2.5066],[-44.21258,-2.50722],[-44.2107,-2.5128],[-44.21162,-2.51386],[-44.216,-2.50808]]]}},{"type":"Feature","properties":{"id":831,"n":"Planalto Vinhais","mn":"São Luís","mi":2111300,"nl":2,"ap":4366,"cp":3677,"lx":-44.25206,"ly":-2.50179},"geometry":{"type":"Polygon","coordinates":[[[-44.26227,-2.50168],[-44.24594,-2.48777],[-44.24589,-2.48783],[-44.24361,-2.49768],[-44.24394,-2.50028],[-44.24603,-2.50592],[-44.24923,-2.5081],[-44.25291,-2.50931],[-44.25873,-2.50967],[-44.26031,-2.50926],[-44.26227,-2.50168]]]}},{"type":"Feature","properties":{"id":832,"n":"Cohatrac IV","mn":"São Luís","mi":2111300,"nl":1,"ap":633,"cp":531,"lx":-44.20031,"ly":-2.52754},"geometry":{"type":"Polygon","coordinates":[[[-44.20785,-2.5221],[-44.20746,-2.52164],[-44.206,-2.5217],[-44.205,-2.5211],[-44.2034,-2.5213],[-44.2012,-2.5225],[-44.1995,-2.5227],[-44.1951,-2.521],[-44.1899,-2.52],[-44.1896,-2.523],[-44.19159,-2.52314],[-44.1907,-2.5295],[-44.19728,-2.5314],[-44.19635,-2.53556],[-44.20281,-2.53556],[-44.20785,-2.5221]]]}},{"type":"Feature","properties":{"id":833,"n":"Calhau - Z Urbana","mn":"São Luís","mi":2111300,"nl":3,"ap":3640,"cp":2910,"lx":-44.26155,"ly":-2.49026},"geometry":{"type":"Polygon","coordinates":[[[-44.30363,-2.48724],[-44.2998,-2.4862],[-44.2929,-2.487],[-44.2866,-2.4871],[-44.2749,-2.4868],[-44.271,-2.4862],[-44.2687,-2.4854],[-44.2657,-2.483],[-44.2625,-2.4814],[-44.2565,-2.4808],[-44.2516,-2.4814],[-44.2493,-2.4814],[-44.24744,-2.48113],[-44.24594,-2.48777],[-44.26227,-2.50168],[-44.27381,-2.498],[-44.2745,-2.49675],[-44.27548,-2.49322],[-44.29878,-2.49644],[-44.30363,-2.48724]]]}},{"type":"Feature","properties":{"id":834,"n":"Parque Aurora (entre Cohab e Cohatrac)","mn":"São Luís","mi":2111300,"nl":1,"ap":1717,"cp":1465,"lx":-44.21085,"ly":-2.54242},"geometry":{"type":"Polygon","coordinates":[[[-44.21319,-2.54261],[-44.21078,-2.53816],[-44.2102,-2.53849],[-44.20766,-2.54287],[-44.20908,-2.54323],[-44.2071,-2.5476],[-44.2064,-2.5502],[-44.20648,-2.55027],[-44.20895,-2.54802],[-44.21319,-2.54261]]]}},{"type":"Feature","properties":{"id":835,"n":"Cohatrac I","mn":"São Luís","mi":2111300,"nl":1,"ap":928,"cp":801,"lx":-44.20396,"ly":-2.53882},"geometry":{"type":"Polygon","coordinates":[[[-44.20556,-2.5396],[-44.20556,-2.5396],[-44.20279,-2.5357],[-44.20236,-2.53628],[-44.20373,-2.54193],[-44.20556,-2.5396]]]}},{"type":"Feature","properties":{"id":836,"n":"Santa Barbara","mn":"São Luís","mi":2111300,"nl":4,"ap":6095,"cp":5138,"lx":-44.21449,"ly":-2.65772},"geometry":{"type":"MultiPolygon","coordinates":[[[[-44.23902,-2.66899],[-44.23393,-2.64942],[-44.19542,-2.63443],[-44.19455,-2.65727],[-44.20889,-2.67417],[-44.2388,-2.6695],[-44.23902,-2.66899]]],[[[-44.22879,-2.61921],[-44.21559,-2.60767],[-44.21793,-2.6024],[-44.21602,-2.59966],[-44.20803,-2.59923],[-44.20661,-2.61212],[-44.19692,-2.62405],[-44.228,-2.62275],[-44.22879,-2.61921]]],[[[-44.21424,-2.5965],[-44.20878,-2.58676],[-44.20878,-2.58676],[-44.20615,-2.59097],[-44.21424,-2.5965]]]]}},{"type":"Feature","properties":{"id":837,"n":"Cidade Operaria","mn":"São Luís","mi":2111300,"nl":15,"ap":52068,"cp":44695,"lx":-44.20389,"ly":-2.57615},"geometry":{"type":"Polygon","coordinates":[[[-44.2191,-2.5832],[-44.21804,-2.57891],[-44.21205,-2.56932],[-44.21143,-2.56912],[-44.20754,-2.56242],[-44.207,-2.5635],[-44.20739,-2.56688],[-44.2062,-2.5673],[-44.2031,-2.5661],[-44.2014,-2.5646],[-44.1947,-2.5626],[-44.189,-2.568],[-44.1887,-2.569],[-44.1888,-2.5725],[-44.18552,-2.57631],[-44.19347,-2.57839],[-44.1939,-2.57888],[-44.19347,-2.582],[-44.19692,-2.5827],[-44.19845,-2.58349],[-44.19932,-2.58529],[-44.20731,-2.58512],[-44.20907,-2.58616],[-44.21255,-2.5844],[-44.2191,-2.5832]]]}},{"type":"Feature","properties":{"id":838,"n":"Tajacoaba","mn":"São Luís","mi":2111300,"nl":1,"ap":636,"cp":525,"lx":-44.22167,"ly":-2.63358},"geometry":{"type":"Polygon","coordinates":[[[-44.23584,-2.63666],[-44.228,-2.62275],[-44.19692,-2.62405],[-44.19337,-2.62566],[-44.19231,-2.62684],[-44.19542,-2.63443],[-44.23393,-2.64942],[-44.23584,-2.63666]]]}},{"type":"Feature","properties":{"id":839,"n":"Jardim America","mn":"São Luís","mi":2111300,"nl":2,"ap":6430,"cp":5470,"lx":-44.2021,"ly":-2.58897},"geometry":{"type":"Polygon","coordinates":[[[-44.20907,-2.58616],[-44.20731,-2.58512],[-44.19934,-2.58529],[-44.19846,-2.58349],[-44.19692,-2.5827],[-44.19347,-2.582],[-44.19171,-2.58546],[-44.19192,-2.58705],[-44.19449,-2.58924],[-44.19657,-2.59262],[-44.20471,-2.59315],[-44.20907,-2.58616]]]}},{"type":"Feature","properties":{"id":840,"n":"Tajipuru","mn":"São Luís","mi":2111300,"nl":2,"ap":1889,"cp":1564,"lx":-44.18899,"ly":-2.6754},"geometry":{"type":"Polygon","coordinates":[[[-44.20889,-2.67417],[-44.19456,-2.65727],[-44.19542,-2.63443],[-44.19231,-2.62684],[-44.17903,-2.62563],[-44.1794,-2.6263],[-44.1801,-2.6298],[-44.18267,-2.6325],[-44.1814,-2.6331],[-44.1758,-2.64],[-44.1785,-2.64681],[-44.1774,-2.6495],[-44.1755,-2.6504],[-44.17529,-2.65221],[-44.1731,-2.6553],[-44.1705,-2.6578],[-44.1712,-2.66],[-44.17249,-2.66062],[-44.1709,-2.6649],[-44.1731,-2.66651],[-44.1742,-2.6687],[-44.1743,-2.67149],[-44.1734,-2.6733],[-44.1701,-2.6766],[-44.1697,-2.6787],[-44.171,-2.6824],[-44.1774,-2.6865],[-44.1803,-2.6879],[-44.1823,-2.69001],[-44.18249,-2.69231],[-44.1815,-2.6938],[-44.1779,-2.6979],[-44.1757,-2.7021],[-44.1766,-2.7021],[-44.1814,-2.7042],[-44.1852,-2.7051],[-44.18614,-2.70502],[-44.20889,-2.67417]]]}},{"type":"Feature","properties":{"id":841,"n":"Cidade Olimpica","mn":"São Luís","mi":2111300,"nl":7,"ap":17012,"cp":14232,"lx":-44.17783,"ly":-2.60835},"geometry":{"type":"Polygon","coordinates":[[[-44.19337,-2.62566],[-44.19336,-2.60891],[-44.19131,-2.60123],[-44.19021,-2.60043],[-44.18879,-2.59914],[-44.18614,-2.59078],[-44.19192,-2.58705],[-44.19171,-2.58546],[-44.18491,-2.5817],[-44.18421,-2.58095],[-44.1825,-2.5829],[-44.1797,-2.5849],[-44.1773,-2.5886],[-44.1726,-2.5908],[-44.1716,-2.5918],[-44.1683,-2.597],[-44.167,-2.59949],[-44.1653,-2.6003],[-44.164,-2.6015],[-44.1635,-2.6034],[-44.1618,-2.6077],[-44.1636,-2.6116],[-44.1632,-2.6133],[-44.1636,-2.6182],[-44.1668,-2.6187],[-44.1684,-2.6203],[-44.1719,-2.6211],[-44.1742,-2.6223],[-44.17779,-2.6234],[-44.17903,-2.62563],[-44.19231,-2.62684],[-44.19337,-2.62566]]]}},{"type":"Feature","properties":{"id":842,"n":"Santa Clara","mn":"São Luís","mi":2111300,"nl":1,"ap":3591,"cp":3018,"lx":-44.19882,"ly":-2.59699},"geometry":{"type":"Polygon","coordinates":[[[-44.20544,-2.59619],[-44.20471,-2.59315],[-44.19657,-2.59262],[-44.19131,-2.60123],[-44.19336,-2.60891],[-44.20544,-2.59619]]]}},{"type":"Feature","properties":{"id":843,"n":"Vila Janaina","mn":"São Luís","mi":2111300,"nl":1,"ap":3546,"cp":2986,"lx":-44.19168,"ly":-2.59242},"geometry":{"type":"Polygon","coordinates":[[[-44.19657,-2.59262],[-44.19449,-2.58924],[-44.19192,-2.58705],[-44.18613,-2.59076],[-44.18879,-2.59915],[-44.19131,-2.60123],[-44.19657,-2.59262]]]}},{"type":"Feature","properties":{"id":844,"n":"Vila Magril","mn":"São Luís","mi":2111300,"nl":1,"ap":2816,"cp":2294,"lx":-44.19955,"ly":-2.61122},"geometry":{"type":"Polygon","coordinates":[[[-44.20803,-2.59923],[-44.20544,-2.59619],[-44.19336,-2.60891],[-44.19337,-2.62566],[-44.19692,-2.62405],[-44.20661,-2.61212],[-44.20803,-2.59923]]]}},{"type":"Feature","properties":{"id":845,"n":"Santa Efigenia","mn":"São Luís","mi":2111300,"nl":1,"ap":2377,"cp":1978,"lx":-44.18918,"ly":-2.5805},"geometry":{"type":"Polygon","coordinates":[[[-44.1939,-2.57886],[-44.19347,-2.57839],[-44.18552,-2.57631],[-44.1851,-2.5768],[-44.18421,-2.58095],[-44.1849,-2.5817],[-44.19171,-2.58546],[-44.19347,-2.582],[-44.1939,-2.57886]]]}},{"type":"Feature","properties":{"id":846,"n":"Sao Bernardo","mn":"São Luís","mi":2111300,"nl":3,"ap":7932,"cp":6537,"lx":-44.22,"ly":-2.56141},"geometry":{"type":"Polygon","coordinates":[[[-44.22548,-2.56487],[-44.22498,-2.55781],[-44.21989,-2.55679],[-44.21901,-2.55634],[-44.21426,-2.55833],[-44.20734,-2.55742],[-44.2084,-2.55921],[-44.2083,-2.5609],[-44.20754,-2.56246],[-44.21144,-2.56913],[-44.21205,-2.56932],[-44.21773,-2.5658],[-44.22038,-2.56612],[-44.22088,-2.56633],[-44.22548,-2.56487]]]}},{"type":"Feature","properties":{"id":847,"n":"Tibiri","mn":"São Luís","mi":2111300,"nl":3,"ap":5924,"cp":5009,"lx":-44.24226,"ly":-2.61829},"geometry":{"type":"Polygon","coordinates":[[[-44.25787,-2.61582],[-44.25595,-2.60637],[-44.24514,-2.60575],[-44.23873,-2.60265],[-44.23217,-2.60743],[-44.22879,-2.61921],[-44.228,-2.62275],[-44.23584,-2.63666],[-44.2527,-2.62633],[-44.253,-2.62474],[-44.25787,-2.61582]]]}},{"type":"Feature","properties":{"id":848,"n":"Vila Cascavel","mn":"São Luís","mi":2111300,"nl":1,"ap":5198,"cp":4412,"lx":-44.22093,"ly":-2.59807},"geometry":{"type":"Polygon","coordinates":[[[-44.22526,-2.60236],[-44.22509,-2.58454],[-44.2219,-2.58432],[-44.21602,-2.59966],[-44.21793,-2.6024],[-44.22526,-2.60236]]]}},{"type":"Feature","properties":{"id":849,"n":"Cruzeiro de Santa Barbara","mn":"São Luís","mi":2111300,"nl":2,"ap":370,"cp":319,"lx":-44.21521,"ly":-2.58886},"geometry":{"type":"Polygon","coordinates":[[[-44.2219,-2.58432],[-44.2191,-2.5832],[-44.21254,-2.5844],[-44.20907,-2.58616],[-44.20878,-2.58676],[-44.21416,-2.59638],[-44.20615,-2.59097],[-44.20471,-2.59315],[-44.20544,-2.59619],[-44.20803,-2.59923],[-44.21602,-2.59966],[-44.2219,-2.58432]]]}},{"type":"Feature","properties":{"id":850,"n":"Formosa","mn":"Timon","mi":2112209,"nl":2,"ap":8652,"cp":7314,"lx":-42.8324,"ly":-5.10836},"geometry":{"type":"Polygon","coordinates":[[[-42.83799,-5.10783],[-42.83779,-5.10577],[-42.83636,-5.1038],[-42.8284,-5.10543],[-42.82845,-5.10867],[-42.82522,-5.11874],[-42.82669,-5.11873],[-42.83799,-5.10783]]]}},{"type":"Feature","properties":{"id":851,"n":"Centro","mn":"Timon","mi":2112209,"nl":6,"ap":15351,"cp":13222,"lx":-42.8243,"ly":-5.09836},"geometry":{"type":"Polygon","coordinates":[[[-42.83037,-5.09947],[-42.8297,-5.0978],[-42.82991,-5.09358],[-42.83022,-5.09306],[-42.82989,-5.09055],[-42.82711,-5.08461],[-42.8235,-5.0884],[-42.8197,-5.0947],[-42.8182,-5.0976],[-42.8173,-5.1017],[-42.81698,-5.10903],[-42.82413,-5.10395],[-42.82595,-5.10386],[-42.8281,-5.10473],[-42.83037,-5.09947]]]}},{"type":"Feature","properties":{"id":852,"n":"São Benedito","mn":"Timon","mi":2112209,"nl":1,"ap":2756,"cp":2370,"lx":-42.83133,"ly":-5.10264},"geometry":{"type":"Polygon","coordinates":[[[-42.83636,-5.1038],[-42.83593,-5.10259],[-42.83037,-5.09947],[-42.8281,-5.10473],[-42.8284,-5.10543],[-42.83636,-5.1038]]]}},{"type":"Feature","properties":{"id":853,"n":"Parque Alvorada","mn":"Timon","mi":2112209,"nl":4,"ap":15821,"cp":13114,"lx":-42.85115,"ly":-5.14563},"geometry":{"type":"Polygon","coordinates":[[[-42.87806,-5.15831],[-42.85618,-5.1332],[-42.83757,-5.12805],[-42.83241,-5.12014],[-42.82669,-5.11873],[-42.82522,-5.11874],[-42.82111,-5.11947],[-42.81613,-5.11978],[-42.8155,-5.1258],[-42.8132,-5.1331],[-42.81253,-5.13599],[-42.82981,-5.13532],[-42.83228,-5.13603],[-42.84437,-5.1576],[-42.87806,-5.15831]]]}},{"type":"Feature","properties":{"id":854,"n":"Pedro Patrício","mn":"Timon","mi":2112209,"nl":1,"ap":3779,"cp":3146,"lx":-42.83743,"ly":-5.11437},"geometry":{"type":"Polygon","coordinates":[[[-42.84397,-5.11581],[-42.83799,-5.10783],[-42.82669,-5.11873],[-42.83241,-5.12014],[-42.84394,-5.11697],[-42.84397,-5.11581]]]}},{"type":"Feature","properties":{"id":855,"n":"Vila Angélica","mn":"Timon","mi":2112209,"nl":2,"ap":5534,"cp":4693,"lx":-42.84376,"ly":-5.10853},"geometry":{"type":"Polygon","coordinates":[[[-42.85084,-5.10568],[-42.8417,-5.10385],[-42.83779,-5.10581],[-42.83799,-5.10783],[-42.84397,-5.11581],[-42.84865,-5.1086],[-42.85084,-5.10568]]]}},{"type":"Feature","properties":{"id":856,"n":"Vila do Bec","mn":"Timon","mi":2112209,"nl":1,"ap":3232,"cp":2700,"lx":-42.82181,"ly":-5.14895},"geometry":{"type":"Polygon","coordinates":[[[-42.84437,-5.1576],[-42.83228,-5.13603],[-42.82981,-5.13532],[-42.81253,-5.13599],[-42.812,-5.13831],[-42.8079,-5.1449],[-42.8054,-5.1486],[-42.8045,-5.1528],[-42.8031,-5.161],[-42.80237,-5.16705],[-42.84437,-5.1576]]]}},{"type":"Feature","properties":{"id":857,"n":"Povoado Castelo","mn":"Timon","mi":2112209,"nl":1,"ap":1514,"cp":1209,"lx":-42.93813,"ly":-5.19665},"geometry":{"type":"Polygon","coordinates":[[[-43.01393,-5.19869],[-42.97973,-5.14993],[-42.91424,-5.14509],[-42.9059,-5.15151],[-42.89357,-5.1633],[-42.87073,-5.29147],[-42.90126,-5.28466],[-43.01266,-5.20474],[-43.01393,-5.19869]]]}},{"type":"Feature","properties":{"id":858,"n":"Mutirão","mn":"Timon","mi":2112209,"nl":2,"ap":5851,"cp":4897,"lx":-42.88528,"ly":-5.14812},"geometry":{"type":"Polygon","coordinates":[[[-42.9059,-5.15151],[-42.85853,-5.10601],[-42.85611,-5.10646],[-42.85154,-5.1053],[-42.85084,-5.10568],[-42.84865,-5.1086],[-42.84397,-5.11581],[-42.84394,-5.11697],[-42.85251,-5.12608],[-42.85618,-5.1332],[-42.87806,-5.15831],[-42.89357,-5.1633],[-42.9059,-5.15151]]]}},{"type":"Feature","properties":{"id":859,"n":"Santo Antônio","mn":"Timon","mi":2112209,"nl":1,"ap":2621,"cp":2251,"lx":-42.8221,"ly":-5.11189},"geometry":{"type":"Polygon","coordinates":[[[-42.82845,-5.10867],[-42.8284,-5.10543],[-42.8281,-5.10473],[-42.82594,-5.10386],[-42.82413,-5.10395],[-42.81698,-5.10903],[-42.8168,-5.1133],[-42.81613,-5.11978],[-42.82111,-5.11947],[-42.82522,-5.11874],[-42.82845,-5.10867]]]}},{"type":"Feature","properties":{"id":860,"n":"Povoado Buriti Cortado","mn":"Timon","mi":2112209,"nl":1,"ap":557,"cp":464,"lx":-43.1706,"ly":-5.15101},"geometry":{"type":"Polygon","coordinates":[[[-43.206,-5.1432],[-43.16031,-5.12285],[-43.13179,-5.18386],[-43.16156,-5.19422],[-43.1622,-5.1916],[-43.16499,-5.18831],[-43.1671,-5.1877],[-43.1679,-5.1863],[-43.1685,-5.1837],[-43.1697,-5.18211],[-43.1726,-5.1804],[-43.1773,-5.1767],[-43.1793,-5.1746],[-43.1813,-5.1705],[-43.1825,-5.1686],[-43.204,-5.1663],[-43.2059,-5.1581],[-43.206,-5.1432]]]}},{"type":"Feature","properties":{"id":861,"n":"Povoado Canhaçu","mn":"Timon","mi":2112209,"nl":1,"ap":1403,"cp":1188,"lx":-42.97028,"ly":-5.37205},"geometry":{"type":"Polygon","coordinates":[[[-43.0636,-5.38481],[-43.06079,-5.33234],[-42.90126,-5.28466],[-42.87073,-5.29147],[-42.82095,-5.33336],[-42.8223,-5.3377],[-42.8237,-5.3433],[-42.8253,-5.3464],[-42.8312,-5.3523],[-42.8352,-5.3554],[-42.8466,-5.3613],[-42.8538,-5.3644],[-42.86,-5.3665],[-42.8629,-5.3677],[-42.8646,-5.3687],[-42.8669,-5.3719],[-42.8712,-5.3812],[-42.8756,-5.3856],[-42.881,-5.3901],[-42.8837,-5.3913],[-42.8866,-5.3919],[-42.89,-5.3917],[-42.8927,-5.3913],[-42.8952,-5.3905],[-42.8988,-5.39],[-42.9017,-5.3905],[-42.9044,-5.3914],[-42.908,-5.3932],[-42.9107,-5.3959],[-42.9131,-5.4008],[-42.9155,-5.4073],[-42.9176,-5.4148],[-42.9194,-5.4201],[-42.9215,-5.4256],[-42.9238,-5.4307],[-42.9271,-5.4355],[-42.9288,-5.4375],[-42.9307,-5.4392],[-42.9351,-5.4413],[-42.9396,-5.4424],[-42.9534,-5.4436],[-42.9575,-5.4446],[-42.961,-5.4461],[-42.9633,-5.4474],[-42.9654,-5.4492],[-42.9684,-5.4535],[-42.9865,-5.4393],[-43.0004,-5.4293],[-43.05949,-5.38481],[-43.0636,-5.38481]]]}},{"type":"Feature","properties":{"id":862,"n":"Povoado Vertente","mn":"Timon","mi":2112209,"nl":1,"ap":807,"cp":695,"lx":-42.99703,"ly":-5.26879},"geometry":{"type":"Polygon","coordinates":[[[-43.06806,-5.31343],[-43.01266,-5.20474],[-42.90126,-5.28466],[-43.06079,-5.33234],[-43.06806,-5.31343]]]}},{"type":"Feature","properties":{"id":863,"n":"Povoado Bonitinho","mn":"Timon","mi":2112209,"nl":1,"ap":790,"cp":643,"lx":-43.12289,"ly":-5.32504},"geometry":{"type":"Polygon","coordinates":[[[-43.18806,-5.28967],[-43.11783,-5.2803],[-43.06806,-5.31343],[-43.06079,-5.33234],[-43.0636,-5.38481],[-43.098,-5.3849],[-43.1317,-5.3669],[-43.1514,-5.3544],[-43.1672,-5.3328],[-43.18806,-5.28967]]]}},{"type":"Feature","properties":{"id":864,"n":"Povoado Porção do Zeca Batista","mn":"Timon","mi":2112209,"nl":1,"ap":287,"cp":233,"lx":-43.14271,"ly":-5.25975},"geometry":{"type":"Polygon","coordinates":[[[-43.1894,-5.2869],[-43.1861,-5.2801],[-43.185,-5.2767],[-43.1841,-5.2747],[-43.1831,-5.2714],[-43.181,-5.2684],[-43.1771,-5.2663],[-43.1757,-5.2648],[-43.1746,-5.2629],[-43.1737,-5.2585],[-43.1722,-5.2569],[-43.1705,-5.2563],[-43.1663,-5.254],[-43.164,-5.2503],[-43.1632,-5.2459],[-43.164,-5.2429],[-43.1639,-5.2417],[-43.1629,-5.2391],[-43.1628,-5.2369],[-43.1621,-5.2346],[-43.1616,-5.23091],[-43.1633,-5.227],[-43.1634,-5.2232],[-43.1621,-5.2173],[-43.161,-5.2155],[-43.16,-5.2128],[-43.1598,-5.21],[-43.1604,-5.2076],[-43.1604,-5.2059],[-43.1593,-5.20249],[-43.1593,-5.2009],[-43.1603,-5.1987],[-43.16156,-5.19422],[-43.13179,-5.18386],[-43.12525,-5.18687],[-43.11783,-5.2803],[-43.18806,-5.28967],[-43.1894,-5.2869]]]}},{"type":"Feature","properties":{"id":865,"n":"Povoado Saco","mn":"Timon","mi":2112209,"nl":1,"ap":433,"cp":367,"lx":-43.03183,"ly":-5.14192},"geometry":{"type":"Polygon","coordinates":[[[-43.07926,-5.1728],[-43.0733,-5.07773],[-43.0672,-5.079],[-43.06329,-5.0811],[-43.05861,-5.0812],[-43.0574,-5.0802],[-43.055,-5.0801],[-43.05209,-5.08099],[-43.0503,-5.0789],[-43.0484,-5.0781],[-43.0453,-5.0776],[-43.0433,-5.0756],[-43.04293,-5.06277],[-43.00872,-5.07682],[-42.97973,-5.14993],[-43.01393,-5.19869],[-43.07926,-5.1728]]]}},{"type":"Feature","properties":{"id":866,"n":"Cidade Nova","mn":"Timon","mi":2112209,"nl":1,"ap":1964,"cp":1509,"lx":-42.84223,"ly":-5.12331},"geometry":{"type":"Polygon","coordinates":[[[-42.85618,-5.1332],[-42.85251,-5.12608],[-42.84394,-5.11697],[-42.83241,-5.12014],[-42.83756,-5.12804],[-42.85618,-5.1332]]]}},{"type":"Feature","properties":{"id":867,"n":"Povoado Pinto","mn":"Timon","mi":2112209,"nl":1,"ap":1105,"cp":914,"lx":-42.90212,"ly":-5.04997},"geometry":{"type":"Polygon","coordinates":[[[-42.93293,-5.05062],[-42.91222,-5.01124],[-42.89243,-5.01528],[-42.87254,-5.04465],[-42.86666,-5.05835],[-42.91302,-5.08957],[-42.93293,-5.05062]]]}},{"type":"Feature","properties":{"id":868,"n":"Povoado São José dos Cacetes","mn":"Timon","mi":2112209,"nl":1,"ap":633,"cp":535,"lx":-42.95566,"ly":-4.94122},"geometry":{"type":"Polygon","coordinates":[[[-43.00484,-4.91985],[-42.93135,-4.90372],[-42.92,-4.95634],[-42.93033,-4.97483],[-42.97116,-4.97133],[-42.99782,-4.96166],[-43.00484,-4.91985]]]}},{"type":"Feature","properties":{"id":869,"n":"Conjunto Novo Tempo","mn":"Timon","mi":2112209,"nl":1,"ap":2089,"cp":1791,"lx":-42.87615,"ly":-5.07779},"geometry":{"type":"Polygon","coordinates":[[[-42.91302,-5.08957],[-42.86666,-5.05835],[-42.86149,-5.0636],[-42.86242,-5.07116],[-42.86675,-5.08594],[-42.91015,-5.10126],[-42.91302,-5.08957]]]}},{"type":"Feature","properties":{"id":870,"n":"Povoado Santa Maria","mn":"Timon","mi":2112209,"nl":1,"ap":462,"cp":356,"lx":-43.01968,"ly":-4.95226},"geometry":{"type":"Polygon","coordinates":[[[-43.04086,-4.99026],[-43.0391,-4.9274],[-43.00484,-4.91985],[-42.99782,-4.96166],[-43.04086,-4.99026]]]}},{"type":"Feature","properties":{"id":871,"n":"Parque Piaui","mn":"Timon","mi":2112209,"nl":5,"ap":14913,"cp":12653,"lx":-42.83519,"ly":-5.09396},"geometry":{"type":"Polygon","coordinates":[[[-42.84225,-5.08665],[-42.83819,-5.08473],[-42.8368,-5.08811],[-42.82989,-5.09055],[-42.83021,-5.09305],[-42.82991,-5.09357],[-42.8297,-5.0978],[-42.83037,-5.09947],[-42.83593,-5.10259],[-42.83735,-5.09864],[-42.84012,-5.09656],[-42.84161,-5.09571],[-42.84041,-5.0925],[-42.84176,-5.09029],[-42.84225,-5.08665]]]}},{"type":"Feature","properties":{"id":872,"n":"Povoado Mata Pasto","mn":"Timon","mi":2112209,"nl":1,"ap":687,"cp":599,"lx":-42.9027,"ly":-4.92239},"geometry":{"type":"Polygon","coordinates":[[[-42.93135,-4.90372],[-42.8898,-4.8947],[-42.8856,-4.9046],[-42.8848,-4.906],[-42.8792,-4.9106],[-42.8762,-4.9122],[-42.8735,-4.9153],[-42.8708,-4.9212],[-42.8686,-4.9268],[-42.8672,-4.9286],[-42.8655,-4.9298],[-42.86174,-4.93122],[-42.92,-4.95634],[-42.93135,-4.90372]]]}},{"type":"Feature","properties":{"id":873,"n":"Povoado Tamanduá","mn":"Timon","mi":2112209,"nl":1,"ap":900,"cp":775,"lx":-42.89259,"ly":-4.97996},"geometry":{"type":"Polygon","coordinates":[[[-42.93033,-4.97483],[-42.92,-4.95634],[-42.86174,-4.93122],[-42.8581,-4.9326],[-42.8552,-4.9345],[-42.8539,-4.9373],[-42.856,-4.9479],[-42.8598,-4.9581],[-42.8617,-4.9626],[-42.8632,-4.9681],[-42.8608,-4.9788],[-42.8574,-4.9923],[-42.85304,-5.00235],[-42.89243,-5.01528],[-42.91222,-5.01124],[-42.93033,-4.97483]]]}},{"type":"Feature","properties":{"id":874,"n":"Povoado Campo Grande","mn":"Timon","mi":2112209,"nl":1,"ap":1457,"cp":1223,"lx":-43.01013,"ly":-5.00701},"geometry":{"type":"Polygon","coordinates":[[[-43.04293,-5.06277],[-43.04086,-4.99026],[-42.99782,-4.96166],[-42.97116,-4.97133],[-42.99127,-5.06665],[-43.00872,-5.07682],[-43.04293,-5.06277]]]}},{"type":"Feature","properties":{"id":875,"n":"Conjunto Boa Vista","mn":"Timon","mi":2112209,"nl":1,"ap":3435,"cp":2985,"lx":-42.85952,"ly":-5.08186},"geometry":{"type":"Polygon","coordinates":[[[-42.86675,-5.08594],[-42.86242,-5.07116],[-42.84678,-5.08524],[-42.8495,-5.08967],[-42.86656,-5.08618],[-42.86675,-5.08594]]]}},{"type":"Feature","properties":{"id":876,"n":"Povoado Carnaúba de Pedra","mn":"Timon","mi":2112209,"nl":1,"ap":462,"cp":386,"lx":-42.94773,"ly":-5.01137},"geometry":{"type":"Polygon","coordinates":[[[-42.99127,-5.06665],[-42.97116,-4.97133],[-42.93033,-4.97484],[-42.91222,-5.01124],[-42.93293,-5.05062],[-42.99127,-5.06665]]]}},{"type":"Feature","properties":{"id":877,"n":"Povoado São José dos Perdidos","mn":"Timon","mi":2112209,"nl":1,"ap":899,"cp":694,"lx":-43.11306,"ly":-5.13826},"geometry":{"type":"Polygon","coordinates":[[[-43.1603,-5.12285],[-43.1438,-5.1155],[-43.14259,-5.11569],[-43.13241,-5.10721],[-43.1324,-5.0867],[-43.1307,-5.0848],[-43.1273,-5.0829],[-43.1256,-5.0811],[-43.1228,-5.0796],[-43.1192,-5.0792],[-43.1169,-5.0779],[-43.1144,-5.0751],[-43.1128,-5.07449],[-43.1111,-5.0715],[-43.1062,-5.0702],[-43.1017,-5.0708],[-43.09781,-5.0704],[-43.0958,-5.0685],[-43.0949,-5.0683],[-43.0914,-5.07],[-43.08649,-5.0749],[-43.0851,-5.0754],[-43.0811,-5.0753],[-43.0764,-5.0767],[-43.0749,-5.0774],[-43.0733,-5.07773],[-43.07926,-5.1728],[-43.12525,-5.18687],[-43.13179,-5.18386],[-43.1603,-5.12285]]]}},{"type":"Feature","properties":{"id":878,"n":"Parque União","mn":"Timon","mi":2112209,"nl":2,"ap":3941,"cp":3304,"lx":-42.84524,"ly":-5.08882},"geometry":{"type":"Polygon","coordinates":[[[-42.8495,-5.08967],[-42.84677,-5.08524],[-42.84548,-5.08487],[-42.84225,-5.08665],[-42.84176,-5.09029],[-42.84041,-5.09249],[-42.84161,-5.09571],[-42.84308,-5.09649],[-42.84828,-5.09069],[-42.84923,-5.0902],[-42.8495,-5.08967]]]}},{"type":"Feature","properties":{"id":879,"n":"Boa Vista","mn":"Timon","mi":2112209,"nl":1,"ap":2474,"cp":2089,"lx":-42.833,"ly":-5.08466},"geometry":{"type":"Polygon","coordinates":[[[-42.83819,-5.08473],[-42.83645,-5.08153],[-42.83328,-5.07649],[-42.8309,-5.0793],[-42.82711,-5.08461],[-42.82989,-5.09055],[-42.8368,-5.08811],[-42.83819,-5.08473]]]}},{"type":"Feature","properties":{"id":880,"n":"Parque São Francisco","mn":"Timon","mi":2112209,"nl":3,"ap":6126,"cp":5176,"lx":-42.8461,"ly":-5.07327},"geometry":{"type":"Polygon","coordinates":[[[-42.86242,-5.07116],[-42.86149,-5.0636],[-42.83978,-5.06319],[-42.8396,-5.0641],[-42.8363,-5.0723],[-42.8354,-5.074],[-42.83328,-5.07649],[-42.83645,-5.08153],[-42.83819,-5.08473],[-42.84225,-5.08665],[-42.84547,-5.08488],[-42.84677,-5.08524],[-42.86242,-5.07116]]]}},{"type":"Feature","properties":{"id":881,"n":"Centro Operário","mn":"Timon","mi":2112209,"nl":1,"ap":701,"cp":586,"lx":-42.85578,"ly":-5.10164},"geometry":{"type":"Polygon","coordinates":[[[-42.86473,-5.09066],[-42.85004,-5.10023],[-42.85154,-5.1053],[-42.85611,-5.10646],[-42.85853,-5.10601],[-42.86339,-5.09797],[-42.86473,-5.09066]]]}},{"type":"Feature","properties":{"id":882,"n":"Povoado Barra das Pombas","mn":"Timon","mi":2112209,"nl":1,"ap":426,"cp":361,"lx":-42.86368,"ly":-5.02515},"geometry":{"type":"Polygon","coordinates":[[[-42.89243,-5.01528],[-42.85304,-5.00235],[-42.8446,-5.0242],[-42.8425,-5.0336],[-42.84218,-5.04022],[-42.87254,-5.04465],[-42.89243,-5.01528]]]}},{"type":"Feature","properties":{"id":883,"n":"Bela Vista","mn":"Timon","mi":2112209,"nl":2,"ap":4027,"cp":3374,"lx":-42.89765,"ly":-5.1109},"geometry":{"type":"MultiPolygon","coordinates":[[[[-42.85066,-5.09586],[-42.84923,-5.0902],[-42.84829,-5.09068],[-42.84308,-5.09649],[-42.84957,-5.09931],[-42.85066,-5.09586]]],[[[-42.91408,-5.14397],[-42.91015,-5.10126],[-42.86675,-5.08594],[-42.86488,-5.09007],[-42.86339,-5.09797],[-42.91408,-5.14397]]]]}},{"type":"Feature","properties":{"id":884,"n":"Povoado Roncador","mn":"Timon","mi":2112209,"nl":1,"ap":907,"cp":765,"lx":-42.9527,"ly":-5.10431},"geometry":{"type":"Polygon","coordinates":[[[-43.00872,-5.07682],[-42.99127,-5.06665],[-42.93293,-5.05062],[-42.91302,-5.08957],[-42.91015,-5.10125],[-42.91424,-5.14509],[-42.97973,-5.14993],[-43.00872,-5.07682]]]}},{"type":"Feature","properties":{"id":885,"n":"Parque Piaui II","mn":"Timon","mi":2112209,"nl":2,"ap":4228,"cp":3686,"lx":-42.84211,"ly":-5.10011},"geometry":{"type":"Polygon","coordinates":[[[-42.85154,-5.1053],[-42.85004,-5.10024],[-42.84957,-5.09931],[-42.843,-5.09649],[-42.84161,-5.09571],[-42.84012,-5.09656],[-42.83735,-5.09864],[-42.83593,-5.10259],[-42.83636,-5.1038],[-42.83779,-5.10577],[-42.8417,-5.10385],[-42.85084,-5.10568],[-42.85154,-5.1053]]]}},{"type":"Feature","properties":{"id":886,"n":"Flores I","mn":"Timon","mi":2112209,"nl":2,"ap":1290,"cp":1073,"lx":-42.90483,"ly":-5.14294},"geometry":{"type":"MultiPolygon","coordinates":[[[[-42.86488,-5.09007],[-42.85066,-5.09586],[-42.84957,-5.09931],[-42.85004,-5.10023],[-42.86473,-5.09066],[-42.86488,-5.09007]]],[[[-42.91424,-5.14509],[-42.91408,-5.14397],[-42.86339,-5.09797],[-42.85853,-5.10601],[-42.9059,-5.15151],[-42.91424,-5.14509]]]]}},{"type":"Feature","properties":{"id":887,"n":"Localidade Monteiro","mn":"Timon","mi":2112209,"nl":1,"ap":409,"cp":372,"lx":-43.07533,"ly":-5.22481},"geometry":{"type":"Polygon","coordinates":[[[-43.12525,-5.18687],[-43.07926,-5.1728],[-43.01393,-5.19869],[-43.01266,-5.20474],[-43.06806,-5.31343],[-43.11783,-5.2803],[-43.12525,-5.18687]]]}},{"type":"Feature","properties":{"id":888,"n":"Povoado Gameleira","mn":"Timon","mi":2112209,"nl":1,"ap":598,"cp":502,"lx":-42.84758,"ly":-5.19685},"geometry":{"type":"Polygon","coordinates":[[[-42.89357,-5.1633],[-42.87806,-5.15831],[-42.84437,-5.1576],[-42.80237,-5.16705],[-42.8016,-5.1734],[-42.7994,-5.1831],[-42.799,-5.1897],[-42.7997,-5.1959],[-42.8014,-5.2013],[-42.8044,-5.2066],[-42.8089,-5.2131],[-42.8243,-5.2291],[-42.8282,-5.2348],[-42.8295,-5.2393],[-42.8288,-5.2458],[-42.827,-5.2513],[-42.8264,-5.25671],[-42.8232,-5.2644],[-42.8183,-5.271],[-42.8148,-5.277],[-42.8122,-5.2824],[-42.8116,-5.2897],[-42.8135,-5.3084],[-42.8158,-5.318],[-42.8186,-5.3258],[-42.82095,-5.33336],[-42.87073,-5.29147],[-42.89357,-5.1633]]]}},{"type":"Feature","properties":{"id":889,"n":"Povoado Piranhas","mn":"Timon","mi":2112209,"nl":1,"ap":213,"cp":185,"lx":-42.85281,"ly":-5.05264},"geometry":{"type":"Polygon","coordinates":[[[-42.87254,-5.04465],[-42.84218,-5.04022],[-42.8413,-5.0557],[-42.83978,-5.06319],[-42.86149,-5.0636],[-42.86666,-5.05835],[-42.87254,-5.04465]]]}},{"type":"Feature","properties":{"id":890,"n":"Loteamento Boa Vista","mn":"Timon","mi":2112209,"nl":1,"ap":1033,"cp":866,"lx":-42.85295,"ly":-5.09193},"geometry":{"type":"Polygon","coordinates":[[[-42.86656,-5.08618],[-42.8495,-5.08967],[-42.84923,-5.0902],[-42.85066,-5.09586],[-42.86488,-5.09007],[-42.86656,-5.08618]]]}},{"type":"Feature","properties":{"id":891,"n":"Povoado Cajazeiras","mn":"Tutóia","mi":2112506,"nl":1,"ap":717,"cp":574,"lx":-42.21113,"ly":-2.82137},"geometry":{"type":"Polygon","coordinates":[[[-42.22945,-2.82225],[-42.2123,-2.78471],[-42.17554,-2.75945],[-42.20705,-2.8637],[-42.22945,-2.82225]]]}},{"type":"Feature","properties":{"id":892,"n":"Povoado Jardim","mn":"Tutóia","mi":2112506,"nl":1,"ap":1571,"cp":1112,"lx":-42.25532,"ly":-2.85764},"geometry":{"type":"Polygon","coordinates":[[[-42.27252,-2.84264],[-42.24588,-2.83989],[-42.22956,-2.87485],[-42.27013,-2.87389],[-42.27252,-2.84264]]]}},{"type":"Feature","properties":{"id":893,"n":"Povoado Baixao da Curvinha","mn":"Tutóia","mi":2112506,"nl":1,"ap":514,"cp":410,"lx":-42.23766,"ly":-2.9328},"geometry":{"type":"Polygon","coordinates":[[[-42.25378,-2.92727],[-42.25377,-2.92727],[-42.20845,-2.90428],[-42.23827,-2.95989],[-42.25378,-2.92727]]]}},{"type":"Feature","properties":{"id":894,"n":"Barro Duro","mn":"Tutóia","mi":2112506,"nl":3,"ap":3062,"cp":2372,"lx":-42.30388,"ly":-2.90658},"geometry":{"type":"Polygon","coordinates":[[[-42.35863,-2.89243],[-42.33156,-2.86033],[-42.3249,-2.86145],[-42.31382,-2.87112],[-42.28041,-2.89142],[-42.2747,-2.92628],[-42.29217,-2.93865],[-42.29972,-2.94494],[-42.33448,-2.91229],[-42.35863,-2.89243]]]}},{"type":"Feature","properties":{"id":895,"n":"Povoado Sao Bento","mn":"Tutóia","mi":2112506,"nl":1,"ap":776,"cp":618,"lx":-42.38653,"ly":-2.97881},"geometry":{"type":"Polygon","coordinates":[[[-42.44142,-2.92221],[-42.42475,-2.91725],[-42.35047,-2.99366],[-42.39474,-2.99488],[-42.44142,-2.92221]]]}},{"type":"Feature","properties":{"id":896,"n":"Povoado Cocal","mn":"Tutóia","mi":2112506,"nl":1,"ap":812,"cp":640,"lx":-42.4771,"ly":-3.06885},"geometry":{"type":"Polygon","coordinates":[[[-42.53554,-3.01115],[-42.52854,-2.99112],[-42.50608,-2.97375],[-42.43796,-3.09065],[-42.43775,-3.09215],[-42.4903,-3.09204],[-42.53554,-3.01115]]]}},{"type":"Feature","properties":{"id":897,"n":"Povoado Tutoia Velha","mn":"Tutóia","mi":2112506,"nl":1,"ap":916,"cp":722,"lx":-42.35229,"ly":-2.8102},"geometry":{"type":"Polygon","coordinates":[[[-42.3705,-2.77043],[-42.36672,-2.76213],[-42.35733,-2.75939],[-42.33983,-2.81975],[-42.34415,-2.82649],[-42.34636,-2.82596],[-42.36054,-2.8165],[-42.3705,-2.77043]]]}},{"type":"Feature","properties":{"id":898,"n":"Povoado Bom Gosto","mn":"Tutóia","mi":2112506,"nl":2,"ap":2535,"cp":1881,"lx":-42.31727,"ly":-2.83332},"geometry":{"type":"Polygon","coordinates":[[[-42.34415,-2.82649],[-42.33983,-2.81975],[-42.32774,-2.80811],[-42.28698,-2.81858],[-42.28589,-2.81959],[-42.2821,-2.82185],[-42.27793,-2.83874],[-42.3249,-2.86145],[-42.33156,-2.86033],[-42.33868,-2.83781],[-42.34415,-2.82649]]]}},{"type":"Feature","properties":{"id":899,"n":"Povoado Porto de Areia","mn":"Tutóia","mi":2112506,"nl":2,"ap":2773,"cp":2099,"lx":-42.28018,"ly":-2.79514},"geometry":{"type":"Polygon","coordinates":[[[-42.30004,-2.79206],[-42.29628,-2.78397],[-42.29005,-2.78089],[-42.28241,-2.77767],[-42.27933,-2.77876],[-42.27054,-2.78221],[-42.26592,-2.78423],[-42.25621,-2.79015],[-42.2821,-2.82185],[-42.28589,-2.81959],[-42.28698,-2.81858],[-42.29511,-2.79925],[-42.30004,-2.79206]]]}},{"type":"Feature","properties":{"id":900,"n":"Centro","mn":"Tutóia","mi":2112506,"nl":4,"ap":5747,"cp":4648,"lx":-42.27491,"ly":-2.77251},"geometry":{"type":"Polygon","coordinates":[[[-42.28336,-2.77497],[-42.28015,-2.76],[-42.27595,-2.76175],[-42.27402,-2.76159],[-42.26927,-2.75953],[-42.26592,-2.78423],[-42.27054,-2.78221],[-42.27932,-2.77876],[-42.28241,-2.77767],[-42.28336,-2.77497]]]}},{"type":"Feature","properties":{"id":901,"n":"Povoado Arpoador","mn":"Tutóia","mi":2112506,"nl":1,"ap":581,"cp":497,"lx":-42.37944,"ly":-2.73402},"geometry":{"type":"Polygon","coordinates":[[[-42.41503,-2.71425],[-42.4086,-2.714],[-42.4015,-2.7131],[-42.3967,-2.7118],[-42.393,-2.7121],[-42.3888,-2.7143],[-42.3828,-2.7155],[-42.3788,-2.7155],[-42.3746,-2.7151],[-42.3701,-2.7144],[-42.3687,-2.714],[-42.3648,-2.7154],[-42.364,-2.7179],[-42.3629,-2.7232],[-42.3626,-2.7256],[-42.3614,-2.7296],[-42.3565,-2.7348],[-42.3534,-2.7374],[-42.3514,-2.7411],[-42.3486,-2.743],[-42.3453,-2.7458],[-42.3417,-2.74783],[-42.34523,-2.75275],[-42.35733,-2.75939],[-42.36672,-2.76213],[-42.4014,-2.74299],[-42.40965,-2.73157],[-42.41503,-2.71425]]]}},{"type":"Feature","properties":{"id":902,"n":"Povoado Estiva","mn":"Tutóia","mi":2112506,"nl":1,"ap":211,"cp":154,"lx":-42.24703,"ly":-2.81118},"geometry":{"type":"Polygon","coordinates":[[[-42.2821,-2.82185],[-42.25621,-2.79015],[-42.2123,-2.78471],[-42.22945,-2.82225],[-42.24588,-2.83989],[-42.27252,-2.84264],[-42.27793,-2.83874],[-42.2821,-2.82185]]]}},{"type":"Feature","properties":{"id":903,"n":"Povoado Belagua","mn":"Tutóia","mi":2112506,"nl":1,"ap":400,"cp":302,"lx":-42.45033,"ly":-3.02081},"geometry":{"type":"Polygon","coordinates":[[[-42.50608,-2.97375],[-42.48193,-2.92576],[-42.42406,-3.01638],[-42.43796,-3.09065],[-42.50608,-2.97375]]]}},{"type":"Feature","properties":{"id":904,"n":"Povoado Justa","mn":"Tutóia","mi":2112506,"nl":1,"ap":419,"cp":337,"lx":-42.43045,"ly":-2.80188},"geometry":{"type":"Polygon","coordinates":[[[-42.468,-2.78379],[-42.44623,-2.77653],[-42.41352,-2.7809],[-42.40093,-2.79897],[-42.40172,-2.81013],[-42.41408,-2.82533],[-42.46286,-2.82428],[-42.4619,-2.8214],[-42.46051,-2.8214],[-42.45991,-2.82051],[-42.4606,-2.8182],[-42.4584,-2.8154],[-42.4581,-2.813],[-42.4562,-2.81248],[-42.4558,-2.808],[-42.4545,-2.8058],[-42.4544,-2.8032],[-42.45481,-2.8014],[-42.4556,-2.8011],[-42.4583,-2.8013],[-42.461,-2.7993],[-42.4612,-2.797],[-42.463,-2.7939],[-42.4632,-2.791],[-42.4636,-2.78961],[-42.4657,-2.7884],[-42.4676,-2.7862],[-42.468,-2.7844],[-42.468,-2.78379]]]}},{"type":"Feature","properties":{"id":905,"n":"Bairro Comum","mn":"Tutóia","mi":2112506,"nl":1,"ap":2577,"cp":1985,"lx":-42.31043,"ly":-2.78586},"geometry":{"type":"Polygon","coordinates":[[[-42.32528,-2.78502],[-42.31093,-2.7767],[-42.29727,-2.78293],[-42.29628,-2.78397],[-42.30004,-2.79206],[-42.3229,-2.79691],[-42.32528,-2.78502]]]}},{"type":"Feature","properties":{"id":906,"n":"Bairro Paxica","mn":"Tutóia","mi":2112506,"nl":3,"ap":2525,"cp":1992,"lx":-42.29542,"ly":-2.7741},"geometry":{"type":"Polygon","coordinates":[[[-42.31093,-2.7767],[-42.30881,-2.76752],[-42.30316,-2.76859],[-42.29967,-2.76629],[-42.2941,-2.76141],[-42.28336,-2.77497],[-42.28241,-2.77767],[-42.29005,-2.78089],[-42.29628,-2.78397],[-42.29728,-2.78292],[-42.31093,-2.7767]]]}},{"type":"Feature","properties":{"id":907,"n":"Povoado Seriema","mn":"Tutóia","mi":2112506,"nl":1,"ap":1723,"cp":1364,"lx":-42.45258,"ly":-2.76217},"geometry":{"type":"Polygon","coordinates":[[[-42.4876,-2.7033],[-42.4867,-2.70309],[-42.4857,-2.7004],[-42.4802,-2.6992],[-42.4755,-2.6997],[-42.4721,-2.7018],[-42.4652,-2.7049],[-42.4618,-2.706],[-42.4503,-2.709],[-42.4419,-2.7107],[-42.4307,-2.7126],[-42.4216,-2.7139],[-42.4177,-2.7143],[-42.41503,-2.71425],[-42.40965,-2.73157],[-42.44623,-2.77653],[-42.468,-2.78379],[-42.468,-2.7822],[-42.4659,-2.77949],[-42.4655,-2.7779],[-42.466,-2.7754],[-42.4658,-2.7737],[-42.4649,-2.7725],[-42.4649,-2.77142],[-42.4673,-2.7689],[-42.468,-2.7663],[-42.4691,-2.7654],[-42.469,-2.7637],[-42.4696,-2.7621],[-42.46691,-2.7614],[-42.46652,-2.75957],[-42.4683,-2.7604],[-42.4687,-2.7598],[-42.46801,-2.75722],[-42.4691,-2.7567],[-42.4692,-2.7539],[-42.468,-2.7537],[-42.4665,-2.75449],[-42.46494,-2.75342],[-42.4677,-2.7519],[-42.4682,-2.7508],[-42.4664,-2.7491],[-42.46371,-2.749],[-42.4633,-2.7479],[-42.4615,-2.7477],[-42.4587,-2.746],[-42.4558,-2.7448],[-42.4513,-2.7481],[-42.4488,-2.7477],[-42.4401,-2.7482],[-42.4367,-2.7471],[-42.4359,-2.7459],[-42.4335,-2.739],[-42.4332,-2.7368],[-42.4337,-2.7345],[-42.4361,-2.7299],[-42.44231,-2.7237],[-42.4502,-2.7209],[-42.4563,-2.7189],[-42.4684,-2.7165],[-42.4765,-2.7143],[-42.4842,-2.7092],[-42.4862,-2.706],[-42.4876,-2.7033]]]}},{"type":"Feature","properties":{"id":908,"n":"Bairro Barra","mn":"Tutóia","mi":2112506,"nl":2,"ap":2694,"cp":2061,"lx":-42.21568,"ly":-2.74201},"geometry":{"type":"Polygon","coordinates":[[[-42.2802,-2.75954],[-42.26997,-2.75519],[-42.2666,-2.7565],[-42.26363,-2.75789],[-42.2632,-2.7573],[-42.25262,-2.73813],[-42.2556,-2.7366],[-42.2571,-2.7351],[-42.25866,-2.73427],[-42.23598,-2.68787],[-42.2333,-2.6915],[-42.2316,-2.6942],[-42.22951,-2.69648],[-42.2226,-2.6922],[-42.2216,-2.6936],[-42.2129,-2.7016],[-42.2067,-2.7055],[-42.1991,-2.7087],[-42.1946,-2.7099],[-42.1894,-2.7101],[-42.1858,-2.7105],[-42.1802,-2.7122],[-42.1744,-2.7147],[-42.1699,-2.7169],[-42.1586,-2.7198],[-42.1545,-2.7197],[-42.1526,-2.7199],[-42.1493,-2.7211],[-42.1461,-2.723],[-42.1419,-2.7266],[-42.13908,-2.72856],[-42.17554,-2.75945],[-42.2123,-2.78471],[-42.25621,-2.79015],[-42.26592,-2.78423],[-42.26927,-2.75956],[-42.27402,-2.7616],[-42.27596,-2.76175],[-42.28015,-2.76],[-42.2802,-2.75954]]]}},{"type":"Feature","properties":{"id":909,"n":"Povoado Sao Jose das Frexeiras","mn":"Tutóia","mi":2112506,"nl":1,"ap":281,"cp":221,"lx":-42.15269,"ly":-2.77527},"geometry":{"type":"Polygon","coordinates":[[[-42.20705,-2.8637],[-42.17554,-2.75945],[-42.13908,-2.72856],[-42.1367,-2.7302],[-42.1349,-2.732],[-42.1321,-2.7381],[-42.1303,-2.7403],[-42.1281,-2.7415],[-42.1249,-2.7429],[-42.1195,-2.7442],[-42.1178,-2.7451],[-42.117,-2.7469],[-42.1161,-2.7519],[-42.1161,-2.7547],[-42.1165,-2.7568],[-42.1184,-2.7609],[-42.1201,-2.7619],[-42.1248,-2.7632],[-42.1257,-2.7639],[-42.1267,-2.76561],[-42.1271,-2.7678],[-42.1265,-2.7719],[-42.1252,-2.7735],[-42.1226,-2.7754],[-42.1221,-2.7774],[-42.1222,-2.7793],[-42.1243,-2.7826],[-42.1246,-2.7847],[-42.1242,-2.7867],[-42.1251,-2.7884],[-42.1275,-2.7908],[-42.1287,-2.7924],[-42.1285,-2.7943],[-42.1273,-2.7959],[-42.1264,-2.7997],[-42.1276,-2.8012],[-42.131,-2.8012],[-42.1331,-2.8007],[-42.1353,-2.8007],[-42.1404,-2.8013],[-42.1436,-2.801],[-42.14569,-2.8013],[-42.1465,-2.8021],[-42.1515,-2.8055],[-42.153,-2.8057],[-42.1577,-2.807],[-42.1618,-2.8087],[-42.1648,-2.8092],[-42.17089,-2.8118],[-42.17389,-2.81479],[-42.1744,-2.8168],[-42.1742,-2.8188],[-42.1732,-2.8219],[-42.1729,-2.8239],[-42.1747,-2.825],[-42.17661,-2.82432],[-42.1771,-2.82531],[-42.1771,-2.8279],[-42.1779,-2.8298],[-42.17936,-2.83108],[-42.1776,-2.8317],[-42.1765,-2.8335],[-42.1736,-2.8356],[-42.1734,-2.8367],[-42.1743,-2.8407],[-42.1767,-2.8442],[-42.20354,-2.89499],[-42.20414,-2.8941],[-42.20705,-2.8637]]]}},{"type":"Feature","properties":{"id":910,"n":"Povoado Baixao do Murici","mn":"Tutóia","mi":2112506,"nl":1,"ap":514,"cp":398,"lx":-42.27445,"ly":-2.96339},"geometry":{"type":"Polygon","coordinates":[[[-42.32171,-3.00163],[-42.29972,-2.94494],[-42.29217,-2.93865],[-42.2747,-2.92628],[-42.25378,-2.92727],[-42.23827,-2.95989],[-42.29616,-3.06802],[-42.32171,-3.00163]]]}},{"type":"Feature","properties":{"id":911,"n":"Povoado Lagoinha","mn":"Tutóia","mi":2112506,"nl":1,"ap":844,"cp":690,"lx":-42.33608,"ly":-2.79044},"geometry":{"type":"Polygon","coordinates":[[[-42.35733,-2.75939],[-42.34523,-2.75275],[-42.32528,-2.78502],[-42.3229,-2.79691],[-42.32774,-2.80811],[-42.33983,-2.81975],[-42.35733,-2.75939]]]}},{"type":"Feature","properties":{"id":912,"n":"Povoado Riacho do Meio do Carmo","mn":"Tutóia","mi":2112506,"nl":1,"ap":774,"cp":603,"lx":-42.53598,"ly":-2.95795},"geometry":{"type":"Polygon","coordinates":[[[-42.5926,-2.9699],[-42.5925,-2.9654],[-42.5918,-2.9638],[-42.5902,-2.9623],[-42.5882,-2.9611],[-42.5878,-2.9596],[-42.58449,-2.9604],[-42.5834,-2.9599],[-42.5811,-2.9583],[-42.5793,-2.9558],[-42.5775,-2.9546],[-42.57551,-2.9549],[-42.5746,-2.9535],[-42.5728,-2.9537],[-42.57121,-2.9531],[-42.5705,-2.952],[-42.5702,-2.9501],[-42.5673,-2.9469],[-42.5674,-2.9443],[-42.5671,-2.9418],[-42.5678,-2.938],[-42.56731,-2.9369],[-42.5694,-2.9351],[-42.5704,-2.9336],[-42.5714,-2.9307],[-42.5711,-2.9293],[-42.5716,-2.9275],[-42.5732,-2.9254],[-42.5724,-2.9239],[-42.5719,-2.9214],[-42.5695,-2.9202],[-42.5655,-2.9198],[-42.5623,-2.92149],[-42.5605,-2.9204],[-42.5583,-2.9204],[-42.5585,-2.92319],[-42.5579,-2.924],[-42.5507,-2.9275],[-42.5485,-2.9275],[-42.545,-2.9271],[-42.5421,-2.9275],[-42.5384,-2.9271],[-42.5358,-2.9261],[-42.53042,-2.9258],[-42.5293,-2.9229],[-42.5248,-2.9225],[-42.5236,-2.9219],[-42.5201,-2.9216],[-42.5172,-2.9191],[-42.5154,-2.9186],[-42.5134,-2.9193],[-42.5106,-2.9185],[-42.508,-2.9189],[-42.5058,-2.9181],[-42.5014,-2.9137],[-42.49574,-2.90535],[-42.48179,-2.92511],[-42.48193,-2.92576],[-42.50608,-2.97375],[-42.52854,-2.99112],[-42.59114,-2.97625],[-42.5922,-2.9743],[-42.5921,-2.9715],[-42.5926,-2.9699]]]}},{"type":"Feature","properties":{"id":913,"n":"Povoado Tamboril","mn":"Tutóia","mi":2112506,"nl":1,"ap":509,"cp":389,"lx":-42.25393,"ly":-2.89912},"geometry":{"type":"Polygon","coordinates":[[[-42.28041,-2.89142],[-42.27013,-2.87389],[-42.22956,-2.87485],[-42.20414,-2.8941],[-42.20354,-2.89499],[-42.20845,-2.90428],[-42.25378,-2.92727],[-42.2747,-2.92628],[-42.28041,-2.89142]]]}},{"type":"Feature","properties":{"id":914,"n":"Povoado Taboal","mn":"Tutóia","mi":2112506,"nl":1,"ap":632,"cp":516,"lx":-42.30492,"ly":-2.76129},"geometry":{"type":"Polygon","coordinates":[[[-42.32179,-2.75248],[-42.3185,-2.7532],[-42.3084,-2.7542],[-42.2987,-2.7544],[-42.29442,-2.75406],[-42.2941,-2.76141],[-42.29967,-2.76629],[-42.30317,-2.76859],[-42.30881,-2.76752],[-42.32179,-2.75248]]]}},{"type":"Feature","properties":{"id":915,"n":"Bairro Sao Jose","mn":"Tutóia","mi":2112506,"nl":1,"ap":1190,"cp":934,"lx":-42.24913,"ly":-2.69231},"geometry":{"type":"MultiPolygon","coordinates":[[[[-42.2627,-2.7279],[-42.2609,-2.7205],[-42.2603,-2.717],[-42.2599,-2.7078],[-42.2584,-2.7014],[-42.2593,-2.694],[-42.26,-2.6904],[-42.2596,-2.6885],[-42.2586,-2.6871],[-42.2561,-2.6852],[-42.2554,-2.68311],[-42.2568,-2.6798],[-42.2576,-2.6765],[-42.2569,-2.6757],[-42.255,-2.6758],[-42.2518,-2.677],[-42.245,-2.68],[-42.2431,-2.681],[-42.2381,-2.685],[-42.23598,-2.68787],[-42.25866,-2.73427],[-42.2601,-2.7335],[-42.2612,-2.7318],[-42.2627,-2.7279]]],[[[-42.28503,-2.7535],[-42.2824,-2.7528],[-42.2777,-2.7529],[-42.2738,-2.7537],[-42.26997,-2.75519],[-42.2802,-2.75954],[-42.28503,-2.7535]]]]}},{"type":"Feature","properties":{"id":916,"n":"Povoado Santana dos Carvalho","mn":"Tutóia","mi":2112506,"nl":1,"ap":938,"cp":744,"lx":-42.66324,"ly":-3.08632},"geometry":{"type":"Polygon","coordinates":[[[-42.6966,-3.0626],[-42.6934,-3.0619],[-42.6915,-3.0609],[-42.6869,-3.0597],[-42.6846,-3.0597],[-42.68041,-3.0592],[-42.6798,-3.0586],[-42.6744,-3.0562],[-42.6721,-3.0549],[-42.6701,-3.0549],[-42.6644,-3.0495],[-42.6634,-3.049],[-42.6606,-3.0487],[-42.65911,-3.0481],[-42.6588,-3.0461],[-42.6545,-3.0437],[-42.6516,-3.0425],[-42.6493,-3.0423],[-42.64621,-3.0409],[-42.6451,-3.0399],[-42.6402,-3.0395],[-42.63929,-3.03932],[-42.62828,-3.0501],[-42.63578,-3.13676],[-42.69643,-3.10449],[-42.6965,-3.0641],[-42.6966,-3.0626]]]}},{"type":"Feature","properties":{"id":917,"n":"Povoado Sao Benedito","mn":"Tutóia","mi":2112506,"nl":1,"ap":729,"cp":598,"lx":-42.67996,"ly":-3.13193},"geometry":{"type":"Polygon","coordinates":[[[-42.69643,-3.10449],[-42.63578,-3.13676],[-42.63414,-3.14335],[-42.65599,-3.15468],[-42.69635,-3.14517],[-42.69643,-3.10449]]]}},{"type":"Feature","properties":{"id":918,"n":"Povoado Buritizinho","mn":"Tutóia","mi":2112506,"nl":1,"ap":465,"cp":377,"lx":-42.59956,"ly":-3.08953},"geometry":{"type":"Polygon","coordinates":[[[-42.63578,-3.13676],[-42.62828,-3.0501],[-42.58327,-3.05904],[-42.54913,-3.09937],[-42.63414,-3.14335],[-42.63578,-3.13676]]]}},{"type":"Feature","properties":{"id":919,"n":"Povoado Ananas I","mn":"Tutóia","mi":2112506,"nl":1,"ap":254,"cp":201,"lx":-42.58916,"ly":-3.03867},"geometry":{"type":"Polygon","coordinates":[[[-42.63929,-3.03932],[-42.6387,-3.0392],[-42.6368,-3.0377],[-42.633,-3.0373],[-42.6321,-3.0377],[-42.6299,-3.04029],[-42.62781,-3.0402],[-42.6258,-3.0366],[-42.6235,-3.0345],[-42.6193,-3.034],[-42.6172,-3.0334],[-42.6128,-3.0315],[-42.6113,-3.0317],[-42.6078,-3.0317],[-42.6052,-3.0295],[-42.6008,-3.0238],[-42.5979,-3.022],[-42.5936,-3.0204],[-42.59169,-3.02009],[-42.5876,-3.0168],[-42.5856,-3.0141],[-42.5832,-3.0123],[-42.5801,-3.0083],[-42.5765,-3.0059],[-42.5732,-3.0032],[-42.57211,-3.0004],[-42.5731,-2.999],[-42.5743,-2.9956],[-42.57431,-2.99109],[-42.5756,-2.9892],[-42.5769,-2.9881],[-42.5795,-2.9872],[-42.5835,-2.9874],[-42.5856,-2.9863],[-42.5881,-2.9841],[-42.5897,-2.9799],[-42.5908,-2.9779],[-42.5909,-2.9767],[-42.59114,-2.97625],[-42.52854,-2.99112],[-42.53554,-3.01115],[-42.58327,-3.05904],[-42.62828,-3.0501],[-42.63929,-3.03932]]]}},{"type":"Feature","properties":{"id":920,"n":"Povoado Bezerro","mn":"Tutóia","mi":2112506,"nl":1,"ap":132,"cp":104,"lx":-42.37151,"ly":-2.86838},"geometry":{"type":"Polygon","coordinates":[[[-42.3984,-2.85362],[-42.34636,-2.82596],[-42.34415,-2.82649],[-42.33868,-2.8378],[-42.33156,-2.86033],[-42.35863,-2.89243],[-42.38614,-2.89997],[-42.39442,-2.89962],[-42.3984,-2.85362]]]}},{"type":"Feature","properties":{"id":921,"n":"Povoado Poco Dantas","mn":"Tutóia","mi":2112506,"nl":1,"ap":216,"cp":160,"lx":-42.22012,"ly":-2.86573},"geometry":{"type":"Polygon","coordinates":[[[-42.24588,-2.83989],[-42.22945,-2.82225],[-42.20705,-2.8637],[-42.20414,-2.8941],[-42.22956,-2.87485],[-42.24588,-2.83989]]]}},{"type":"Feature","properties":{"id":922,"n":"Povoado Santa Clara","mn":"Tutóia","mi":2112506,"nl":1,"ap":490,"cp":385,"lx":-42.43331,"ly":-2.87922},"geometry":{"type":"Polygon","coordinates":[[[-42.49574,-2.90535],[-42.44524,-2.83106],[-42.4476,-2.831],[-42.4494,-2.8304],[-42.4509,-2.831],[-42.4547,-2.8312],[-42.4603,-2.8324],[-42.4668,-2.8324],[-42.4677,-2.8314],[-42.46471,-2.82801],[-42.4645,-2.8264],[-42.46286,-2.82428],[-42.41408,-2.82533],[-42.3984,-2.85362],[-42.39442,-2.89962],[-42.42475,-2.91725],[-42.44142,-2.92221],[-42.48179,-2.92511],[-42.49574,-2.90535]]]}},{"type":"Feature","properties":{"id":923,"n":"Bairro Cajueiro","mn":"Tutóia","mi":2112506,"nl":1,"ap":474,"cp":396,"lx":-42.28662,"ly":-2.76137},"geometry":{"type":"Polygon","coordinates":[[[-42.29442,-2.75406],[-42.2925,-2.7539],[-42.2877,-2.7542],[-42.28503,-2.7535],[-42.2802,-2.75954],[-42.28015,-2.76],[-42.28336,-2.77497],[-42.2941,-2.76141],[-42.29442,-2.75406]]]}},{"type":"Feature","properties":{"id":924,"n":"Povoado Lagoa Grande","mn":"Tutóia","mi":2112506,"nl":1,"ap":683,"cp":553,"lx":-42.32161,"ly":-2.76994},"geometry":{"type":"Polygon","coordinates":[[[-42.34523,-2.75275],[-42.3417,-2.74783],[-42.3386,-2.7492],[-42.3336,-2.7504],[-42.3286,-2.7514],[-42.3249,-2.7518],[-42.32179,-2.75248],[-42.30881,-2.76752],[-42.31093,-2.7767],[-42.32528,-2.78502],[-42.34523,-2.75275]]]}},{"type":"Feature","properties":{"id":925,"n":"Povoado Lagoa Grande dos Cabrinhas","mn":"Tutóia","mi":2112506,"nl":1,"ap":245,"cp":197,"lx":-42.39176,"ly":-2.76771},"geometry":{"type":"Polygon","coordinates":[[[-42.41352,-2.7809],[-42.4014,-2.74299],[-42.36672,-2.76213],[-42.3705,-2.77043],[-42.40093,-2.79897],[-42.41352,-2.7809]]]}},{"type":"Feature","properties":{"id":926,"n":"Povoado Curralinho","mn":"Tutóia","mi":2112506,"nl":1,"ap":380,"cp":332,"lx":-42.42608,"ly":-2.9796},"geometry":{"type":"Polygon","coordinates":[[[-42.48193,-2.92576],[-42.48179,-2.92511],[-42.44142,-2.92221],[-42.39474,-2.99488],[-42.42406,-3.01638],[-42.48193,-2.92576]]]}},{"type":"Feature","properties":{"id":927,"n":"Povoado Fazenda Velha","mn":"Tutóia","mi":2112506,"nl":1,"ap":452,"cp":351,"lx":-42.42206,"ly":-2.76654},"geometry":{"type":"Polygon","coordinates":[[[-42.44623,-2.77653],[-42.40965,-2.73157],[-42.40965,-2.73157],[-42.4014,-2.74299],[-42.41352,-2.7809],[-42.44623,-2.77653]]]}},{"type":"Feature","properties":{"id":928,"n":"Povoado Santo Hilario","mn":"Tutóia","mi":2112506,"nl":1,"ap":360,"cp":303,"lx":-42.68566,"ly":-3.15825},"geometry":{"type":"Polygon","coordinates":[[[-42.69635,-3.14517],[-42.69635,-3.14517],[-42.65599,-3.15468],[-42.6963,-3.1756],[-42.69635,-3.14517]]]}},{"type":"Feature","properties":{"id":929,"n":"Povoado Sao Joao dos Tomaz","mn":"Tutóia","mi":2112506,"nl":1,"ap":177,"cp":153,"lx":-42.32706,"ly":-2.95065},"geometry":{"type":"Polygon","coordinates":[[[-42.38614,-2.89997],[-42.35863,-2.89243],[-42.33448,-2.91229],[-42.29972,-2.94494],[-42.32171,-3.00163],[-42.32258,-3.00118],[-42.38614,-2.89997]]]}},{"type":"Feature","properties":{"id":930,"n":"Povoado Santa Rosa dos Tomaz","mn":"Tutóia","mi":2112506,"nl":1,"ap":280,"cp":235,"lx":-42.3948,"ly":-2.92124},"geometry":{"type":"Polygon","coordinates":[[[-42.42475,-2.91725],[-42.39442,-2.89962],[-42.38614,-2.89997],[-42.32258,-3.00118],[-42.35047,-2.99366],[-42.42475,-2.91725]]]}},{"type":"Feature","properties":{"id":931,"n":"Povoado Munguba","mn":"Tutóia","mi":2112506,"nl":1,"ap":148,"cp":119,"lx":-42.35861,"ly":-3.04327},"geometry":{"type":"Polygon","coordinates":[[[-42.43796,-3.09065],[-42.42406,-3.01638],[-42.39474,-2.99488],[-42.35047,-2.99366],[-42.32258,-3.00118],[-42.32171,-3.00163],[-42.29616,-3.06802],[-42.3093,-3.0925],[-42.43775,-3.09215],[-42.43796,-3.09065]]]}},{"type":"Feature","properties":{"id":932,"n":"Povoado Mangueira","mn":"Tutóia","mi":2112506,"nl":1,"ap":117,"cp":100,"lx":-42.39132,"ly":-2.82949},"geometry":{"type":"Polygon","coordinates":[[[-42.41408,-2.82533],[-42.40172,-2.81013],[-42.36054,-2.8165],[-42.34636,-2.82596],[-42.3984,-2.85362],[-42.41408,-2.82533]]]}},{"type":"Feature","properties":{"id":933,"n":"Povoado Passagem dos Bois","mn":"Tutóia","mi":2112506,"nl":1,"ap":399,"cp":316,"lx":-42.37952,"ly":-2.79881},"geometry":{"type":"Polygon","coordinates":[[[-42.40172,-2.81013],[-42.40093,-2.79897],[-42.3705,-2.77043],[-42.36054,-2.8165],[-42.40172,-2.81013]]]}},{"type":"Feature","properties":{"id":934,"n":"Povoado Surrao","mn":"Tutóia","mi":2112506,"nl":1,"ap":516,"cp":393,"lx":-42.54157,"ly":-3.06181},"geometry":{"type":"Polygon","coordinates":[[[-42.58327,-3.05904],[-42.53554,-3.01115],[-42.4903,-3.09204],[-42.53469,-3.0919],[-42.54913,-3.09937],[-42.58327,-3.05904]]]}},{"type":"Feature","properties":{"id":935,"n":"Povoado Remanso","mn":"Tutóia","mi":2112506,"nl":1,"ap":195,"cp":176,"lx":-42.2893,"ly":-2.86446},"geometry":{"type":"Polygon","coordinates":[[[-42.3249,-2.86145],[-42.27793,-2.83874],[-42.27252,-2.84264],[-42.27013,-2.87389],[-42.28041,-2.89142],[-42.31382,-2.87112],[-42.3249,-2.86145]]]}},{"type":"Feature","properties":{"id":936,"n":"Residencial Expedito Baquil","mn":"Tutóia","mi":2112506,"nl":1,"ap":268,"cp":202,"lx":-42.30474,"ly":-2.80346},"geometry":{"type":"Polygon","coordinates":[[[-42.32774,-2.80811],[-42.3229,-2.79691],[-42.30004,-2.79206],[-42.29511,-2.79925],[-42.28698,-2.81858],[-42.32774,-2.80811]]]}},{"type":"Feature","properties":{"id":937,"n":"Canaã","mn":"Santa Inês","mi":2109908,"nl":2,"ap":2386,"cp":1913,"lx":-45.39924,"ly":-3.65724},"geometry":{"type":"Polygon","coordinates":[[[-45.41088,-3.67426],[-45.4083,-3.6576],[-45.4061,-3.6549],[-45.4042,-3.653],[-45.4034,-3.6505],[-45.401,-3.65],[-45.3984,-3.6474],[-45.39711,-3.64665],[-45.39445,-3.64988],[-45.39178,-3.66093],[-45.39201,-3.66153],[-45.39453,-3.66151],[-45.40373,-3.67062],[-45.41088,-3.67426]]]}},{"type":"Feature","properties":{"id":938,"n":"Centro","mn":"Santa Inês","mi":2109908,"nl":7,"ap":9399,"cp":7586,"lx":-45.37789,"ly":-3.65699},"geometry":{"type":"Polygon","coordinates":[[[-45.38419,-3.65629],[-45.3818,-3.65199],[-45.37979,-3.65265],[-45.3768,-3.65238],[-45.37643,-3.65218],[-45.37025,-3.65252],[-45.36979,-3.65477],[-45.36928,-3.65589],[-45.36533,-3.65828],[-45.36914,-3.66353],[-45.37376,-3.65969],[-45.37419,-3.6598],[-45.37496,-3.66048],[-45.37676,-3.66589],[-45.38029,-3.665],[-45.38069,-3.66462],[-45.38165,-3.65976],[-45.38303,-3.65845],[-45.38419,-3.65629]]]}},{"type":"Feature","properties":{"id":939,"n":"Bairro do Aeroporto","mn":"Santa Inês","mi":2109908,"nl":1,"ap":2824,"cp":2200,"lx":-45.37208,"ly":-3.64875},"geometry":{"type":"Polygon","coordinates":[[[-45.37643,-3.65218],[-45.3745,-3.64625],[-45.36788,-3.64403],[-45.37025,-3.65252],[-45.37643,-3.65218]]]}},{"type":"Feature","properties":{"id":940,"n":"Nova Santa Inês","mn":"Santa Inês","mi":2109908,"nl":1,"ap":1831,"cp":1496,"lx":-45.38326,"ly":-3.66192},"geometry":{"type":"Polygon","coordinates":[[[-45.3875,-3.66397],[-45.38303,-3.65845],[-45.38165,-3.65975],[-45.38069,-3.66462],[-45.38699,-3.66431],[-45.3875,-3.66397]]]}},{"type":"Feature","properties":{"id":941,"n":"Palmeira","mn":"Santa Inês","mi":2109908,"nl":3,"ap":3689,"cp":2968,"lx":-45.37262,"ly":-3.66638},"geometry":{"type":"Polygon","coordinates":[[[-45.37676,-3.66589],[-45.37496,-3.66048],[-45.37419,-3.6598],[-45.37377,-3.65968],[-45.36914,-3.66353],[-45.36847,-3.66516],[-45.36914,-3.6678],[-45.36991,-3.67245],[-45.37429,-3.67307],[-45.37676,-3.66589]]]}},{"type":"Feature","properties":{"id":942,"n":"Vila Marcony Farias","mn":"Santa Inês","mi":2109908,"nl":1,"ap":959,"cp":755,"lx":-45.34162,"ly":-3.67279},"geometry":{"type":"Polygon","coordinates":[[[-45.36456,-3.67289],[-45.36031,-3.6675],[-45.34204,-3.66882],[-45.32943,-3.67174],[-45.33069,-3.67331],[-45.32721,-3.67879],[-45.36456,-3.67289]]]}},{"type":"Feature","properties":{"id":943,"n":"Santo Antônio","mn":"Santa Inês","mi":2109908,"nl":2,"ap":3423,"cp":2802,"lx":-45.38792,"ly":-3.65988},"geometry":{"type":"Polygon","coordinates":[[[-45.39201,-3.66153],[-45.38908,-3.6558],[-45.38591,-3.65652],[-45.38419,-3.65629],[-45.38303,-3.65845],[-45.3875,-3.66397],[-45.38921,-3.66356],[-45.39201,-3.66153]]]}},{"type":"Feature","properties":{"id":944,"n":"São Benedito","mn":"Santa Inês","mi":2109908,"nl":2,"ap":3312,"cp":2682,"lx":-45.37688,"ly":-3.63889},"geometry":{"type":"Polygon","coordinates":[[[-45.39039,-3.6431],[-45.387,-3.6415],[-45.3843,-3.6378],[-45.3836,-3.635],[-45.3837,-3.631],[-45.382,-3.6303],[-45.3786,-3.6306],[-45.3731,-3.6324],[-45.3717,-3.632],[-45.3681,-3.6343],[-45.3658,-3.6354],[-45.36219,-3.63768],[-45.36788,-3.64403],[-45.3745,-3.64625],[-45.37726,-3.64603],[-45.38253,-3.64994],[-45.39039,-3.6431]]]}},{"type":"Feature","properties":{"id":945,"n":"Coheb","mn":"Santa Inês","mi":2109908,"nl":1,"ap":1015,"cp":824,"lx":-45.36596,"ly":-3.66943},"geometry":{"type":"Polygon","coordinates":[[[-45.36991,-3.67245],[-45.36914,-3.6678],[-45.36847,-3.66516],[-45.36051,-3.66766],[-45.36529,-3.67372],[-45.36991,-3.67245]]]}},{"type":"Feature","properties":{"id":946,"n":"Cohab","mn":"Santa Inês","mi":2109908,"nl":1,"ap":2362,"cp":1870,"lx":-45.35315,"ly":-3.68271},"geometry":{"type":"Polygon","coordinates":[[[-45.36529,-3.67372],[-45.36456,-3.67289],[-45.32721,-3.67879],[-45.32691,-3.67927],[-45.34041,-3.68567],[-45.34285,-3.68415],[-45.34217,-3.68651],[-45.35244,-3.69138],[-45.35923,-3.68877],[-45.36529,-3.67372]]]}},{"type":"Feature","properties":{"id":947,"n":"Parque Santa Cruz","mn":"Santa Inês","mi":2109908,"nl":2,"ap":3474,"cp":2720,"lx":-45.365,"ly":-3.66297},"geometry":{"type":"Polygon","coordinates":[[[-45.36914,-3.66353],[-45.36533,-3.65828],[-45.36305,-3.65831],[-45.36183,-3.66293],[-45.36031,-3.6675],[-45.36052,-3.66766],[-45.36847,-3.66516],[-45.36914,-3.66353]]]}},{"type":"Feature","properties":{"id":948,"n":"Vila Conceição","mn":"Santa Inês","mi":2109908,"nl":1,"ap":1931,"cp":1513,"lx":-45.3575,"ly":-3.66366},"geometry":{"type":"Polygon","coordinates":[[[-45.36305,-3.65831],[-45.36104,-3.65659],[-45.34204,-3.66882],[-45.36031,-3.6675],[-45.36183,-3.66293],[-45.36305,-3.65831]]]}},{"type":"Feature","properties":{"id":949,"n":"Canecão","mn":"Santa Inês","mi":2109908,"nl":2,"ap":2599,"cp":2101,"lx":-45.38823,"ly":-3.66804},"geometry":{"type":"Polygon","coordinates":[[[-45.39047,-3.66625],[-45.38921,-3.66356],[-45.3875,-3.66397],[-45.38699,-3.66431],[-45.38607,-3.66884],[-45.38535,-3.67059],[-45.38769,-3.67284],[-45.39011,-3.67071],[-45.39014,-3.66759],[-45.39047,-3.66625]]]}},{"type":"Feature","properties":{"id":950,"n":"Povoado Água Preta","mn":"Santa Inês","mi":2109908,"nl":1,"ap":509,"cp":423,"lx":-45.37573,"ly":-3.87236},"geometry":{"type":"Polygon","coordinates":[[[-45.40632,-3.87874],[-45.40573,-3.86512],[-45.33421,-3.81583],[-45.32842,-3.81605],[-45.3312,-3.8172],[-45.3338,-3.8198],[-45.3367,-3.8208],[-45.3378,-3.8219],[-45.3382,-3.8256],[-45.3406,-3.8279],[-45.3413,-3.8298],[-45.3415,-3.8338],[-45.3424,-3.8371],[-45.3424,-3.8414],[-45.3433,-3.84311],[-45.3427,-3.8473],[-45.3412,-3.8488],[-45.3394,-3.8493],[-45.3358,-3.8484],[-45.3337,-3.8469],[-45.3316,-3.846],[-45.3284,-3.844],[-45.3264,-3.844],[-45.3256,-3.8451],[-45.3269,-3.8467],[-45.327,-3.8487],[-45.3306,-3.8517],[-45.33149,-3.85319],[-45.3306,-3.8542],[-45.3288,-3.8549],[-45.3286,-3.856],[-45.331,-3.8579],[-45.3337,-3.8573],[-45.3364,-3.8587],[-45.3391,-3.8566],[-45.34109,-3.85671],[-45.3414,-3.8588],[-45.3401,-3.8621],[-45.3405,-3.8633],[-45.339,-3.866],[-45.339,-3.8677],[-45.3399,-3.87],[-45.3423,-3.8701],[-45.3438,-3.8712],[-45.3464,-3.87161],[-45.3477,-3.8741],[-45.3474,-3.8772],[-45.3486,-3.8795],[-45.3508,-3.88091],[-45.3527,-3.8842],[-45.3545,-3.8861],[-45.3584,-3.8878],[-45.3623,-3.8924],[-45.3653,-3.893],[-45.3667,-3.8944],[-45.3684,-3.9008],[-45.3701,-3.904],[-45.3727,-3.90781],[-45.3722,-3.912],[-45.3714,-3.9159],[-45.3712,-3.9179],[-45.3706,-3.9206],[-45.3692,-3.9235],[-45.36955,-3.92628],[-45.37629,-3.92389],[-45.40632,-3.87874]]]}},{"type":"Feature","properties":{"id":951,"n":"Sabak","mn":"Santa Inês","mi":2109908,"nl":2,"ap":3512,"cp":2711,"lx":-45.39563,"ly":-3.67571},"geometry":{"type":"Polygon","coordinates":[[[-45.41094,-3.67466],[-45.41088,-3.67426],[-45.40373,-3.67062],[-45.40027,-3.67012],[-45.39047,-3.66625],[-45.39014,-3.66759],[-45.3901,-3.67071],[-45.38769,-3.67284],[-45.38964,-3.68711],[-45.41094,-3.67466]]]}},{"type":"Feature","properties":{"id":952,"n":"Povoado Boa Vista","mn":"Santa Inês","mi":2109908,"nl":1,"ap":350,"cp":287,"lx":-45.49806,"ly":-3.91475},"geometry":{"type":"Polygon","coordinates":[[[-45.53764,-3.93508],[-45.53065,-3.89529],[-45.4902,-3.86698],[-45.45786,-3.89818],[-45.46715,-3.93813],[-45.47109,-3.94314],[-45.50585,-3.95308],[-45.53764,-3.93508]]]}},{"type":"Feature","properties":{"id":953,"n":"Povoado São José do Aterrado","mn":"Santa Inês","mi":2109908,"nl":1,"ap":636,"cp":523,"lx":-45.34799,"ly":-3.77503},"geometry":{"type":"Polygon","coordinates":[[[-45.39125,-3.77953],[-45.34569,-3.73434],[-45.32541,-3.73911],[-45.3225,-3.7475],[-45.3244,-3.7525],[-45.3245,-3.7545],[-45.3236,-3.7577],[-45.3226,-3.7641],[-45.3219,-3.7665],[-45.3205,-3.7685],[-45.32,-3.7712],[-45.3184,-3.7759],[-45.3179,-3.7791],[-45.3179,-3.7813],[-45.321,-3.7847],[-45.323,-3.7877],[-45.3233,-3.7895],[-45.3258,-3.7923],[-45.3265,-3.794],[-45.3269,-3.7989],[-45.328,-3.8023],[-45.3284,-3.8054],[-45.328,-3.8068],[-45.3267,-3.8099],[-45.3263,-3.8125],[-45.327,-3.815],[-45.3283,-3.816],[-45.33421,-3.81583],[-45.39125,-3.77953]]]}},{"type":"Feature","properties":{"id":954,"n":"Povoado Colônia G3","mn":"Santa Inês","mi":2109908,"nl":1,"ap":147,"cp":119,"lx":-45.38968,"ly":-3.74597},"geometry":{"type":"Polygon","coordinates":[[[-45.42049,-3.73867],[-45.39156,-3.72068],[-45.36122,-3.72247],[-45.34569,-3.73434],[-45.39125,-3.77953],[-45.39728,-3.77774],[-45.42049,-3.73867]]]}},{"type":"Feature","properties":{"id":955,"n":"Povoado Santa Filomena","mn":"Santa Inês","mi":2109908,"nl":1,"ap":747,"cp":588,"lx":-45.40066,"ly":-3.6979},"geometry":{"type":"Polygon","coordinates":[[[-45.43133,-3.73445],[-45.4272,-3.7288],[-45.4236,-3.7225],[-45.4204,-3.7155],[-45.4164,-3.7073],[-45.4147,-3.6989],[-45.41094,-3.67466],[-45.38964,-3.68711],[-45.38514,-3.69201],[-45.39156,-3.72068],[-45.42049,-3.73867],[-45.43133,-3.73445]]]}},{"type":"Feature","properties":{"id":956,"n":"Povoado Fazendinha","mn":"Santa Inês","mi":2109908,"nl":1,"ap":111,"cp":90,"lx":-45.56047,"ly":-3.91506},"geometry":{"type":"Polygon","coordinates":[[[-45.5982,-3.9153],[-45.5918,-3.91],[-45.5842,-3.9034],[-45.5638,-3.8785],[-45.55148,-3.86912],[-45.53065,-3.89529],[-45.53764,-3.93508],[-45.5811,-3.94962],[-45.5813,-3.94719],[-45.5982,-3.9153]]]}},{"type":"Feature","properties":{"id":957,"n":"Povoado Campo Novo","mn":"Santa Inês","mi":2109908,"nl":1,"ap":523,"cp":422,"lx":-45.38577,"ly":-3.96768},"geometry":{"type":"Polygon","coordinates":[[[-45.42244,-3.97643],[-45.38982,-3.93213],[-45.37629,-3.92389],[-45.36956,-3.92628],[-45.371,-3.9309],[-45.3714,-3.9335],[-45.3705,-3.9356],[-45.3693,-3.937],[-45.3687,-3.9388],[-45.3691,-3.9438],[-45.3691,-3.947],[-45.3679,-3.9488],[-45.3639,-3.9525],[-45.3617,-3.9575],[-45.3614,-3.9601],[-45.3616,-3.9625],[-45.3613,-3.9665],[-45.3585,-3.9736],[-45.3585,-3.976],[-45.3591,-3.9796],[-45.3577,-3.9849],[-45.3588,-3.9857],[-45.3612,-3.9859],[-45.36309,-3.9866],[-45.3643,-3.9876],[-45.36571,-3.9876],[-45.3675,-3.9885],[-45.3692,-3.99],[-45.3728,-3.9915],[-45.3757,-3.9908],[-45.37839,-3.9909],[-45.3803,-3.9938],[-45.3818,-3.995],[-45.3835,-3.9956],[-45.38659,-3.9961],[-45.387,-3.9982],[-45.3879,-3.9997],[-45.3891,-4.00081],[-45.3903,-4.0032],[-45.3906,-4.0047],[-45.3948,-4.0085],[-45.3967,-4.0091],[-45.39859,-4.0104],[-45.39959,-4.01295],[-45.40596,-4.00949],[-45.41417,-4.00098],[-45.42244,-3.97643]]]}},{"type":"Feature","properties":{"id":958,"n":"Povoado Barro Vermelho","mn":"Santa Inês","mi":2109908,"nl":1,"ap":665,"cp":562,"lx":-45.4538,"ly":-3.85712},"geometry":{"type":"Polygon","coordinates":[[[-45.4902,-3.86697],[-45.48332,-3.82684],[-45.45637,-3.82363],[-45.43596,-3.8268],[-45.40573,-3.86512],[-45.40632,-3.87874],[-45.45786,-3.89818],[-45.4902,-3.86697]]]}},{"type":"Feature","properties":{"id":959,"n":"Povoado Barradiço","mn":"Santa Inês","mi":2109908,"nl":1,"ap":206,"cp":173,"lx":-45.37235,"ly":-3.70536},"geometry":{"type":"Polygon","coordinates":[[[-45.39156,-3.72068],[-45.38514,-3.69201],[-45.38132,-3.68985],[-45.35924,-3.68877],[-45.35244,-3.69138],[-45.36122,-3.72247],[-45.39156,-3.72068]]]}},{"type":"Feature","properties":{"id":960,"n":"Povoado Poção da Juçara","mn":"Santa Inês","mi":2109908,"nl":1,"ap":220,"cp":176,"lx":-45.50915,"ly":-3.85935},"geometry":{"type":"Polygon","coordinates":[[[-45.55148,-3.86912],[-45.5377,-3.8593],[-45.52832,-3.85221],[-45.5283,-3.8519],[-45.4936,-3.8273],[-45.4908,-3.8243],[-45.48917,-3.82168],[-45.48332,-3.82684],[-45.4902,-3.86697],[-45.53065,-3.89529],[-45.55148,-3.86912]]]}},{"type":"Feature","properties":{"id":961,"n":"Povoado Calango Novo","mn":"Santa Inês","mi":2109908,"nl":1,"ap":506,"cp":404,"lx":-45.46795,"ly":-3.81215},"geometry":{"type":"Polygon","coordinates":[[[-45.48917,-3.82168],[-45.4841,-3.8135],[-45.4753,-3.8],[-45.4709,-3.7935],[-45.4664,-3.786],[-45.4547,-3.7684],[-45.4502,-3.7626],[-45.44738,-3.75796],[-45.45637,-3.82363],[-45.48332,-3.82684],[-45.48917,-3.82168]]]}},{"type":"Feature","properties":{"id":962,"n":"Laranjeiras","mn":"Santa Inês","mi":2109908,"nl":1,"ap":607,"cp":480,"lx":-45.38424,"ly":-3.66706},"geometry":{"type":"Polygon","coordinates":[[[-45.38699,-3.66431],[-45.38069,-3.66462],[-45.3803,-3.665],[-45.38398,-3.67037],[-45.38535,-3.67059],[-45.38607,-3.66884],[-45.38699,-3.66431]]]}},{"type":"Feature","properties":{"id":963,"n":"Povoado Juçaral do Capistano","mn":"Santa Inês","mi":2109908,"nl":1,"ap":733,"cp":580,"lx":-45.34639,"ly":-3.71757},"geometry":{"type":"MultiPolygon","coordinates":[[[[-45.34041,-3.68567],[-45.32691,-3.67927],[-45.3234,-3.6848],[-45.3237,-3.6957],[-45.3286,-3.6931],[-45.34041,-3.68567]]],[[[-45.36122,-3.72247],[-45.35244,-3.69138],[-45.34217,-3.68651],[-45.3333,-3.716],[-45.3284,-3.73],[-45.32849,-3.73022],[-45.32541,-3.73911],[-45.34569,-3.73434],[-45.36122,-3.72247]]]]}},{"type":"Feature","properties":{"id":964,"n":"Povoado Bela Vista","mn":"Santa Inês","mi":2109908,"nl":1,"ap":331,"cp":275,"lx":-45.3892,"ly":-3.81699},"geometry":{"type":"Polygon","coordinates":[[[-45.43596,-3.8268],[-45.39728,-3.77774],[-45.39125,-3.77954],[-45.33421,-3.81583],[-45.40573,-3.86512],[-45.43596,-3.8268]]]}},{"type":"Feature","properties":{"id":965,"n":"São Cristóvão","mn":"Santa Inês","mi":2109908,"nl":1,"ap":1053,"cp":868,"lx":-45.37017,"ly":-3.68142},"geometry":{"type":"Polygon","coordinates":[[[-45.38132,-3.68985],[-45.3764,-3.67567],[-45.37429,-3.67307],[-45.36991,-3.67245],[-45.36529,-3.67372],[-45.35923,-3.68877],[-45.38132,-3.68985]]]}},{"type":"Feature","properties":{"id":966,"n":"Vila Militar","mn":"Santa Inês","mi":2109908,"nl":2,"ap":3099,"cp":2556,"lx":-45.38244,"ly":-3.67618},"geometry":{"type":"Polygon","coordinates":[[[-45.38964,-3.68711],[-45.38769,-3.67284],[-45.38535,-3.67059],[-45.38397,-3.67036],[-45.38029,-3.665],[-45.37676,-3.66589],[-45.37429,-3.67307],[-45.3764,-3.67567],[-45.38132,-3.68985],[-45.38514,-3.69201],[-45.38964,-3.68711]]]}},{"type":"Feature","properties":{"id":967,"n":"Povoado Quilombo da Onça","mn":"Santa Inês","mi":2109908,"nl":1,"ap":105,"cp":90,"lx":-45.4259,"ly":-3.77602},"geometry":{"type":"Polygon","coordinates":[[[-45.45637,-3.82363],[-45.44738,-3.75796],[-45.4412,-3.7493],[-45.4395,-3.7462],[-45.4377,-3.7441],[-45.4329,-3.7366],[-45.43133,-3.73445],[-45.42049,-3.73867],[-45.39728,-3.77774],[-45.43596,-3.8268],[-45.45637,-3.82363]]]}},{"type":"Feature","properties":{"id":968,"n":"Povoado São João dos Crentes","mn":"Santa Inês","mi":2109908,"nl":1,"ap":461,"cp":409,"lx":-45.43781,"ly":-3.98799},"geometry":{"type":"Polygon","coordinates":[[[-45.45949,-4.00661],[-45.44932,-3.96754],[-45.42244,-3.97643],[-45.41417,-4.00098],[-45.45949,-4.00661]]]}},{"type":"Feature","properties":{"id":969,"n":"Povoado Santa Cruz","mn":"Santa Inês","mi":2109908,"nl":1,"ap":191,"cp":161,"lx":-45.48394,"ly":-4.04027},"geometry":{"type":"Polygon","coordinates":[[[-45.51753,-4.02702],[-45.50049,-4.01389],[-45.47659,-4.02124],[-45.46046,-4.04136],[-45.45376,-4.05994],[-45.45327,-4.07058],[-45.4545,-4.0705],[-45.4563,-4.0715],[-45.4593,-4.0716],[-45.4633,-4.07],[-45.4652,-4.0703],[-45.4675,-4.0696],[-45.4701,-4.0696],[-45.4724,-4.0701],[-45.4876,-4.0636],[-45.51753,-4.02702]]]}},{"type":"Feature","properties":{"id":970,"n":"Povoado Bom Jesus","mn":"Santa Inês","mi":2109908,"nl":1,"ap":562,"cp":437,"lx":-45.45325,"ly":-4.02054},"geometry":{"type":"Polygon","coordinates":[[[-45.47659,-4.02124],[-45.45949,-4.00661],[-45.41417,-4.00098],[-45.40596,-4.00949],[-45.46046,-4.04136],[-45.47659,-4.02124]]]}},{"type":"Feature","properties":{"id":971,"n":"Povoado Ladeira do Gato","mn":"Santa Inês","mi":2109908,"nl":1,"ap":257,"cp":205,"lx":-45.41336,"ly":-4.02624},"geometry":{"type":"Polygon","coordinates":[[[-45.46046,-4.04136],[-45.40596,-4.00949],[-45.39959,-4.01295],[-45.4005,-4.0157],[-45.4003,-4.0194],[-45.4007,-4.0209],[-45.4017,-4.0222],[-45.4026,-4.0245],[-45.4026,-4.0265],[-45.40152,-4.03202],[-45.45376,-4.05994],[-45.46046,-4.04136]]]}},{"type":"Feature","properties":{"id":972,"n":"Povoado Barro Branco","mn":"Santa Inês","mi":2109908,"nl":1,"ap":202,"cp":180,"lx":-45.42921,"ly":-3.95394},"geometry":{"type":"Polygon","coordinates":[[[-45.47109,-3.94314],[-45.46715,-3.93813],[-45.38982,-3.93213],[-45.42244,-3.97643],[-45.44932,-3.96754],[-45.47109,-3.94314]]]}},{"type":"Feature","properties":{"id":973,"n":"Povoado Três Satubas","mn":"Santa Inês","mi":2109908,"nl":1,"ap":394,"cp":332,"lx":-45.41634,"ly":-3.90913},"geometry":{"type":"Polygon","coordinates":[[[-45.46715,-3.93813],[-45.45786,-3.89818],[-45.40632,-3.87874],[-45.37629,-3.92389],[-45.38982,-3.93213],[-45.46715,-3.93813]]]}},{"type":"Feature","properties":{"id":974,"n":"Povoado Bom Futuro","mn":"Santa Inês","mi":2109908,"nl":1,"ap":450,"cp":336,"lx":-45.47803,"ly":-3.97487},"geometry":{"type":"Polygon","coordinates":[[[-45.50585,-3.95308],[-45.47109,-3.94314],[-45.44932,-3.96754],[-45.45949,-4.00661],[-45.47659,-4.02124],[-45.50049,-4.01389],[-45.50585,-3.95308]]]}},{"type":"Feature","properties":{"id":975,"n":"Povoado Boa Vistinha","mn":"Santa Inês","mi":2109908,"nl":1,"ap":258,"cp":209,"lx":-45.53104,"ly":-3.96877},"geometry":{"type":"Polygon","coordinates":[[[-45.5811,-3.94963],[-45.53764,-3.93508],[-45.50585,-3.95308],[-45.50049,-4.01389],[-45.51753,-4.02702],[-45.5488,-3.9889],[-45.5502,-3.98701],[-45.578,-3.9875],[-45.5811,-3.94963]]]}},{"type":"Feature","properties":{"id":976,"n":"Conjunto Jardim Brasília","mn":"Santa Inês","mi":2109908,"nl":1,"ap":2947,"cp":2472,"lx":-45.38662,"ly":-3.65191},"geometry":{"type":"Polygon","coordinates":[[[-45.39711,-3.64665],[-45.3965,-3.64629],[-45.3957,-3.6443],[-45.3936,-3.64519],[-45.3925,-3.6441],[-45.39039,-3.6431],[-45.38253,-3.64994],[-45.3818,-3.65199],[-45.38419,-3.65629],[-45.3859,-3.65652],[-45.38908,-3.6558],[-45.39445,-3.64988],[-45.39711,-3.64665]]]}},{"type":"Feature","properties":{"id":977,"n":"Conjunto Barreirinhas","mn":"Santa Inês","mi":2109908,"nl":1,"ap":47,"cp":35,"lx":-45.37839,"ly":-3.65017},"geometry":{"type":"Polygon","coordinates":[[[-45.38253,-3.64994],[-45.37726,-3.64603],[-45.3745,-3.64625],[-45.37643,-3.65218],[-45.3768,-3.65238],[-45.3798,-3.65265],[-45.3818,-3.65199],[-45.38253,-3.64994]]]}},{"type":"Feature","properties":{"id":978,"n":"Parque Pra Morar II","mn":"Santa Inês","mi":2109908,"nl":1,"ap":2325,"cp":1886,"lx":-45.39376,"ly":-3.66464},"geometry":{"type":"Polygon","coordinates":[[[-45.40373,-3.67062],[-45.39452,-3.6615],[-45.39201,-3.66153],[-45.38921,-3.66356],[-45.39047,-3.66625],[-45.40027,-3.67012],[-45.40373,-3.67062]]]}},{"type":"Feature","properties":{"id":979,"n":"Vila Adelaide Cabral","mn":"Santa Inês","mi":2109908,"nl":1,"ap":388,"cp":285,"lx":-45.39109,"ly":-3.65624},"geometry":{"type":"Polygon","coordinates":[[[-45.39445,-3.64988],[-45.38908,-3.6558],[-45.39178,-3.66094],[-45.39178,-3.66093],[-45.39445,-3.64988]]]}},{"type":"Feature","properties":{"id":980,"n":"Residencial Sol Nascente","mn":"Santa Inês","mi":2109908,"nl":1,"ap":1287,"cp":984,"lx":-45.33929,"ly":-3.65357},"geometry":{"type":"Polygon","coordinates":[[[-45.36104,-3.65659],[-45.3535,-3.63947],[-45.3469,-3.6406],[-45.3446,-3.6407],[-45.34101,-3.6385],[-45.3405,-3.6353],[-45.339,-3.6339],[-45.3316,-3.6336],[-45.3291,-3.6342],[-45.3246,-3.6343],[-45.3229,-3.6358],[-45.3209,-3.6363],[-45.3185,-3.6377],[-45.3212,-3.648],[-45.3233,-3.6521],[-45.3246,-3.655],[-45.32539,-3.656],[-45.3237,-3.661],[-45.3241,-3.6641],[-45.3263,-3.6679],[-45.32943,-3.67174],[-45.34204,-3.66882],[-45.36104,-3.65659]]]}},{"type":"Feature","properties":{"id":981,"n":"Bairro do Angelin","mn":"Santa Inês","mi":2109908,"nl":1,"ap":335,"cp":269,"lx":-45.36266,"ly":-3.64653},"geometry":{"type":"Polygon","coordinates":[[[-45.37025,-3.65252],[-45.36788,-3.64403],[-45.36219,-3.63768],[-45.3601,-3.639],[-45.3579,-3.6396],[-45.3535,-3.63947],[-45.36104,-3.65659],[-45.36305,-3.65831],[-45.36533,-3.65828],[-45.36928,-3.65589],[-45.36979,-3.65477],[-45.37025,-3.65252]]]}},{"type":"Feature","properties":{"id":982,"n":"Povoado Bom Jardim","mn":"Santa Inês","mi":2109908,"nl":1,"ap":79,"cp":70,"lx":-45.41666,"ly":-4.05294},"geometry":{"type":"Polygon","coordinates":[[[-45.45376,-4.05994],[-45.45376,-4.05994],[-45.40152,-4.03202],[-45.4027,-4.0346],[-45.4015,-4.0374],[-45.4027,-4.0412],[-45.4022,-4.0435],[-45.4036,-4.0471],[-45.4043,-4.05069],[-45.4031,-4.055],[-45.404,-4.0573],[-45.4064,-4.0601],[-45.40759,-4.06041],[-45.4075,-4.0617],[-45.4082,-4.0625],[-45.4107,-4.06261],[-45.412,-4.0655],[-45.4148,-4.0672],[-45.4166,-4.0661],[-45.41909,-4.06521],[-45.4197,-4.0662],[-45.4217,-4.0663],[-45.4223,-4.0674],[-45.42788,-4.0678],[-45.428,-4.0687],[-45.4297,-4.0697],[-45.43111,-4.06941],[-45.4334,-4.0713],[-45.4368,-4.0704],[-45.43789,-4.06951],[-45.4388,-4.0702],[-45.4406,-4.06951],[-45.4449,-4.0726],[-45.4464,-4.0749],[-45.4473,-4.0752],[-45.4496,-4.0747],[-45.4506,-4.0739],[-45.45289,-4.07061],[-45.45327,-4.07058],[-45.45376,-4.05994]]]}},{"type":"Feature","properties":{"id":983,"n":"Jardim de Alah","mn":"Açailândia","mi":2100055,"nl":3,"ap":4228,"cp":3523,"lx":-47.48559,"ly":-4.96366},"geometry":{"type":"Polygon","coordinates":[[[-47.52151,-4.96867],[-47.51721,-4.96497],[-47.50765,-4.95744],[-47.49675,-4.95503],[-47.49511,-4.9548],[-47.49071,-4.95677],[-47.48688,-4.95685],[-47.48349,-4.95659],[-47.48217,-4.95705],[-47.48012,-4.95942],[-47.47386,-5.00442],[-47.49243,-4.96319],[-47.496,-4.96196],[-47.52151,-4.96867]]]}},{"type":"Feature","properties":{"id":984,"n":"Vila Sao Francisco","mn":"Açailândia","mi":2100055,"nl":1,"ap":2444,"cp":2014,"lx":-47.47685,"ly":-4.9414},"geometry":{"type":"Polygon","coordinates":[[[-47.48279,-4.94352],[-47.47876,-4.93499],[-47.47515,-4.93503],[-47.47128,-4.94233],[-47.47226,-4.94359],[-47.48022,-4.94949],[-47.48279,-4.94352]]]}},{"type":"Feature","properties":{"id":985,"n":"Centro","mn":"Açailândia","mi":2100055,"nl":3,"ap":6054,"cp":4987,"lx":-47.4988,"ly":-4.95181},"geometry":{"type":"Polygon","coordinates":[[[-47.50765,-4.95744],[-47.50254,-4.95029],[-47.49804,-4.9468],[-47.4984,-4.94503],[-47.49591,-4.93789],[-47.49099,-4.94049],[-47.49049,-4.94262],[-47.49148,-4.9462],[-47.49397,-4.94746],[-47.49389,-4.94965],[-47.49511,-4.9548],[-47.49675,-4.95503],[-47.50765,-4.95744]]]}},{"type":"Feature","properties":{"id":986,"n":"Laranjeiras","mn":"Açailândia","mi":2100055,"nl":3,"ap":5039,"cp":4167,"lx":-47.50129,"ly":-4.93918},"geometry":{"type":"Polygon","coordinates":[[[-47.50738,-4.93699],[-47.50315,-4.93418],[-47.50217,-4.93325],[-47.49718,-4.93613],[-47.49591,-4.93789],[-47.4984,-4.94502],[-47.49803,-4.94679],[-47.50254,-4.95029],[-47.50339,-4.9458],[-47.50354,-4.94376],[-47.50588,-4.94107],[-47.50738,-4.93699]]]}},{"type":"Feature","properties":{"id":987,"n":"Corrego Novo","mn":"Açailândia","mi":2100055,"nl":1,"ap":613,"cp":515,"lx":-47.07126,"ly":-4.80139},"geometry":{"type":"Polygon","coordinates":[[[-47.18332,-4.7218],[-47.10473,-4.66954],[-47.09253,-4.66576],[-46.92113,-4.81997],[-46.9215,-4.82239],[-46.9209,-4.8232],[-46.9214,-4.8247],[-46.92128,-4.82813],[-47.12704,-4.92247],[-47.18332,-4.7218]]]}},{"type":"Feature","properties":{"id":988,"n":"Pequia","mn":"Açailândia","mi":2100055,"nl":2,"ap":4517,"cp":3554,"lx":-47.42481,"ly":-4.80775},"geometry":{"type":"Polygon","coordinates":[[[-47.47861,-4.80849],[-47.43475,-4.6816],[-47.30426,-4.92829],[-47.40676,-4.90066],[-47.39807,-4.92512],[-47.44647,-4.87146],[-47.47323,-4.82407],[-47.47861,-4.80849]]]}},{"type":"Feature","properties":{"id":989,"n":"Novo Bacabal","mn":"Açailândia","mi":2100055,"nl":1,"ap":1300,"cp":997,"lx":-47.00045,"ly":-4.6636},"geometry":{"type":"Polygon","coordinates":[[[-47.09253,-4.66576],[-46.85805,-4.43444],[-46.85805,-4.43444],[-46.8574,-4.4355],[-46.8577,-4.4368],[-46.85969,-4.4383],[-46.8592,-4.44],[-46.8601,-4.44131],[-46.8598,-4.44349],[-46.8587,-4.4438],[-46.8592,-4.4465],[-46.8586,-4.4489],[-46.85949,-4.44942],[-46.8586,-4.4536],[-46.8584,-4.4557],[-46.86029,-4.457],[-46.8605,-4.4582],[-46.8632,-4.4591],[-46.864,-4.4613],[-46.8652,-4.46181],[-46.866,-4.4633],[-46.8655,-4.4647],[-46.8672,-4.4682],[-46.8701,-4.4699],[-46.87132,-4.46922],[-46.87369,-4.4711],[-46.8736,-4.4723],[-46.87519,-4.4724],[-46.8755,-4.4734],[-46.8771,-4.4739],[-46.8776,-4.4757],[-46.8806,-4.4758],[-46.8828,-4.4749],[-46.88418,-4.47559],[-46.8843,-4.4778],[-46.8865,-4.4783],[-46.8882,-4.4793],[-46.89079,-4.4796],[-46.8921,-4.4829],[-46.89361,-4.48281],[-46.8961,-4.4851],[-46.8982,-4.48651],[-46.8988,-4.489],[-46.8974,-4.4923],[-46.8977,-4.4937],[-46.8991,-4.4938],[-46.9003,-4.496],[-46.9016,-4.49632],[-46.9022,-4.5005],[-46.9035,-4.5031],[-46.9034,-4.5058],[-46.9037,-4.50809],[-46.90279,-4.5093],[-46.9012,-4.5099],[-46.8999,-4.5096],[-46.8987,-4.5104],[-46.897,-4.5125],[-46.8978,-4.5146],[-46.8977,-4.5164],[-46.8983,-4.5178],[-46.89941,-4.51763],[-46.9009,-4.5227],[-46.9007,-4.5247],[-46.9016,-4.52491],[-46.9028,-4.52699],[-46.9027,-4.5293],[-46.90381,-4.52952],[-46.9041,-4.5307],[-46.9036,-4.5331],[-46.9073,-4.5353],[-46.9081,-4.5374],[-46.9093,-4.5386],[-46.909,-4.5409],[-46.911,-4.543],[-46.9134,-4.5433],[-46.9148,-4.5448],[-46.91569,-4.547],[-46.9141,-4.5487],[-46.9155,-4.5496],[-46.9158,-4.5508],[-46.91771,-4.55111],[-46.9188,-4.5528],[-46.919,-4.5546],[-46.9213,-4.5568],[-46.922,-4.55799],[-46.922,-4.5599],[-46.9238,-4.5611],[-46.9244,-4.56103],[-46.9246,-4.5639],[-46.927,-4.5658],[-46.9285,-4.56661],[-46.9288,-4.5699],[-46.92929,-4.57187],[-46.9282,-4.5722],[-46.9277,-4.5735],[-46.9282,-4.5747],[-46.93099,-4.57679],[-46.9309,-4.5777],[-46.9321,-4.5784],[-46.9327,-4.5795],[-46.9348,-4.58],[-46.93649,-4.5808],[-46.9367,-4.5825],[-46.9392,-4.5853],[-46.9393,-4.5869],[-46.9388,-4.5884],[-46.9392,-4.59168],[-46.9379,-4.5924],[-46.9393,-4.59412],[-46.9388,-4.5961],[-46.9379,-4.5977],[-46.9356,-4.5994],[-46.9358,-4.6007],[-46.9345,-4.6021],[-46.93489,-4.6038],[-46.9339,-4.6045],[-46.9342,-4.6065],[-46.9354,-4.6073],[-46.9357,-4.6091],[-46.9392,-4.6124],[-46.941,-4.6138],[-46.94509,-4.61741],[-46.9444,-4.6198],[-46.9436,-4.6211],[-46.94369,-4.62269],[-46.9425,-4.6231],[-46.9423,-4.62779],[-46.9412,-4.6286],[-46.9423,-4.6304],[-46.942,-4.6322],[-46.94239,-4.6331],[-46.9405,-4.6345],[-46.9389,-4.6382],[-46.939,-4.639],[-46.94048,-4.63931],[-46.9401,-4.6405],[-46.94119,-4.6417],[-46.9406,-4.64399],[-46.939,-4.6454],[-46.9364,-4.6468],[-46.9355,-4.6489],[-46.9353,-4.6521],[-46.9363,-4.6546],[-46.9364,-4.6567],[-46.9376,-4.65801],[-46.937,-4.66],[-46.9356,-4.6614],[-46.9354,-4.6631],[-46.93699,-4.66531],[-46.9356,-4.6687],[-46.9345,-4.6701],[-46.9345,-4.6743],[-46.9338,-4.6756],[-46.932,-4.6762],[-46.9311,-4.6781],[-46.9307,-4.68048],[-46.9282,-4.6803],[-46.9261,-4.6824],[-46.9261,-4.6842],[-46.9269,-4.68501],[-46.9266,-4.687],[-46.92829,-4.68969],[-46.9275,-4.691],[-46.9284,-4.6924],[-46.92992,-4.6916],[-46.93268,-4.6924],[-46.9326,-4.6937],[-46.9341,-4.6934],[-46.93508,-4.6941],[-46.934,-4.6955],[-46.9346,-4.6963],[-46.9348,-4.6984],[-46.9355,-4.69941],[-46.9348,-4.7028],[-46.9337,-4.705],[-46.935,-4.7067],[-46.9352,-4.7088],[-46.9366,-4.71022],[-46.9363,-4.7115],[-46.93521,-4.71299],[-46.934,-4.7136],[-46.93409,-4.71719],[-46.9321,-4.7183],[-46.932,-4.7193],[-46.93381,-4.71971],[-46.9344,-4.7206],[-46.9346,-4.7225],[-46.9357,-4.72311],[-46.9355,-4.725],[-46.9379,-4.7278],[-46.938,-4.7297],[-46.9391,-4.7316],[-46.9387,-4.7333],[-46.9395,-4.7385],[-46.9382,-4.741],[-46.9374,-4.74429],[-46.9364,-4.7448],[-46.9363,-4.7475],[-46.9376,-4.7498],[-46.937,-4.75309],[-46.9349,-4.7541],[-46.9332,-4.7569],[-46.9342,-4.7592],[-46.9334,-4.76169],[-46.9303,-4.7624],[-46.9288,-4.7621],[-46.9275,-4.7631],[-46.9271,-4.7648],[-46.9284,-4.7658],[-46.92859,-4.76671],[-46.9273,-4.7678],[-46.9251,-4.768],[-46.9258,-4.7703],[-46.9267,-4.7712],[-46.9266,-4.7729],[-46.9276,-4.7754],[-46.9278,-4.7776],[-46.9289,-4.7805],[-46.9296,-4.78151],[-46.9282,-4.7857],[-46.929,-4.7866],[-46.9288,-4.78779],[-46.9273,-4.7892],[-46.92759,-4.78991],[-46.9249,-4.7937],[-46.9246,-4.7949],[-46.92519,-4.79611],[-46.9235,-4.7984],[-46.92359,-4.7996],[-46.9213,-4.80189],[-46.9197,-4.8014],[-46.9198,-4.8028],[-46.9193,-4.8067],[-46.92049,-4.8081],[-46.9203,-4.8092],[-46.92119,-4.81099],[-46.9205,-4.8115],[-46.92059,-4.8136],[-46.9193,-4.8145],[-46.9185,-4.8162],[-46.9193,-4.8176],[-46.9208,-4.81781],[-46.92113,-4.81997],[-47.09253,-4.66576]]]}},{"type":"Feature","properties":{"id":990,"n":"Plano da Serra","mn":"Açailândia","mi":2100055,"nl":1,"ap":3192,"cp":2439,"lx":-47.4182,"ly":-4.91978},"geometry":{"type":"Polygon","coordinates":[[[-47.44647,-4.87146],[-47.39807,-4.92512],[-47.28379,-5.05482],[-47.35424,-5.00106],[-47.42794,-4.92655],[-47.42833,-4.92599],[-47.44647,-4.87146]]]}},{"type":"Feature","properties":{"id":991,"n":"Getat","mn":"Açailândia","mi":2100055,"nl":2,"ap":3910,"cp":3229,"lx":-47.49078,"ly":-4.95252},"geometry":{"type":"Polygon","coordinates":[[[-47.49511,-4.9548],[-47.49389,-4.94966],[-47.49398,-4.94745],[-47.49148,-4.9462],[-47.48822,-4.94897],[-47.48349,-4.95659],[-47.48687,-4.95685],[-47.49071,-4.95677],[-47.49511,-4.9548]]]}},{"type":"Feature","properties":{"id":992,"n":"Jardim América","mn":"Açailândia","mi":2100055,"nl":2,"ap":2046,"cp":1653,"lx":-47.48397,"ly":-4.9493},"geometry":{"type":"Polygon","coordinates":[[[-47.48822,-4.94897],[-47.48392,-4.94367],[-47.48279,-4.94352],[-47.48022,-4.94949],[-47.48217,-4.95705],[-47.48349,-4.95659],[-47.48822,-4.94897]]]}},{"type":"Feature","properties":{"id":993,"n":"Vila Ildemar","mn":"Açailândia","mi":2100055,"nl":6,"ap":13557,"cp":10684,"lx":-47.42647,"ly":-5.00149},"geometry":{"type":"Polygon","coordinates":[[[-47.47256,-4.95568],[-47.46868,-4.95109],[-47.46887,-4.94944],[-47.47019,-4.94284],[-47.45862,-4.94377],[-47.45218,-4.94071],[-47.43954,-4.95164],[-47.35424,-5.00106],[-47.28379,-5.05482],[-47.21169,-5.11571],[-47.21257,-5.1687],[-47.215,-5.1683],[-47.2197,-5.1649],[-47.222,-5.1621],[-47.2233,-5.1586],[-47.2246,-5.1565],[-47.2281,-5.1539],[-47.23,-5.1516],[-47.2336,-5.1442],[-47.2368,-5.139],[-47.2395,-5.1314],[-47.2411,-5.1281],[-47.2426,-5.1225],[-47.2454,-5.1176],[-47.2474,-5.1134],[-47.249,-5.1067],[-47.2492,-5.1035],[-47.2506,-5.1011],[-47.2541,-5.0994],[-47.2553,-5.0979],[-47.2567,-5.0941],[-47.2604,-5.0911],[-47.261,-5.0896],[-47.26,-5.0873],[-47.2603,-5.08571],[-47.2622,-5.0854],[-47.2636,-5.0858],[-47.2682,-5.0881],[-47.2696,-5.0874],[-47.2692,-5.08549],[-47.27111,-5.0818],[-47.2768,-5.0818],[-47.2808,-5.081],[-47.28291,-5.08121],[-47.2862,-5.0839],[-47.2882,-5.0862],[-47.2903,-5.0862],[-47.2917,-5.0853],[-47.2921,-5.0842],[-47.291,-5.08071],[-47.29132,-5.0792],[-47.2941,-5.0786],[-47.296,-5.0787],[-47.3013,-5.0819],[-47.3042,-5.0814],[-47.3064,-5.0792],[-47.3089,-5.0784],[-47.3095,-5.0774],[-47.30923,-5.07563],[-47.3114,-5.0766],[-47.3126,-5.0762],[-47.3122,-5.0735],[-47.3125,-5.0706],[-47.3132,-5.0697],[-47.3152,-5.0684],[-47.3157,-5.0663],[-47.31431,-5.0653],[-47.3144,-5.06431],[-47.3168,-5.063],[-47.3179,-5.0603],[-47.3207,-5.0597],[-47.3213,-5.0588],[-47.321,-5.0561],[-47.3194,-5.0533],[-47.3188,-5.05],[-47.3155,-5.047],[-47.3158,-5.04392],[-47.31711,-5.044],[-47.3201,-5.0461],[-47.3225,-5.0456],[-47.3238,-5.04351],[-47.32489,-5.0431],[-47.3307,-5.0436],[-47.3321,-5.0427],[-47.3344,-5.04],[-47.3381,-5.0398],[-47.3395,-5.0374],[-47.3417,-5.0363],[-47.3439,-5.0331],[-47.34481,-5.0286],[-47.3462,-5.0283],[-47.3489,-5.0289],[-47.3499,-5.028],[-47.35053,-5.02641],[-47.46312,-5.04451],[-47.46272,-4.95838],[-47.47256,-4.95568]]]}},{"type":"Feature","properties":{"id":994,"n":"Reta","mn":"Açailândia","mi":2100055,"nl":1,"ap":291,"cp":231,"lx":-47.26364,"ly":-4.79633},"geometry":{"type":"Polygon","coordinates":[[[-47.43583,-4.63748],[-47.4332,-4.636],[-47.4322,-4.6366],[-47.4306,-4.6363],[-47.43049,-4.638],[-47.4283,-4.6391],[-47.4243,-4.6379],[-47.4233,-4.6386],[-47.4208,-4.6392],[-47.418,-4.6406],[-47.4154,-4.6424],[-47.4138,-4.6422],[-47.4104,-4.6436],[-47.4087,-4.6434],[-47.4081,-4.6444],[-47.40611,-4.6456],[-47.4039,-4.6461],[-47.40209,-4.6487],[-47.3998,-4.6493],[-47.3964,-4.6488],[-47.3942,-4.6505],[-47.3876,-4.6511],[-47.39049,-4.6541],[-47.3893,-4.6575],[-47.388,-4.65879],[-47.3862,-4.6583],[-47.38479,-4.66059],[-47.3818,-4.66],[-47.3751,-4.666],[-47.3655,-4.6701],[-47.3574,-4.6716],[-47.3524,-4.6723],[-47.3383,-4.6784],[-47.3355,-4.6795],[-47.33909,-4.69029],[-47.3382,-4.6913],[-47.3352,-4.6926],[-47.3331,-4.6932],[-47.33051,-4.6933],[-47.329,-4.6922],[-47.3273,-4.692],[-47.3239,-4.6925],[-47.32,-4.6927],[-47.3184,-4.6947],[-47.31561,-4.69619],[-47.3146,-4.6959],[-47.3123,-4.6976],[-47.30811,-4.6985],[-47.305,-4.697],[-47.2994,-4.6986],[-47.2953,-4.6981],[-47.2945,-4.6985],[-47.29469,-4.70061],[-47.29141,-4.70288],[-47.2886,-4.6989],[-47.2868,-4.6969],[-47.27536,-4.6863],[-47.18332,-4.7218],[-47.12704,-4.92247],[-47.21014,-5.10542],[-47.30426,-4.92829],[-47.43475,-4.6816],[-47.43583,-4.63748]]]}},{"type":"Feature","properties":{"id":995,"n":"Residencial Tropical","mn":"Açailândia","mi":2100055,"nl":2,"ap":2750,"cp":2197,"lx":-47.475,"ly":-4.95141},"geometry":{"type":"Polygon","coordinates":[[[-47.48217,-4.95705],[-47.48022,-4.94949],[-47.47226,-4.9436],[-47.47128,-4.94233],[-47.47019,-4.94284],[-47.46887,-4.94944],[-47.46868,-4.95109],[-47.47256,-4.95568],[-47.47403,-4.95602],[-47.48012,-4.95942],[-47.48217,-4.95705]]]}},{"type":"Feature","properties":{"id":996,"n":"Vila Capeloza","mn":"Açailândia","mi":2100055,"nl":1,"ap":986,"cp":792,"lx":-47.4887,"ly":-4.94539},"geometry":{"type":"Polygon","coordinates":[[[-47.49148,-4.9462],[-47.49049,-4.94262],[-47.48392,-4.94367],[-47.48822,-4.94897],[-47.49148,-4.9462]]]}},{"type":"Feature","properties":{"id":997,"n":"Nova Açailândia","mn":"Açailândia","mi":2100055,"nl":1,"ap":1057,"cp":884,"lx":-47.48465,"ly":-4.93933},"geometry":{"type":"Polygon","coordinates":[[[-47.49099,-4.94049],[-47.48296,-4.933],[-47.47876,-4.93499],[-47.48279,-4.94352],[-47.48392,-4.94367],[-47.49049,-4.94262],[-47.49099,-4.94049]]]}},{"type":"Feature","properties":{"id":998,"n":"Parque Novo Horizonte","mn":"Açailândia","mi":2100055,"nl":1,"ap":422,"cp":347,"lx":-47.44832,"ly":-4.9088},"geometry":{"type":"Polygon","coordinates":[[[-47.47323,-4.82407],[-47.44647,-4.87146],[-47.42833,-4.92599],[-47.45725,-4.92344],[-47.46069,-4.91849],[-47.47323,-4.82407]]]}},{"type":"Feature","properties":{"id":999,"n":"Povoado Novo Oriente","mn":"Açailândia","mi":2100055,"nl":1,"ap":185,"cp":141,"lx":-47.06924,"ly":-4.50386},"geometry":{"type":"Polygon","coordinates":[[[-47.21508,-4.41691],[-47.2133,-4.4123],[-47.2103,-4.4067],[-47.2014,-4.3975],[-47.1969,-4.3937],[-47.1891,-4.3899],[-47.1878,-4.3887],[-47.1748,-4.3721],[-47.1385,-4.3186],[-47.1261,-4.284],[-47.122,-4.2795],[-47.1098,-4.2726],[-47.101,-4.2651],[-47.0982,-4.2582],[-47.0955,-4.2473],[-47.0901,-4.2416],[-47.0781,-4.2366],[-47.0727,-4.2366],[-47.07,-4.2455],[-47.0688,-4.2521],[-47.0687,-4.2599],[-47.0693,-4.2635],[-47.0718,-4.2678],[-47.0718,-4.2716],[-47.0728,-4.274],[-47.0765,-4.2771],[-47.0779,-4.279],[-47.0806,-4.2802],[-47.0818,-4.2817],[-47.0833,-4.2844],[-47.0842,-4.28649],[-47.0843,-4.28791],[-47.083,-4.2916],[-47.0818,-4.2935],[-47.0823,-4.2952],[-47.08409,-4.2964],[-47.0836,-4.2974],[-47.08579,-4.29929],[-47.0851,-4.3006],[-47.0857,-4.3014],[-47.0872,-4.30161],[-47.0884,-4.3035],[-47.0883,-4.3049],[-47.0873,-4.3057],[-47.0869,-4.3085],[-47.08748,-4.30921],[-47.086,-4.3105],[-47.08539,-4.3122],[-47.0843,-4.313],[-47.0824,-4.3126],[-47.08,-4.3157],[-47.0796,-4.3169],[-47.0799,-4.31871],[-47.07821,-4.32158],[-47.0762,-4.321],[-47.0741,-4.3219],[-47.073,-4.3237],[-47.0725,-4.3261],[-47.0728,-4.32781],[-47.0719,-4.3304],[-47.0699,-4.3334],[-47.07,-4.33679],[-47.0686,-4.3377],[-47.0693,-4.3385],[-47.07098,-4.34247],[-47.0671,-4.3424],[-47.06609,-4.3437],[-47.063,-4.3445],[-47.062,-4.3475],[-47.0624,-4.34831],[-47.0618,-4.3497],[-47.062,-4.3524],[-47.06269,-4.35322],[-47.0619,-4.35509],[-47.0607,-4.3555],[-47.06109,-4.35759],[-47.0599,-4.3577],[-47.06049,-4.36089],[-47.0587,-4.3617],[-47.0586,-4.3632],[-47.0598,-4.3648],[-47.05989,-4.3661],[-47.0583,-4.3668],[-47.05729,-4.3682],[-47.0552,-4.3685],[-47.0539,-4.3675],[-47.052,-4.371],[-47.05031,-4.37239],[-47.0486,-4.3722],[-47.04838,-4.37339],[-47.0465,-4.3732],[-47.0451,-4.3747],[-47.0428,-4.3747],[-47.0417,-4.3764],[-47.0422,-4.3775],[-47.04229,-4.381],[-47.0389,-4.3829],[-47.03719,-4.3866],[-47.0329,-4.3883],[-47.0314,-4.3883],[-47.0304,-4.3897],[-47.0305,-4.3912],[-47.0299,-4.3923],[-47.0284,-4.3984],[-47.0271,-4.4003],[-47.0258,-4.4012],[-47.024,-4.4032],[-47.0226,-4.404],[-47.0208,-4.4061],[-47.0206,-4.408],[-47.0209,-4.41],[-47.0205,-4.41159],[-47.0182,-4.4121],[-47.0159,-4.4146],[-47.016,-4.4182],[-47.01739,-4.41891],[-47.0168,-4.42029],[-47.0146,-4.4199],[-47.0128,-4.4203],[-47.01179,-4.4213],[-47.0092,-4.4212],[-47.0075,-4.4224],[-47.0061,-4.4224],[-47.0037,-4.4255],[-47.0018,-4.4261],[-46.9998,-4.4274],[-46.9989,-4.4271],[-46.9966,-4.425],[-46.99579,-4.4261],[-46.99339,-4.4263],[-46.9908,-4.4248],[-46.9897,-4.4232],[-46.9882,-4.4253],[-46.987,-4.42629],[-46.9848,-4.4246],[-46.98399,-4.4249],[-46.9815,-4.4245],[-46.9777,-4.4258],[-46.9759,-4.4253],[-46.9718,-4.4259],[-46.9703,-4.4255],[-46.9673,-4.4258],[-46.9653,-4.4253],[-46.9644,-4.4256],[-46.95999,-4.43],[-46.9556,-4.4322],[-46.95391,-4.4328],[-46.9513,-4.4327],[-46.9495,-4.4336],[-46.94821,-4.43478],[-46.9473,-4.434],[-46.9462,-4.4343],[-46.94579,-4.43539],[-46.94471,-4.4354],[-46.9429,-4.4337],[-46.9405,-4.4333],[-46.93852,-4.43409],[-46.9382,-4.4333],[-46.9362,-4.4331],[-46.9364,-4.4355],[-46.9348,-4.4382],[-46.93569,-4.43992],[-46.935,-4.44119],[-46.934,-4.4416],[-46.9332,-4.44279],[-46.93201,-4.443],[-46.9311,-4.4419],[-46.9291,-4.4422],[-46.9281,-4.4412],[-46.92679,-4.4413],[-46.9234,-4.44],[-46.9218,-4.439],[-46.9172,-4.4388],[-46.91571,-4.4381],[-46.91451,-4.4369],[-46.9148,-4.4358],[-46.9139,-4.4337],[-46.9116,-4.433],[-46.90842,-4.4327],[-46.908,-4.4317],[-46.9034,-4.4317],[-46.8989,-4.4297],[-46.897,-4.4292],[-46.89648,-4.4303],[-46.89331,-4.4298],[-46.8919,-4.428],[-46.89079,-4.42829],[-46.8894,-4.4272],[-46.8877,-4.4275],[-46.8858,-4.427],[-46.88429,-4.42819],[-46.8815,-4.4272],[-46.8804,-4.428],[-46.8786,-4.4281],[-46.8768,-4.4292],[-46.87546,-4.43258],[-46.8738,-4.43169],[-46.8729,-4.4284],[-46.86963,-4.42809],[-46.8702,-4.427],[-46.87,-4.4253],[-46.867,-4.4236],[-46.86549,-4.42379],[-46.86211,-4.42051],[-46.862,-4.4189],[-46.8593,-4.4166],[-46.85749,-4.41648],[-46.856,-4.41429],[-46.8559,-4.4132],[-46.8562,-4.4091],[-46.8552,-4.4086],[-46.8535,-4.4058],[-46.8526,-4.4053],[-46.8519,-4.4036],[-46.8508,-4.40369],[-46.8496,-4.4019],[-46.8496,-4.4007],[-46.84881,-4.3995],[-46.8496,-4.3983],[-46.8497,-4.3963],[-46.8487,-4.3949],[-46.8469,-4.3946],[-46.8448,-4.3927],[-46.84301,-4.39449],[-46.8422,-4.3943],[-46.8411,-4.3952],[-46.8396,-4.3971],[-46.8389,-4.3988],[-46.8399,-4.4003],[-46.8397,-4.4017],[-46.8418,-4.4033],[-46.8429,-4.4056],[-46.8427,-4.4071],[-46.8419,-4.4084],[-46.84399,-4.41099],[-46.8431,-4.4127],[-46.8438,-4.4156],[-46.8447,-4.4168],[-46.8456,-4.41631],[-46.8468,-4.41721],[-46.8481,-4.4194],[-46.8479,-4.4241],[-46.8496,-4.4249],[-46.8509,-4.4272],[-46.8531,-4.4288],[-46.85451,-4.42842],[-46.8564,-4.4314],[-46.85848,-4.43368],[-46.85805,-4.43444],[-47.09253,-4.66576],[-47.10473,-4.66954],[-47.21508,-4.41691]]]}},{"type":"Feature","properties":{"id":1000,"n":"Assentamento Santa Clara","mn":"Açailândia","mi":2100055,"nl":1,"ap":129,"cp":101,"lx":-47.0063,"ly":-4.96074},"geometry":{"type":"Polygon","coordinates":[[[-47.21257,-5.1687],[-47.21169,-5.11571],[-47.21014,-5.10542],[-47.12704,-4.92247],[-46.92128,-4.82813],[-46.9203,-4.8297],[-46.9212,-4.8317],[-46.9228,-4.8324],[-46.92469,-4.83489],[-46.9237,-4.8366],[-46.9235,-4.838],[-46.9251,-4.8408],[-46.926,-4.843],[-46.92669,-4.8438],[-46.9263,-4.845],[-46.9267,-4.8463],[-46.9283,-4.8485],[-46.93029,-4.8506],[-46.9295,-4.8523],[-46.9297,-4.8535],[-46.9294,-4.8557],[-46.9298,-4.8574],[-46.9283,-4.86],[-46.929,-4.8643],[-46.92979,-4.86649],[-46.9281,-4.8677],[-46.9284,-4.86929],[-46.9276,-4.8699],[-46.9283,-4.8712],[-46.9279,-4.87279],[-46.9258,-4.8738],[-46.9254,-4.8755],[-46.92609,-4.87819],[-46.9248,-4.8785],[-46.9249,-4.8799],[-46.9233,-4.882],[-46.9243,-4.8834],[-46.92639,-4.88509],[-46.9264,-4.8858],[-46.92871,-4.88671],[-46.9294,-4.8879],[-46.929,-4.8895],[-46.9297,-4.88991],[-46.9306,-4.8941],[-46.9292,-4.8985],[-46.9288,-4.90209],[-46.9271,-4.9035],[-46.92679,-4.9049],[-46.9256,-4.9059],[-46.9234,-4.9063],[-46.9225,-4.90709],[-46.9207,-4.9063],[-46.9202,-4.90919],[-46.918,-4.9096],[-46.9182,-4.9127],[-46.9197,-4.9131],[-46.9218,-4.9128],[-46.9241,-4.9119],[-46.92519,-4.9125],[-46.9251,-4.9142],[-46.9259,-4.9167],[-46.9258,-4.91979],[-46.9245,-4.921],[-46.9243,-4.9224],[-46.9225,-4.9256],[-46.92327,-4.9269],[-46.9221,-4.9273],[-46.9205,-4.9293],[-46.92029,-4.9308],[-46.9184,-4.9318],[-46.9176,-4.933],[-46.9159,-4.9338],[-46.9148,-4.9364],[-46.9126,-4.9386],[-46.91389,-4.94089],[-46.9132,-4.9424],[-46.9142,-4.9457],[-46.9158,-4.9475],[-46.917,-4.9482],[-46.91792,-4.94772],[-46.91969,-4.94969],[-46.9196,-4.9509],[-46.9207,-4.9524],[-46.9209,-4.95409],[-46.9194,-4.9565],[-46.9158,-4.9605],[-46.91599,-4.9617],[-46.9147,-4.9626],[-46.9145,-4.9654],[-46.91509,-4.96712],[-46.9135,-4.9696],[-46.9108,-4.9706],[-46.91169,-4.97221],[-46.9103,-4.9756],[-46.9097,-4.9781],[-46.9105,-4.9795],[-46.9102,-4.9815],[-46.91089,-4.98211],[-46.9102,-4.984],[-46.91159,-4.9877],[-46.9104,-4.989],[-46.9093,-4.9891],[-46.9079,-4.9908],[-46.90859,-4.99319],[-46.9072,-4.9944],[-46.9069,-4.9976],[-46.9089,-5.0022],[-46.9131,-5.0053],[-46.9147,-5.0071],[-46.9151,-5.0085],[-46.9192,-5.0092],[-46.9215,-5.0107],[-46.9265,-5.0155],[-46.9287,-5.0196],[-46.9316,-5.0206],[-46.9347,-5.0233],[-46.9385,-5.025],[-46.9483,-5.0324],[-46.9551,-5.0351],[-46.9587,-5.0376],[-46.98139,-5.0423],[-46.9843,-5.0445],[-46.9905,-5.0465],[-46.9955,-5.0491],[-47.0048,-5.0469],[-47.0092,-5.0467],[-47.0174,-5.0481],[-47.0209,-5.0482],[-47.0254,-5.0495],[-47.0306,-5.052],[-47.034,-5.0546],[-47.0369,-5.0576],[-47.0422,-5.0606],[-47.0452,-5.0603],[-47.0569,-5.0567],[-47.0609,-5.0559],[-47.0667,-5.0556],[-47.0747,-5.0578],[-47.0813,-5.057],[-47.0846,-5.0582],[-47.0876,-5.0599],[-47.0951,-5.0654],[-47.1002,-5.0697],[-47.1008,-5.0735],[-47.0976,-5.0776],[-47.0973,-5.08],[-47.1004,-5.0827],[-47.1043,-5.0833],[-47.1068,-5.0852],[-47.1083,-5.0879],[-47.1111,-5.0895],[-47.1131,-5.0894],[-47.11462,-5.08621],[-47.1186,-5.0871],[-47.12048,-5.08878],[-47.117,-5.0933],[-47.1156,-5.0987],[-47.116,-5.101],[-47.1178,-5.1011],[-47.12179,-5.09911],[-47.12349,-5.10199],[-47.1229,-5.105],[-47.1246,-5.1099],[-47.1269,-5.1116],[-47.1277,-5.1146],[-47.1275,-5.1168],[-47.1266,-5.1178],[-47.1269,-5.122],[-47.1284,-5.124],[-47.1312,-5.1262],[-47.13391,-5.12731],[-47.1353,-5.1289],[-47.1376,-5.1336],[-47.13769,-5.13671],[-47.1366,-5.1382],[-47.1344,-5.139],[-47.1343,-5.1401],[-47.1356,-5.1434],[-47.1969,-5.1622],[-47.2019,-5.1651],[-47.212,-5.1688],[-47.21257,-5.1687]]]}},{"type":"Feature","properties":{"id":1001,"n":"Jardim Glória II","mn":"Açailândia","mi":2100055,"nl":1,"ap":1959,"cp":1669,"lx":-47.50828,"ly":-4.9929},"geometry":{"type":"Polygon","coordinates":[[[-47.55586,-4.99221],[-47.52151,-4.96867],[-47.496,-4.96195],[-47.49243,-4.96319],[-47.47386,-5.00442],[-47.46657,-5.04507],[-47.47666,-5.04669],[-47.47653,-5.04713],[-47.55586,-4.99221]]]}},{"type":"Feature","properties":{"id":1002,"n":"Assentamento Francisco Romão","mn":"Açailândia","mi":2100055,"nl":1,"ap":396,"cp":308,"lx":-47.17505,"ly":-4.64881},"geometry":{"type":"Polygon","coordinates":[[[-47.27536,-4.6863],[-47.2596,-4.6717],[-47.2578,-4.6698],[-47.2462,-4.6534],[-47.2419,-4.6477],[-47.23,-4.63659],[-47.2298,-4.633],[-47.2292,-4.6298],[-47.2289,-4.6257],[-47.2283,-4.6242],[-47.2282,-4.6223],[-47.2275,-4.6193],[-47.2272,-4.6143],[-47.2266,-4.6096],[-47.2249,-4.60079],[-47.2336,-4.5598],[-47.2369,-4.5549],[-47.2404,-4.5437],[-47.2421,-4.53761],[-47.244,-4.5363],[-47.2454,-4.5348],[-47.246,-4.5328],[-47.2459,-4.53069],[-47.2475,-4.5261],[-47.2482,-4.5247],[-47.2492,-4.5207],[-47.2514,-4.5147],[-47.2536,-4.5082],[-47.2538,-4.5043],[-47.2531,-4.5026],[-47.2528,-4.5005],[-47.2523,-4.4995],[-47.2509,-4.4955],[-47.2484,-4.49348],[-47.2482,-4.4912],[-47.249,-4.4829],[-47.2483,-4.478],[-47.2488,-4.4758],[-47.2483,-4.4727],[-47.2499,-4.4678],[-47.2496,-4.4669],[-47.2479,-4.4642],[-47.2462,-4.458],[-47.2448,-4.4555],[-47.2441,-4.4514],[-47.2427,-4.4462],[-47.2427,-4.4433],[-47.2418,-4.4407],[-47.2417,-4.4373],[-47.244,-4.432],[-47.231,-4.4275],[-47.2262,-4.4268],[-47.222,-4.4253],[-47.218,-4.4222],[-47.2162,-4.4198],[-47.21508,-4.41691],[-47.10473,-4.66954],[-47.18332,-4.7218],[-47.27536,-4.6863]]]}},{"type":"Feature","properties":{"id":1003,"n":"Vila Bom Jardim","mn":"Açailândia","mi":2100055,"nl":1,"ap":3433,"cp":2858,"lx":-47.4906,"ly":-4.93598},"geometry":{"type":"Polygon","coordinates":[[[-47.49718,-4.93613],[-47.48579,-4.92939],[-47.48296,-4.933],[-47.49099,-4.94049],[-47.49591,-4.93789],[-47.49718,-4.93613]]]}},{"type":"Feature","properties":{"id":1004,"n":"Jacu","mn":"Açailândia","mi":2100055,"nl":5,"ap":9144,"cp":7518,"lx":-47.55763,"ly":-4.96826},"geometry":{"type":"Polygon","coordinates":[[[-47.58675,-4.97827],[-47.57553,-4.95075],[-47.50738,-4.93699],[-47.50588,-4.94107],[-47.50354,-4.94375],[-47.50339,-4.94581],[-47.50254,-4.95029],[-47.50765,-4.95744],[-47.51721,-4.96497],[-47.52151,-4.96867],[-47.55586,-4.99221],[-47.58675,-4.97827]]]}},{"type":"Feature","properties":{"id":1005,"n":"Assentamento Nova Conquista","mn":"Açailândia","mi":2100055,"nl":1,"ap":863,"cp":735,"lx":-47.32653,"ly":-4.95631},"geometry":{"type":"Polygon","coordinates":[[[-47.40681,-4.90064],[-47.30426,-4.92829],[-47.21014,-5.10542],[-47.21169,-5.11571],[-47.28379,-5.05482],[-47.39807,-4.92512],[-47.40681,-4.90064]]]}},{"type":"Feature","properties":{"id":1006,"n":"Assentamento Conquista da Lagoa","mn":"Açailândia","mi":2100055,"nl":1,"ap":233,"cp":187,"lx":-47.63242,"ly":-4.93161},"geometry":{"type":"Polygon","coordinates":[[[-47.71165,-5.01006],[-47.69887,-4.91897],[-47.64381,-4.85097],[-47.55741,-4.88855],[-47.57553,-4.95075],[-47.58675,-4.97827],[-47.70269,-5.02108],[-47.7078,-5.0157],[-47.7087,-5.0132],[-47.71165,-5.01006]]]}},{"type":"Feature","properties":{"id":1007,"n":"Assentamento Macaúba","mn":"Açailândia","mi":2100055,"nl":1,"ap":130,"cp":115,"lx":-47.87521,"ly":-4.76038},"geometry":{"type":"Polygon","coordinates":[[[-48.0254,-4.7783],[-48.0014,-4.7589],[-47.85045,-4.64136],[-47.69887,-4.91897],[-47.71165,-5.01006],[-47.7133,-5.0083],[-47.7161,-5.0004],[-47.7145,-4.99789],[-47.7139,-4.9945],[-47.7145,-4.9918],[-47.7172,-4.9865],[-47.72079,-4.98321],[-47.7256,-4.9833],[-47.7263,-4.9819],[-47.7279,-4.9804],[-47.7307,-4.9784],[-47.7343,-4.977],[-47.7361,-4.9755],[-47.7377,-4.9733],[-47.7449,-4.9676],[-47.7472,-4.9666],[-47.7485,-4.9668],[-47.7497,-4.966],[-47.7503,-4.9646],[-47.7515,-4.9639],[-47.7608,-4.962],[-47.7654,-4.9616],[-47.7671,-4.9598],[-47.7696,-4.9597],[-47.7709,-4.9586],[-47.7743,-4.958],[-47.7761,-4.9569],[-47.7755,-4.9558],[-47.7756,-4.9542],[-47.7772,-4.9523],[-47.7778,-4.94911],[-47.779,-4.9489],[-47.77852,-4.94569],[-47.7805,-4.9448],[-47.78251,-4.9423],[-47.7844,-4.9415],[-47.788,-4.9411],[-47.7905,-4.9373],[-47.79269,-4.93521],[-47.7951,-4.9361],[-47.7974,-4.9343],[-47.8016,-4.9339],[-47.8023,-4.9328],[-47.80371,-4.92792],[-47.8066,-4.9294],[-47.8068,-4.9272],[-47.8062,-4.9259],[-47.80401,-4.9243],[-47.8046,-4.92231],[-47.8078,-4.9212],[-47.8099,-4.91853],[-47.811,-4.9199],[-47.8116,-4.922],[-47.8136,-4.9212],[-47.8172,-4.9104],[-47.8181,-4.9085],[-47.8195,-4.907],[-47.8211,-4.9038],[-47.8238,-4.9012],[-47.8249,-4.9006],[-47.8286,-4.9004],[-47.8273,-4.89489],[-47.8284,-4.89181],[-47.8297,-4.8912],[-47.8306,-4.8872],[-47.8323,-4.8845],[-47.8355,-4.8822],[-47.83751,-4.878],[-47.8395,-4.8766],[-47.8441,-4.875],[-47.8499,-4.8701],[-47.85121,-4.86971],[-47.8538,-4.8718],[-47.8553,-4.871],[-47.8553,-4.8658],[-47.8566,-4.8616],[-47.8588,-4.857],[-47.861,-4.8547],[-47.8622,-4.8544],[-47.8669,-4.8553],[-47.87,-4.8523],[-47.8717,-4.8517],[-47.8751,-4.8515],[-47.8815,-4.8474],[-47.8826,-4.846],[-47.8842,-4.8454],[-47.8857,-4.8435],[-47.8882,-4.8421],[-47.8899,-4.8418],[-47.8915,-4.8403],[-47.8935,-4.8394],[-47.89521,-4.8368],[-47.9051,-4.8344],[-47.9105,-4.8324],[-47.9166,-4.8308],[-47.9196,-4.8293],[-47.9218,-4.8265],[-47.9263,-4.8245],[-47.932,-4.8165],[-47.9335,-4.816],[-47.9353,-4.8163],[-47.9399,-4.8155],[-47.9412,-4.8142],[-47.9474,-4.81],[-47.9564,-4.8009],[-47.962,-4.7962],[-47.9666,-4.7931],[-47.9679,-4.7912],[-47.9733,-4.7893],[-47.9776,-4.7885],[-47.9789,-4.78541],[-47.98009,-4.7848],[-47.9821,-4.7848],[-47.9843,-4.7837],[-47.986,-4.7838],[-47.98791,-4.7824],[-47.9967,-4.7808],[-48.001,-4.7823],[-48.0024,-4.7833],[-48.003,-4.7845],[-48.0043,-4.7854],[-48.0064,-4.7857],[-48.0081,-4.785],[-48.011,-4.7847],[-48.0111,-4.7831],[-48.0123,-4.7808],[-48.01599,-4.7788],[-48.021,-4.7788],[-48.0242,-4.779],[-48.0254,-4.7783]]]}},{"type":"Feature","properties":{"id":1008,"n":"Assentamento Nova Vitória","mn":"Açailândia","mi":2100055,"nl":1,"ap":202,"cp":161,"lx":-47.56402,"ly":-4.78718},"geometry":{"type":"Polygon","coordinates":[[[-47.64486,-4.72648],[-47.6298,-4.7139],[-47.6234,-4.7088],[-47.6153,-4.702],[-47.6119,-4.704],[-47.60361,-4.7058],[-47.6011,-4.7048],[-47.59421,-4.706],[-47.5937,-4.7057],[-47.5893,-4.7068],[-47.5876,-4.7066],[-47.5841,-4.7071],[-47.5739,-4.7072],[-47.5708,-4.7066],[-47.5612,-4.7042],[-47.5585,-4.7037],[-47.5547,-4.7036],[-47.5391,-4.7038],[-47.5372,-4.7037],[-47.522,-4.7039],[-47.5164,-4.7042],[-47.5118,-4.7039],[-47.5079,-4.7032],[-47.5008,-4.7014],[-47.49532,-4.7009],[-47.4931,-4.6845],[-47.4937,-4.6676],[-47.4939,-4.6653],[-47.4952,-4.661],[-47.4956,-4.6577],[-47.4953,-4.6522],[-47.4906,-4.6501],[-47.4876,-4.6483],[-47.4867,-4.6475],[-47.4822,-4.647],[-47.4805,-4.6473],[-47.4764,-4.6484],[-47.4739,-4.6485],[-47.4723,-4.649],[-47.46839,-4.6494],[-47.4642,-4.6476],[-47.4622,-4.6456],[-47.4565,-4.6438],[-47.4542,-4.6412],[-47.4534,-4.6401],[-47.4515,-4.6388],[-47.449,-4.6366],[-47.4471,-4.6355],[-47.4452,-4.6353],[-47.4398,-4.6361],[-47.4372,-4.6373],[-47.43583,-4.63748],[-47.43475,-4.6816],[-47.47861,-4.80849],[-47.50711,-4.84476],[-47.55741,-4.88855],[-47.64381,-4.85097],[-47.64486,-4.72648]]]}},{"type":"Feature","properties":{"id":1009,"n":"Assentamento Califórnia","mn":"Açailândia","mi":2100055,"nl":1,"ap":708,"cp":579,"lx":-47.5869,"ly":-5.03011},"geometry":{"type":"Polygon","coordinates":[[[-47.70269,-5.02108],[-47.58675,-4.97827],[-47.55586,-4.99221],[-47.47654,-5.04713],[-47.4759,-5.0488],[-47.4765,-5.0548],[-47.4761,-5.0631],[-47.477,-5.0673],[-47.4783,-5.0704],[-47.4792,-5.0714],[-47.4817,-5.0731],[-47.4876,-5.0761],[-47.4915,-5.0772],[-47.4943,-5.0772],[-47.4961,-5.0763],[-47.4977,-5.0749],[-47.499,-5.0721],[-47.4998,-5.0671],[-47.5021,-5.065],[-47.5048,-5.0629],[-47.50779,-5.0617],[-47.5119,-5.062],[-47.5145,-5.0633],[-47.5281,-5.0737],[-47.5301,-5.0758],[-47.5379,-5.082],[-47.539,-5.0832],[-47.5424,-5.089],[-47.5546,-5.0952],[-47.6792,-5.0421],[-47.6824,-5.0383],[-47.6854,-5.0362],[-47.6917,-5.0332],[-47.6972,-5.0296],[-47.7022,-5.0216],[-47.70269,-5.02108]]]}},{"type":"Feature","properties":{"id":1010,"n":"Nova Açailândia II","mn":"Açailândia","mi":2100055,"nl":1,"ap":2144,"cp":1732,"lx":-47.49475,"ly":-4.92615},"geometry":{"type":"Polygon","coordinates":[[[-47.50217,-4.93325],[-47.50217,-4.93324],[-47.50016,-4.89079],[-47.48579,-4.92939],[-47.49718,-4.93613],[-47.50217,-4.93325]]]}},{"type":"Feature","properties":{"id":1011,"n":"Vale do Açai","mn":"Açailândia","mi":2100055,"nl":2,"ap":739,"cp":553,"lx":-47.43481,"ly":-4.9386},"geometry":{"type":"Polygon","coordinates":[[[-47.45725,-4.92344],[-47.42833,-4.92599],[-47.42793,-4.92655],[-47.35424,-5.00106],[-47.43954,-4.95164],[-47.45218,-4.94071],[-47.45306,-4.93508],[-47.45725,-4.92344]]]}},{"type":"Feature","properties":{"id":1012,"n":"Vila Operária João Paulo II","mn":"Açailândia","mi":2100055,"nl":1,"ap":2348,"cp":1883,"lx":-47.47115,"ly":-4.96483},"geometry":{"type":"Polygon","coordinates":[[[-47.48012,-4.95942],[-47.47402,-4.95602],[-47.47256,-4.95568],[-47.46271,-4.95835],[-47.46312,-5.04452],[-47.46657,-5.04507],[-47.47386,-5.00442],[-47.48012,-4.95942]]]}},{"type":"Feature","properties":{"id":1013,"n":"Parque das Nações","mn":"Açailândia","mi":2100055,"nl":1,"ap":250,"cp":205,"lx":-47.46294,"ly":-4.93444},"geometry":{"type":"Polygon","coordinates":[[[-47.47515,-4.93503],[-47.46069,-4.91849],[-47.45725,-4.92344],[-47.45306,-4.93508],[-47.45218,-4.94071],[-47.45862,-4.94377],[-47.47019,-4.94284],[-47.47128,-4.94233],[-47.47515,-4.93503]]]}},{"type":"Feature","properties":{"id":1014,"n":"Colina Park","mn":"Açailândia","mi":2100055,"nl":1,"ap":1034,"cp":846,"lx":-47.53166,"ly":-4.90983},"geometry":{"type":"Polygon","coordinates":[[[-47.57553,-4.95075],[-47.55741,-4.88855],[-47.50711,-4.84476],[-47.50016,-4.89079],[-47.50217,-4.93325],[-47.50315,-4.93418],[-47.50738,-4.93699],[-47.57553,-4.95075]]]}},{"type":"Feature","properties":{"id":1015,"n":"Jardim Aulídia","mn":"Açailândia","mi":2100055,"nl":1,"ap":540,"cp":454,"lx":-47.48789,"ly":-4.85126},"geometry":{"type":"Polygon","coordinates":[[[-47.50711,-4.84476],[-47.47861,-4.80849],[-47.47323,-4.82407],[-47.46069,-4.91849],[-47.47515,-4.93503],[-47.47876,-4.93499],[-47.48296,-4.933],[-47.48579,-4.92939],[-47.50016,-4.89079],[-47.50711,-4.84476]]]}},{"type":"Feature","properties":{"id":1016,"n":"Agrovila Sudelândia","mn":"Açailândia","mi":2100055,"nl":1,"ap":1157,"cp":926,"lx":-47.75924,"ly":-4.66794},"geometry":{"type":"Polygon","coordinates":[[[-47.85045,-4.64136],[-47.8162,-4.6147],[-47.8124,-4.6095],[-47.81,-4.607],[-47.8066,-4.601],[-47.8051,-4.5974],[-47.802,-4.5969],[-47.7992,-4.5949],[-47.7926,-4.5864],[-47.7899,-4.5855],[-47.7863,-4.5861],[-47.7827,-4.5888],[-47.7734,-4.5915],[-47.7709,-4.59329],[-47.7649,-4.5909],[-47.7611,-4.5922],[-47.7582,-4.5905],[-47.754,-4.5908],[-47.7518,-4.5933],[-47.7518,-4.5965],[-47.75079,-4.6005],[-47.748,-4.60149],[-47.7454,-4.599],[-47.7423,-4.5986],[-47.73759,-4.6026],[-47.7345,-4.6039],[-47.7315,-4.6021],[-47.72481,-4.60639],[-47.7219,-4.6048],[-47.7181,-4.6048],[-47.7153,-4.603],[-47.7118,-4.6033],[-47.71186,-4.6063],[-47.709,-4.6061],[-47.7059,-4.6049],[-47.7016,-4.6048],[-47.6984,-4.6058],[-47.6954,-4.6055],[-47.6821,-4.6064],[-47.68,-4.6086],[-47.6808,-4.6117],[-47.6807,-4.614],[-47.6814,-4.6173],[-47.6811,-4.6195],[-47.6821,-4.6223],[-47.6818,-4.6236],[-47.6847,-4.6256],[-47.6855,-4.6276],[-47.6854,-4.631],[-47.6846,-4.6327],[-47.6845,-4.6354],[-47.6833,-4.637],[-47.6827,-4.6396],[-47.685,-4.6393],[-47.68739,-4.6412],[-47.6883,-4.6436],[-47.6882,-4.646],[-47.6903,-4.6476],[-47.69269,-4.6489],[-47.6933,-4.6505],[-47.6931,-4.6531],[-47.6917,-4.6568],[-47.6923,-4.65861],[-47.6923,-4.6615],[-47.6917,-4.6631],[-47.6918,-4.6664],[-47.6909,-4.6677],[-47.6912,-4.6697],[-47.6896,-4.673],[-47.6894,-4.6746],[-47.6902,-4.6765],[-47.6896,-4.6792],[-47.6902,-4.6829],[-47.6877,-4.6869],[-47.6862,-4.6887],[-47.6864,-4.6909],[-47.6869,-4.6914],[-47.69119,-4.693],[-47.6922,-4.6944],[-47.6941,-4.6948],[-47.69558,-4.69579],[-47.6953,-4.6978],[-47.6971,-4.698],[-47.69939,-4.70079],[-47.6994,-4.70161],[-47.698,-4.7037],[-47.70009,-4.7072],[-47.6989,-4.7099],[-47.6999,-4.7123],[-47.6995,-4.7139],[-47.70179,-4.71602],[-47.70139,-4.7172],[-47.6987,-4.7187],[-47.6981,-4.7197],[-47.69887,-4.72062],[-47.69438,-4.7244],[-47.6925,-4.7243],[-47.6899,-4.7232],[-47.6867,-4.7236],[-47.68473,-4.72222],[-47.6865,-4.7198],[-47.6864,-4.7191],[-47.6837,-4.7157],[-47.6819,-4.713],[-47.678,-4.712],[-47.6768,-4.7124],[-47.6746,-4.7119],[-47.672,-4.7136],[-47.6693,-4.7136],[-47.6655,-4.7151],[-47.6635,-4.7154],[-47.6613,-4.7154],[-47.6594,-4.7149],[-47.6567,-4.7152],[-47.6558,-4.7148],[-47.64622,-4.72757],[-47.64486,-4.72648],[-47.64381,-4.85097],[-47.69887,-4.91897],[-47.85045,-4.64136]]]}}]}