{"type":"FeatureCollection","features":[{"type":"Feature","properties":{"id":2101,"n":"São Luís","nm":73,"ap":2373536,"cp":1920721,"lx":-43.34992,"ly":-3.25502},"geometry":{"type":"MultiPolygon","coordinates":[[[[-45.712,-1.77021],[-45.60161,-1.55941],[-45.59191,-1.55161],[-45.58742,-1.54552],[-45.5813,-1.54311],[-45.57621,-1.53781],[-45.5669,-1.5366],[-45.55871,-1.5295],[-45.5497,-1.5299],[-45.53882,-1.51931],[-45.5323,-1.5185],[-45.5257,-1.5151],[-45.50982,-1.50192],[-45.5066,-1.4976],[-45.50172,-1.4993],[-45.49571,-1.4985],[-45.48042,-1.4918],[-45.4755,-1.4798],[-45.46381,-1.4771],[-45.46219,-1.47379],[-45.45812,-1.47013],[-45.4563,-1.45932],[-45.4572,-1.45521],[-45.45494,-1.45389],[-45.45549,-1.4521],[-45.44881,-1.45279],[-45.44432,-1.4473],[-45.43919,-1.43328],[-45.4369,-1.43109],[-45.43619,-1.4284],[-45.43232,-1.42811],[-45.42941,-1.4238],[-45.42331,-1.4188],[-45.41661,-1.4234],[-45.4096,-1.4227],[-45.40451,-1.42071],[-45.39544,-1.41392],[-45.39101,-1.41341],[-45.38899,-1.40859],[-45.3841,-1.4036],[-45.37841,-1.4025],[-45.37171,-1.39711],[-45.37043,-1.39551],[-45.37107,-1.39444],[-45.3777,-1.3935],[-45.379,-1.3889],[-45.37709,-1.3864],[-45.37203,-1.38974],[-45.37065,-1.38832],[-45.37459,-1.38451],[-45.3746,-1.38291],[-45.36907,-1.38298],[-45.36871,-1.3809],[-45.37639,-1.37881],[-45.37639,-1.36669],[-45.36307,-1.36142],[-45.36269,-1.3598],[-45.36053,-1.35918],[-45.3613,-1.35419],[-45.35811,-1.35089],[-45.3571,-1.346],[-45.35029,-1.3466],[-45.3465,-1.3486],[-45.34329,-1.35266],[-45.34075,-1.35195],[-45.35322,-1.33717],[-45.35572,-1.33248],[-45.366,-1.32779],[-45.36629,-1.32547],[-45.3623,-1.3189],[-45.35097,-1.31299],[-45.34499,-1.3129],[-45.3323,-1.3177],[-45.31878,-1.32551],[-45.3049,-1.3364],[-45.30462,-1.33841],[-45.30979,-1.3386],[-45.31158,-1.34021],[-45.30571,-1.34907],[-45.3058,-1.35141],[-45.30789,-1.36717],[-45.31059,-1.37069],[-45.31336,-1.371],[-45.3138,-1.37301],[-45.31279,-1.38111],[-45.30949,-1.38411],[-45.3048,-1.38596],[-45.30408,-1.38441],[-45.3026,-1.3858],[-45.2996,-1.39838],[-45.2979,-1.4131],[-45.2991,-1.43282],[-45.30149,-1.439],[-45.30451,-1.4395],[-45.3103,-1.438],[-45.33092,-1.44771],[-45.353,-1.4533],[-45.35732,-1.45621],[-45.37499,-1.4621],[-45.38341,-1.4667],[-45.3879,-1.47092],[-45.3878,-1.47659],[-45.38272,-1.4789],[-45.379,-1.4784],[-45.37081,-1.4738],[-45.36309,-1.4735],[-45.3583,-1.4718],[-45.35221,-1.47329],[-45.35021,-1.47669],[-45.34647,-1.47961],[-45.3427,-1.48039],[-45.33679,-1.4772],[-45.32181,-1.48269],[-45.31633,-1.48627],[-45.3084,-1.49679],[-45.30939,-1.51077],[-45.314,-1.51549],[-45.3152,-1.5185],[-45.3162,-1.53511],[-45.3219,-1.54422],[-45.3189,-1.55069],[-45.31959,-1.55718],[-45.3229,-1.5599],[-45.33412,-1.56423],[-45.3435,-1.58678],[-45.3414,-1.5912],[-45.33479,-1.59431],[-45.3214,-1.5978],[-45.3068,-1.5996],[-45.29032,-1.598],[-45.26818,-1.5986],[-45.26089,-1.5961],[-45.24959,-1.58719],[-45.24801,-1.57822],[-45.2431,-1.57279],[-45.2404,-1.56389],[-45.23592,-1.56223],[-45.23611,-1.55393],[-45.2341,-1.55458],[-45.23281,-1.55321],[-45.2317,-1.54691],[-45.22212,-1.54091],[-45.21242,-1.53063],[-45.2115,-1.5254],[-45.20499,-1.51758],[-45.2021,-1.4966],[-45.19801,-1.48841],[-45.1904,-1.48919],[-45.18648,-1.49501],[-45.17659,-1.4957],[-45.17362,-1.49461],[-45.16622,-1.48872],[-45.166,-1.48521],[-45.16301,-1.48311],[-45.15859,-1.47479],[-45.15354,-1.47082],[-45.15112,-1.4705],[-45.14481,-1.47838],[-45.1426,-1.4833],[-45.13791,-1.4849],[-45.1325,-1.4848],[-45.12951,-1.48111],[-45.1224,-1.4767],[-45.112,-1.476],[-45.10321,-1.47311],[-45.0998,-1.46701],[-45.09669,-1.4555],[-45.07998,-1.45971],[-45.07062,-1.46816],[-45.0702,-1.47999],[-45.0687,-1.482],[-45.06611,-1.4829],[-45.0567,-1.4822],[-45.05302,-1.48698],[-45.0496,-1.4879],[-45.04887,-1.49041],[-45.044,-1.49178],[-45.03978,-1.4903],[-45.0277,-1.4926],[-45.02242,-1.4911],[-45.02032,-1.49166],[-45.0191,-1.48779],[-45.0145,-1.4853],[-45.00649,-1.4861],[-45.00201,-1.49188],[-45.00008,-1.49851],[-44.9969,-1.5],[-44.99573,-1.50227],[-44.9932,-1.5029],[-44.99379,-1.50613],[-44.9898,-1.51102],[-44.99,-1.5126],[-44.99308,-1.51519],[-45.00762,-1.52103],[-45.0088,-1.52562],[-45.0072,-1.5318],[-45.0014,-1.535],[-44.99651,-1.5348],[-44.99091,-1.5309],[-44.98224,-1.52792],[-44.9787,-1.5246],[-44.97501,-1.52809],[-44.9663,-1.53289],[-44.96369,-1.53621],[-44.9612,-1.5434],[-44.9615,-1.54971],[-44.96351,-1.55647],[-44.95951,-1.56],[-44.9547,-1.5608],[-44.9521,-1.5589],[-44.9492,-1.55318],[-44.9482,-1.53839],[-44.9512,-1.52929],[-44.9577,-1.5177],[-44.96091,-1.51319],[-44.96689,-1.51071],[-44.97231,-1.50438],[-44.9746,-1.49471],[-44.9744,-1.49028],[-44.96921,-1.47791],[-44.96559,-1.47499],[-44.9595,-1.4739],[-44.94872,-1.48178],[-44.94931,-1.48391],[-44.95636,-1.48497],[-44.95484,-1.4913],[-44.93709,-1.48989],[-44.93531,-1.48721],[-44.9357,-1.48019],[-44.93341,-1.47671],[-44.92529,-1.47199],[-44.9229,-1.4692],[-44.92011,-1.46201],[-44.91292,-1.46009],[-44.9106,-1.4551],[-44.90023,-1.44911],[-44.89918,-1.44609],[-44.89413,-1.4443],[-44.89429,-1.44239],[-44.88869,-1.4431],[-44.8868,-1.44209],[-44.8838,-1.43309],[-44.8843,-1.42591],[-44.88121,-1.42543],[-44.88154,-1.4229],[-44.88587,-1.42221],[-44.88679,-1.42059],[-44.87758,-1.4178],[-44.8718,-1.4139],[-44.8682,-1.41459],[-44.86039,-1.4113],[-44.85349,-1.4126],[-44.83769,-1.4211],[-44.8305,-1.4277],[-44.8305,-1.43461],[-44.83371,-1.43791],[-44.8362,-1.4437],[-44.8435,-1.47849],[-44.84342,-1.48832],[-44.84431,-1.4891],[-44.84739,-1.48801],[-44.85519,-1.48411],[-44.8618,-1.4867],[-44.87828,-1.47841],[-44.88506,-1.47791],[-44.88533,-1.48032],[-44.874,-1.4848],[-44.8719,-1.4865],[-44.87251,-1.48832],[-44.87371,-1.4903],[-44.88219,-1.48995],[-44.88219,-1.49146],[-44.88,-1.4918],[-44.8773,-1.49581],[-44.88379,-1.50289],[-44.8855,-1.5078],[-44.89308,-1.50939],[-44.89489,-1.51119],[-44.89478,-1.51409],[-44.8902,-1.5144],[-44.8902,-1.51642],[-44.89112,-1.51942],[-44.89505,-1.52288],[-44.8938,-1.5245],[-44.89859,-1.5288],[-44.90001,-1.53531],[-44.90298,-1.53759],[-44.90758,-1.53829],[-44.91179,-1.5408],[-44.91549,-1.5404],[-44.91738,-1.53825],[-44.91829,-1.53902],[-44.9124,-1.5567],[-44.91471,-1.56202],[-44.91779,-1.56518],[-44.91909,-1.57165],[-44.91567,-1.57283],[-44.91201,-1.57887],[-44.9107,-1.58241],[-44.91221,-1.59578],[-44.9058,-1.6047],[-44.89931,-1.60719],[-44.89679,-1.6048],[-44.89331,-1.6038],[-44.88719,-1.6028],[-44.88579,-1.60385],[-44.8815,-1.602],[-44.8718,-1.6013],[-44.86549,-1.60951],[-44.86347,-1.61644],[-44.86177,-1.61821],[-44.8561,-1.6184],[-44.85371,-1.6175],[-44.84539,-1.60926],[-44.83921,-1.59801],[-44.8376,-1.5925],[-44.8364,-1.5741],[-44.8351,-1.5728],[-44.82271,-1.57739],[-44.8131,-1.58409],[-44.8105,-1.5875],[-44.80269,-1.5894],[-44.79751,-1.58671],[-44.79281,-1.5812],[-44.7833,-1.5804],[-44.77881,-1.5784],[-44.77709,-1.57668],[-44.77151,-1.56252],[-44.76931,-1.5611],[-44.767,-1.56339],[-44.7684,-1.5725],[-44.7675,-1.58231],[-44.769,-1.59142],[-44.76691,-1.59439],[-44.76348,-1.59469],[-44.75822,-1.59211],[-44.75109,-1.58319],[-44.74309,-1.57939],[-44.73411,-1.57121],[-44.72339,-1.55669],[-44.70751,-1.5517],[-44.7051,-1.55382],[-44.7072,-1.57331],[-44.71008,-1.57877],[-44.70889,-1.58061],[-44.7028,-1.5832],[-44.69669,-1.582],[-44.6948,-1.58059],[-44.6873,-1.5657],[-44.68539,-1.5655],[-44.6788,-1.5682],[-44.67448,-1.57621],[-44.6682,-1.57899],[-44.6571,-1.5878],[-44.64741,-1.60189],[-44.64329,-1.60501],[-44.6363,-1.61662],[-44.63979,-1.62419],[-44.64541,-1.63002],[-44.65849,-1.65978],[-44.66098,-1.66199],[-44.66239,-1.6628],[-44.66438,-1.65942],[-44.66841,-1.65749],[-44.67079,-1.65432],[-44.672,-1.64979],[-44.67058,-1.64605],[-44.6724,-1.6464],[-44.67505,-1.64141],[-44.6816,-1.6447],[-44.688,-1.64051],[-44.69029,-1.64167],[-44.6904,-1.6438],[-44.69463,-1.64198],[-44.69501,-1.6438],[-44.69788,-1.64287],[-44.69869,-1.64469],[-44.70219,-1.6459],[-44.70487,-1.64271],[-44.70871,-1.6481],[-44.72631,-1.6482],[-44.73841,-1.65067],[-44.74047,-1.65299],[-44.74309,-1.6534],[-44.7468,-1.65072],[-44.74827,-1.65206],[-44.7464,-1.6568],[-44.74822,-1.65803],[-44.75139,-1.66489],[-44.75267,-1.66487],[-44.75319,-1.6678],[-44.76117,-1.67449],[-44.76521,-1.67432],[-44.76809,-1.67623],[-44.7682,-1.6777],[-44.76975,-1.67696],[-44.7726,-1.6796],[-44.77751,-1.68021],[-44.78018,-1.68898],[-44.78599,-1.6913],[-44.79045,-1.69476],[-44.79319,-1.69999],[-44.79559,-1.70249],[-44.79914,-1.70298],[-44.7992,-1.70415],[-44.79571,-1.7058],[-44.7887,-1.7066],[-44.78519,-1.71329],[-44.77871,-1.7125],[-44.7794,-1.70841],[-44.77748,-1.70579],[-44.77191,-1.7038],[-44.76273,-1.70459],[-44.76203,-1.70735],[-44.7604,-1.7075],[-44.7614,-1.70927],[-44.75442,-1.71798],[-44.74891,-1.7178],[-44.74519,-1.721],[-44.73782,-1.722],[-44.73073,-1.7215],[-44.72981,-1.72051],[-44.72788,-1.7221],[-44.72272,-1.72121],[-44.72141,-1.71911],[-44.71909,-1.71887],[-44.71649,-1.7133],[-44.7116,-1.7153],[-44.70159,-1.72501],[-44.6998,-1.731],[-44.7034,-1.7398],[-44.70521,-1.73919],[-44.70772,-1.73553],[-44.70905,-1.73579],[-44.7094,-1.73899],[-44.71153,-1.74001],[-44.71051,-1.7413],[-44.71412,-1.74263],[-44.7145,-1.74601],[-44.71681,-1.74951],[-44.72009,-1.7516],[-44.72437,-1.75205],[-44.72541,-1.75781],[-44.7364,-1.7636],[-44.74949,-1.77459],[-44.75449,-1.78069],[-44.7594,-1.78301],[-44.7595,-1.78649],[-44.75718,-1.7894],[-44.73894,-1.78551],[-44.73171,-1.7813],[-44.72623,-1.7804],[-44.72416,-1.78119],[-44.72059,-1.7799],[-44.7194,-1.7804],[-44.72099,-1.78688],[-44.7203,-1.7887],[-44.71383,-1.79001],[-44.7075,-1.77661],[-44.70508,-1.77632],[-44.70349,-1.7691],[-44.69719,-1.7689],[-44.69419,-1.77071],[-44.68733,-1.7718],[-44.68189,-1.76931],[-44.68024,-1.77236],[-44.67901,-1.76951],[-44.67651,-1.768],[-44.66941,-1.7664],[-44.6668,-1.76461],[-44.6641,-1.7663],[-44.66313,-1.77075],[-44.66069,-1.771],[-44.65373,-1.76942],[-44.65087,-1.76239],[-44.64949,-1.7622],[-44.64769,-1.76517],[-44.64577,-1.76481],[-44.6475,-1.75872],[-44.65131,-1.75447],[-44.6543,-1.74152],[-44.65203,-1.74198],[-44.65108,-1.7404],[-44.64751,-1.74197],[-44.6511,-1.72912],[-44.65349,-1.72461],[-44.6568,-1.7248],[-44.6587,-1.7229],[-44.6576,-1.7193],[-44.65251,-1.7154],[-44.63797,-1.71791],[-44.6116,-1.7321],[-44.60508,-1.73791],[-44.6006,-1.74019],[-44.5984,-1.74467],[-44.59969,-1.74789],[-44.61679,-1.75889],[-44.61768,-1.76082],[-44.608,-1.7679],[-44.6031,-1.7658],[-44.59813,-1.7688],[-44.59409,-1.7683],[-44.5736,-1.775],[-44.57381,-1.7774],[-44.58139,-1.77702],[-44.58771,-1.7795],[-44.59058,-1.78111],[-44.5904,-1.78329],[-44.58549,-1.79011],[-44.57593,-1.79609],[-44.5708,-1.7966],[-44.56401,-1.80358],[-44.5634,-1.80799],[-44.56585,-1.8086],[-44.5648,-1.8113],[-44.56819,-1.81581],[-44.5654,-1.82052],[-44.56829,-1.82481],[-44.5658,-1.82699],[-44.56621,-1.8286],[-44.56299,-1.82912],[-44.56411,-1.83566],[-44.55543,-1.83379],[-44.55537,-1.83799],[-44.55205,-1.83861],[-44.54999,-1.83218],[-44.54761,-1.82942],[-44.5473,-1.82399],[-44.54498,-1.82038],[-44.5438,-1.8195],[-44.53943,-1.82029],[-44.5333,-1.8228],[-44.5417,-1.84048],[-44.5388,-1.85041],[-44.542,-1.8598],[-44.54449,-1.86121],[-44.545,-1.86661],[-44.5518,-1.87659],[-44.5538,-1.88161],[-44.5535,-1.885],[-44.55168,-1.88852],[-44.54619,-1.8913],[-44.53761,-1.88761],[-44.53398,-1.88079],[-44.52808,-1.8788],[-44.51871,-1.88139],[-44.51461,-1.88568],[-44.4924,-1.9422],[-44.4892,-1.95709],[-44.49269,-1.96299],[-44.49499,-1.964],[-44.50071,-1.9619],[-44.50551,-1.95739],[-44.50936,-1.95567],[-44.51127,-1.95813],[-44.5056,-1.96391],[-44.4955,-1.9684],[-44.49579,-1.97192],[-44.4906,-1.97939],[-44.49173,-1.98084],[-44.48972,-1.98219],[-44.4865,-1.9822],[-44.48389,-1.9857],[-44.4813,-1.98691],[-44.4892,-1.9924],[-44.49489,-1.99839],[-44.5014,-2.002],[-44.50761,-2.00921],[-44.51759,-2.0135],[-44.52581,-2.015],[-44.5357,-2.0196],[-44.56382,-2.0155],[-44.56939,-2.01749],[-44.57599,-2.02409],[-44.57838,-2.02797],[-44.57625,-2.02988],[-44.56911,-2.0222],[-44.5656,-2.0218],[-44.54997,-2.02631],[-44.53335,-2.03628],[-44.52192,-2.034],[-44.52135,-2.03547],[-44.51859,-2.0346],[-44.5017,-2.0236],[-44.49641,-2.02658],[-44.49599,-2.03251],[-44.49152,-2.04027],[-44.49001,-2.04078],[-44.48909,-2.03971],[-44.48697,-2.04119],[-44.48599,-2.0403],[-44.48529,-2.04267],[-44.49058,-2.04809],[-44.49797,-2.04929],[-44.49921,-2.05301],[-44.5036,-2.0549],[-44.52138,-2.07279],[-44.52581,-2.07311],[-44.5281,-2.0753],[-44.52901,-2.07991],[-44.53498,-2.08529],[-44.54599,-2.0917],[-44.55038,-2.08843],[-44.55193,-2.08863],[-44.55369,-2.09078],[-44.55511,-2.09752],[-44.55896,-2.10058],[-44.5587,-2.10331],[-44.5658,-2.11101],[-44.56671,-2.12561],[-44.56899,-2.1274],[-44.57649,-2.1277],[-44.57757,-2.12615],[-44.57865,-2.12657],[-44.57921,-2.1287],[-44.58092,-2.1287],[-44.5807,-2.13159],[-44.58245,-2.13203],[-44.58181,-2.13381],[-44.58708,-2.13381],[-44.58859,-2.13558],[-44.58621,-2.13929],[-44.57981,-2.1445],[-44.5874,-2.15061],[-44.58801,-2.15497],[-44.5861,-2.1588],[-44.58729,-2.16557],[-44.59499,-2.18159],[-44.59751,-2.18311],[-44.6023,-2.1909],[-44.6096,-2.1951],[-44.61532,-2.20282],[-44.61769,-2.2083],[-44.6244,-2.21459],[-44.62782,-2.22182],[-44.63171,-2.22422],[-44.63411,-2.22851],[-44.64459,-2.236],[-44.65228,-2.23819],[-44.65678,-2.24468],[-44.66061,-2.24771],[-44.68371,-2.25612],[-44.6854,-2.26301],[-44.6821,-2.27211],[-44.67771,-2.28049],[-44.67181,-2.28769],[-44.6597,-2.2873],[-44.65439,-2.2938],[-44.65079,-2.2952],[-44.63879,-2.2959],[-44.62763,-2.29091],[-44.6248,-2.28052],[-44.6262,-2.27569],[-44.62321,-2.26733],[-44.61571,-2.25771],[-44.61313,-2.25741],[-44.60879,-2.25369],[-44.60361,-2.2525],[-44.60249,-2.2511],[-44.59861,-2.25099],[-44.59611,-2.24541],[-44.59078,-2.24389],[-44.5884,-2.2414],[-44.5867,-2.23372],[-44.58821,-2.22861],[-44.58262,-2.22888],[-44.5813,-2.227],[-44.57931,-2.22699],[-44.56075,-2.20991],[-44.55909,-2.20179],[-44.55771,-2.2009],[-44.55196,-2.20162],[-44.55061,-2.19791],[-44.54761,-2.19778],[-44.5464,-2.1948],[-44.5436,-2.19605],[-44.54241,-2.19451],[-44.53872,-2.18818],[-44.54149,-2.1824],[-44.53531,-2.17928],[-44.5348,-2.17631],[-44.53095,-2.17364],[-44.5321,-2.17248],[-44.5304,-2.1685],[-44.5274,-2.16651],[-44.53,-2.1643],[-44.5303,-2.16241],[-44.52924,-2.16163],[-44.53009,-2.15989],[-44.5199,-2.1547],[-44.50361,-2.15221],[-44.49968,-2.14909],[-44.48512,-2.146],[-44.47629,-2.1515],[-44.46874,-2.15109],[-44.46823,-2.15001],[-44.46949,-2.14908],[-44.46455,-2.14693],[-44.46409,-2.1445],[-44.4576,-2.1509],[-44.4511,-2.1531],[-44.43541,-2.1659],[-44.43309,-2.16621],[-44.4277,-2.17549],[-44.4209,-2.183],[-44.42039,-2.18672],[-44.41731,-2.1925],[-44.4074,-2.2056],[-44.39831,-2.21497],[-44.40427,-2.21889],[-44.4033,-2.22174],[-44.4014,-2.2211],[-44.39621,-2.2226],[-44.3955,-2.22399],[-44.3898,-2.25132],[-44.3845,-2.2677],[-44.3851,-2.27271],[-44.39115,-2.2757],[-44.3838,-2.2767],[-44.3781,-2.2797],[-44.37699,-2.28151],[-44.3638,-2.31219],[-44.3607,-2.32509],[-44.36149,-2.32995],[-44.35989,-2.33061],[-44.3579,-2.3369],[-44.358,-2.34049],[-44.36128,-2.34178],[-44.3648,-2.3472],[-44.37038,-2.34999],[-44.37419,-2.35599],[-44.37951,-2.35554],[-44.38011,-2.35928],[-44.3769,-2.3617],[-44.37609,-2.3651],[-44.3739,-2.3669],[-44.3723,-2.3805],[-44.37521,-2.39031],[-44.3788,-2.39241],[-44.38339,-2.40248],[-44.38798,-2.40889],[-44.39331,-2.41021],[-44.40689,-2.4184],[-44.40849,-2.41759],[-44.40531,-2.41598],[-44.40364,-2.41257],[-44.40466,-2.41135],[-44.40769,-2.41131],[-44.4076,-2.40911],[-44.41188,-2.41029],[-44.41322,-2.413],[-44.41563,-2.4109],[-44.42219,-2.4098],[-44.42422,-2.4081],[-44.42666,-2.40811],[-44.4269,-2.4093],[-44.43239,-2.40791],[-44.43539,-2.4089],[-44.43758,-2.40822],[-44.43961,-2.41073],[-44.44069,-2.41569],[-44.44242,-2.4139],[-44.4454,-2.414],[-44.44776,-2.41151],[-44.45512,-2.41299],[-44.46081,-2.41021],[-44.46636,-2.4106],[-44.46792,-2.4131],[-44.4739,-2.4128],[-44.47793,-2.41121],[-44.49249,-2.41959],[-44.4984,-2.42591],[-44.4998,-2.4308],[-44.49782,-2.43468],[-44.49583,-2.43539],[-44.47271,-2.4281],[-44.47047,-2.43021],[-44.45817,-2.43411],[-44.4464,-2.44161],[-44.4426,-2.45069],[-44.44503,-2.45453],[-44.4433,-2.4555],[-44.4429,-2.4575],[-44.46029,-2.48069],[-44.46104,-2.4768],[-44.46491,-2.4763],[-44.47188,-2.47998],[-44.476,-2.485],[-44.48751,-2.51702],[-44.4902,-2.5217],[-44.4964,-2.5218],[-44.50819,-2.53329],[-44.51219,-2.5352],[-44.52349,-2.5257],[-44.53121,-2.5255],[-44.53372,-2.52672],[-44.5367,-2.53429],[-44.53769,-2.54778],[-44.54671,-2.57071],[-44.5508,-2.58691],[-44.5553,-2.59649],[-44.5573,-2.60421],[-44.5639,-2.6111],[-44.57169,-2.62318],[-44.58481,-2.65723],[-44.58581,-2.65891],[-44.59561,-2.66372],[-44.60371,-2.67822],[-44.6052,-2.68701],[-44.60689,-2.68979],[-44.61478,-2.69489],[-44.61824,-2.6949],[-44.6266,-2.70211],[-44.6267,-2.70962],[-44.6233,-2.7249],[-44.6233,-2.7366],[-44.63549,-2.76598],[-44.63759,-2.7676],[-44.6397,-2.77331],[-44.64541,-2.78151],[-44.6486,-2.79579],[-44.6484,-2.8037],[-44.65138,-2.80648],[-44.6515,-2.80807],[-44.63501,-2.83967],[-44.6326,-2.84589],[-44.6327,-2.85482],[-44.63461,-2.86103],[-44.65069,-2.8915],[-44.65441,-2.89531],[-44.6724,-2.906],[-44.67861,-2.91531],[-44.6809,-2.93029],[-44.681,-2.94011],[-44.6766,-2.9583],[-44.6794,-2.97911],[-44.6754,-2.99651],[-44.6715,-3.0045],[-44.6655,-3.0109],[-44.6582,-3.0154],[-44.64219,-3.02191],[-44.62928,-3.0246],[-44.61772,-3.02859],[-44.60401,-3.0378],[-44.5972,-3.04],[-44.5739,-3.0444],[-44.56271,-3.0452],[-44.5325,-3.044],[-44.507,-3.0328],[-44.4961,-3.0266],[-44.45369,-2.98729],[-44.42481,-2.94391],[-44.41189,-2.91189],[-44.407,-2.89403],[-44.4062,-2.88219],[-44.4078,-2.85792],[-44.4075,-2.83579],[-44.4104,-2.81142],[-44.409,-2.79189],[-44.40589,-2.78688],[-44.4031,-2.76951],[-44.3994,-2.7682],[-44.3975,-2.76579],[-44.39758,-2.76378],[-44.3887,-2.7538],[-44.3863,-2.7487],[-44.3856,-2.73499],[-44.38749,-2.72782],[-44.3917,-2.72039],[-44.3879,-2.71248],[-44.38471,-2.69882],[-44.3853,-2.6969],[-44.3792,-2.68421],[-44.3804,-2.6684],[-44.3718,-2.6608],[-44.36819,-2.65405],[-44.3677,-2.6423],[-44.3603,-2.6207],[-44.36,-2.61621],[-44.3578,-2.61272],[-44.3565,-2.60451],[-44.35434,-2.60261],[-44.36429,-2.58086],[-44.369,-2.582],[-44.3699,-2.57712],[-44.36912,-2.57568],[-44.37071,-2.5715],[-44.37769,-2.5685],[-44.3777,-2.56581],[-44.37309,-2.5614],[-44.37136,-2.56229],[-44.36553,-2.56056],[-44.36619,-2.5597],[-44.36358,-2.55899],[-44.3576,-2.5537],[-44.3549,-2.54851],[-44.357,-2.5409],[-44.35471,-2.53761],[-44.3552,-2.5322],[-44.34868,-2.52995],[-44.34889,-2.5269],[-44.34709,-2.52681],[-44.34379,-2.53],[-44.34061,-2.5305],[-44.33628,-2.53019],[-44.33291,-2.5279],[-44.32101,-2.5272],[-44.31779,-2.5401],[-44.31528,-2.5409],[-44.30978,-2.53938],[-44.3076,-2.53482],[-44.30759,-2.51581],[-44.31207,-2.50485],[-44.31609,-2.5064],[-44.3197,-2.5061],[-44.31883,-2.5044],[-44.32029,-2.5029],[-44.30774,-2.49533],[-44.30459,-2.4875],[-44.2998,-2.4862],[-44.27489,-2.4868],[-44.26871,-2.4854],[-44.26251,-2.4814],[-44.24929,-2.4814],[-44.2259,-2.477],[-44.22172,-2.47531],[-44.21878,-2.47169],[-44.20591,-2.46781],[-44.20317,-2.46449],[-44.17671,-2.45921],[-44.15869,-2.44569],[-44.15709,-2.44399],[-44.15561,-2.43752],[-44.15201,-2.4343],[-44.13672,-2.42981],[-44.09461,-2.4066],[-44.0683,-2.4033],[-44.03179,-2.4063],[-44.03059,-2.40731],[-44.02339,-2.43134],[-44.0227,-2.44372],[-44.02379,-2.44868],[-44.02649,-2.4513],[-44.03761,-2.4507],[-44.04579,-2.45349],[-44.0505,-2.46089],[-44.0527,-2.46878],[-44.0496,-2.4746],[-44.0273,-2.50059],[-44.024,-2.50759],[-44.0239,-2.512],[-44.0277,-2.5188],[-44.0269,-2.52891],[-44.0341,-2.53401],[-44.034,-2.54991],[-44.03621,-2.55671],[-44.04029,-2.5575],[-44.04323,-2.5545],[-44.04892,-2.5546],[-44.0527,-2.55661],[-44.05409,-2.5647],[-44.06228,-2.55981],[-44.07099,-2.5593],[-44.07762,-2.56271],[-44.08049,-2.5636],[-44.08154,-2.5627],[-44.08529,-2.57069],[-44.0928,-2.57472],[-44.0935,-2.5808],[-44.0924,-2.58891],[-44.09371,-2.59121],[-44.10111,-2.59551],[-44.10569,-2.60378],[-44.1046,-2.60819],[-44.10679,-2.60947],[-44.1063,-2.61359],[-44.1079,-2.61532],[-44.1057,-2.6292],[-44.11347,-2.63367],[-44.1135,-2.63649],[-44.11539,-2.6383],[-44.11609,-2.64218],[-44.11801,-2.64273],[-44.11969,-2.64629],[-44.12565,-2.64798],[-44.12508,-2.64961],[-44.123,-2.65041],[-44.12412,-2.65422],[-44.13181,-2.65631],[-44.13399,-2.66316],[-44.1325,-2.66699],[-44.13511,-2.66803],[-44.1351,-2.67209],[-44.13681,-2.67344],[-44.138,-2.6818],[-44.14659,-2.6827],[-44.147,-2.6851],[-44.15282,-2.68451],[-44.15821,-2.68871],[-44.16471,-2.6996],[-44.1688,-2.6997],[-44.17271,-2.702],[-44.17659,-2.7021],[-44.1852,-2.7051],[-44.1946,-2.7051],[-44.19979,-2.70919],[-44.20049,-2.71258],[-44.2033,-2.71431],[-44.20429,-2.71699],[-44.21338,-2.72029],[-44.21479,-2.72289],[-44.21948,-2.72369],[-44.2223,-2.7263],[-44.23531,-2.7249],[-44.24861,-2.72981],[-44.26,-2.74439],[-44.266,-2.75803],[-44.2646,-2.767],[-44.26089,-2.77471],[-44.25671,-2.77829],[-44.2523,-2.7798],[-44.2414,-2.7805],[-44.23841,-2.77961],[-44.2349,-2.7756],[-44.22661,-2.772],[-44.21931,-2.7705],[-44.21778,-2.7718],[-44.21421,-2.7719],[-44.21118,-2.76879],[-44.20432,-2.7669],[-44.20257,-2.76779],[-44.19172,-2.7646],[-44.1853,-2.7642],[-44.1796,-2.7666],[-44.1588,-2.7685],[-44.14749,-2.7681],[-44.13241,-2.76541],[-44.12969,-2.76439],[-44.12571,-2.75961],[-44.12239,-2.75837],[-44.11579,-2.7486],[-44.11041,-2.7473],[-44.10868,-2.7487],[-44.10603,-2.74889],[-44.10539,-2.7479],[-44.09486,-2.75328],[-44.08481,-2.74891],[-44.07759,-2.74259],[-44.0676,-2.72762],[-44.06759,-2.72299],[-44.06488,-2.71999],[-44.06011,-2.71899],[-44.0542,-2.71129],[-44.05021,-2.69732],[-44.0447,-2.6908],[-44.0439,-2.68639],[-44.04179,-2.68308],[-44.03109,-2.67339],[-44.0279,-2.66621],[-44.0283,-2.66059],[-44.02259,-2.65259],[-44.01382,-2.65031],[-44.00982,-2.64732],[-44.00388,-2.63819],[-43.98871,-2.63381],[-43.97371,-2.6258],[-43.95647,-2.62146],[-43.954,-2.6178],[-43.9539,-2.60529],[-43.95099,-2.59807],[-43.94092,-2.57803],[-43.933,-2.5679],[-43.93119,-2.56159],[-43.91941,-2.555],[-43.90983,-2.55469],[-43.90212,-2.5582],[-43.89369,-2.55649],[-43.8917,-2.55489],[-43.8903,-2.55032],[-43.8925,-2.5409],[-43.89121,-2.53542],[-43.8791,-2.52649],[-43.8763,-2.5183],[-43.87291,-2.516],[-43.86407,-2.5166],[-43.85523,-2.51431],[-43.85019,-2.50999],[-43.8468,-2.50191],[-43.845,-2.47568],[-43.8425,-2.46171],[-43.8422,-2.44869],[-43.8413,-2.4466],[-43.83659,-2.4453],[-43.8315,-2.44021],[-43.8346,-2.43221],[-43.83811,-2.4299],[-43.8398,-2.42632],[-43.84,-2.42108],[-43.83811,-2.4167],[-43.83122,-2.41061],[-43.82241,-2.40521],[-43.81402,-2.39721],[-43.80271,-2.3907],[-43.79971,-2.3903],[-43.79641,-2.3931],[-43.7916,-2.39411],[-43.79751,-2.39871],[-43.80081,-2.40572],[-43.8012,-2.41008],[-43.79979,-2.41213],[-43.79959,-2.41636],[-43.8096,-2.4312],[-43.81,-2.43598],[-43.80837,-2.43841],[-43.80172,-2.4401],[-43.7984,-2.4396],[-43.75941,-2.41691],[-43.7589,-2.4093],[-43.75721,-2.40681],[-43.74981,-2.40281],[-43.74678,-2.39789],[-43.7341,-2.3935],[-43.72679,-2.38646],[-43.7249,-2.3759],[-43.7252,-2.368],[-43.7281,-2.36049],[-43.7396,-2.35029],[-43.7274,-2.3338],[-43.7229,-2.32521],[-43.7217,-2.31719],[-43.7236,-2.30839],[-43.72039,-2.29138],[-43.7181,-2.2888],[-43.69623,-2.27671],[-43.66971,-2.26911],[-43.6444,-2.2579],[-43.63728,-2.25339],[-43.6272,-2.2512],[-43.61408,-2.2521],[-43.60409,-2.25771],[-43.6024,-2.26049],[-43.60171,-2.27229],[-43.59431,-2.28268],[-43.5936,-2.28721],[-43.59731,-2.29201],[-43.59949,-2.2929],[-43.60612,-2.2924],[-43.616,-2.2947],[-43.62071,-2.29831],[-43.6236,-2.3031],[-43.6252,-2.3074],[-43.6263,-2.31841],[-43.6304,-2.326],[-43.6305,-2.32869],[-43.6279,-2.3304],[-43.6272,-2.3328],[-43.6288,-2.35831],[-43.6348,-2.37761],[-43.63841,-2.38273],[-43.63819,-2.38968],[-43.64321,-2.39431],[-43.6452,-2.40271],[-43.65011,-2.4039],[-43.65711,-2.401],[-43.6623,-2.403],[-43.68622,-2.39731],[-43.6884,-2.39844],[-43.68891,-2.40512],[-43.69243,-2.40892],[-43.69871,-2.41051],[-43.7032,-2.41421],[-43.70661,-2.42253],[-43.71049,-2.4272],[-43.72529,-2.424],[-43.7321,-2.4255],[-43.7399,-2.43219],[-43.74971,-2.45041],[-43.7549,-2.45431],[-43.76009,-2.46589],[-43.7759,-2.4727],[-43.7775,-2.47718],[-43.77681,-2.48336],[-43.77249,-2.487],[-43.76777,-2.49391],[-43.76129,-2.495],[-43.74659,-2.4936],[-43.73309,-2.47949],[-43.7229,-2.4747],[-43.71699,-2.4759],[-43.71421,-2.47808],[-43.70969,-2.4874],[-43.70629,-2.48669],[-43.70039,-2.4825],[-43.6955,-2.4843],[-43.70329,-2.50744],[-43.70121,-2.51289],[-43.6968,-2.5149],[-43.69481,-2.51909],[-43.69255,-2.52049],[-43.68919,-2.5196],[-43.68029,-2.51218],[-43.66999,-2.49458],[-43.6641,-2.4879],[-43.65159,-2.4818],[-43.64911,-2.48309],[-43.6474,-2.48589],[-43.64739,-2.48868],[-43.64949,-2.4902],[-43.65009,-2.49275],[-43.648,-2.496],[-43.63388,-2.50261],[-43.62818,-2.50912],[-43.62199,-2.5102],[-43.61249,-2.50648],[-43.61011,-2.49981],[-43.6063,-2.49849],[-43.6057,-2.49329],[-43.6024,-2.487],[-43.5909,-2.4775],[-43.58691,-2.46531],[-43.58351,-2.4604],[-43.5798,-2.4586],[-43.5755,-2.4615],[-43.57309,-2.46681],[-43.5699,-2.47021],[-43.57179,-2.47629],[-43.57431,-2.48031],[-43.58109,-2.48529],[-43.58808,-2.48759],[-43.59208,-2.49048],[-43.5988,-2.49939],[-43.59715,-2.50452],[-43.58059,-2.5071],[-43.57859,-2.50608],[-43.5743,-2.4963],[-43.56729,-2.49249],[-43.5581,-2.4799],[-43.5555,-2.473],[-43.554,-2.46071],[-43.5547,-2.44749],[-43.55281,-2.44331],[-43.54729,-2.43849],[-43.5428,-2.43231],[-43.54059,-2.42597],[-43.53741,-2.42191],[-43.5285,-2.4187],[-43.52409,-2.419],[-43.5181,-2.4225],[-43.5164,-2.4238],[-43.5148,-2.4283],[-43.5145,-2.43499],[-43.5117,-2.4377],[-43.5114,-2.44131],[-43.51301,-2.44401],[-43.51711,-2.44671],[-43.52099,-2.45466],[-43.5208,-2.4567],[-43.51681,-2.46399],[-43.5127,-2.467],[-43.50971,-2.47499],[-43.5052,-2.478],[-43.4892,-2.4805],[-43.4851,-2.4849],[-43.4793,-2.4869],[-43.46959,-2.488],[-43.46172,-2.48641],[-43.4566,-2.48261],[-43.4538,-2.47251],[-43.4544,-2.45829],[-43.4566,-2.45118],[-43.45609,-2.44828],[-43.45258,-2.44516],[-43.45229,-2.44212],[-43.46099,-2.42903],[-43.4675,-2.4133],[-43.48331,-2.38528],[-43.4842,-2.37818],[-43.48319,-2.37327],[-43.4785,-2.36689],[-43.46219,-2.35739],[-43.46061,-2.35041],[-43.44561,-2.346],[-43.44139,-2.3417],[-43.43409,-2.3425],[-43.42992,-2.34498],[-43.42847,-2.34259],[-43.41652,-2.34051],[-43.40541,-2.3355],[-43.39142,-2.33799],[-43.38519,-2.34558],[-43.37911,-2.34361],[-43.374,-2.3394],[-43.34139,-2.3401],[-43.32753,-2.3366],[-43.2919,-2.3431],[-43.27509,-2.34881],[-43.23739,-2.3587],[-43.20087,-2.37291],[-43.1539,-2.3967],[-43.12172,-2.4109],[-43.11091,-2.41309],[-43.1047,-2.4157],[-43.0605,-2.4377],[-43.0057,-2.4605],[-42.9983,-2.4625],[-42.97341,-2.4738],[-42.9634,-2.4753],[-42.9186,-2.4973],[-42.89611,-2.51],[-42.88771,-2.51199],[-42.8681,-2.5234],[-42.8253,-2.5447],[-42.80721,-2.5482],[-42.77349,-2.548],[-42.76319,-2.5455],[-42.74898,-2.56068],[-42.74242,-2.5591],[-42.73681,-2.554],[-42.73288,-2.5536],[-42.72267,-2.55621],[-42.7021,-2.56889],[-42.6747,-2.5935],[-42.62099,-2.64511],[-42.58738,-2.66901],[-42.57359,-2.67521],[-42.5627,-2.6784],[-42.54421,-2.6805],[-42.52489,-2.6815],[-42.50419,-2.6781],[-42.50168,-2.67972],[-42.4987,-2.68539],[-42.4972,-2.6971],[-42.49387,-2.70487],[-42.48676,-2.70312],[-42.48568,-2.70039],[-42.4802,-2.6992],[-42.47549,-2.6997],[-42.46521,-2.7049],[-42.4503,-2.709],[-42.42161,-2.7139],[-42.40859,-2.714],[-42.39669,-2.7118],[-42.38281,-2.7155],[-42.3687,-2.714],[-42.36479,-2.71542],[-42.3614,-2.7296],[-42.3534,-2.7374],[-42.35138,-2.74112],[-42.33859,-2.74921],[-42.3084,-2.7542],[-42.28768,-2.7542],[-42.27768,-2.7529],[-42.26357,-2.75785],[-42.25265,-2.73817],[-42.26011,-2.7335],[-42.2627,-2.7279],[-42.2584,-2.70142],[-42.26,-2.69038],[-42.25541,-2.68314],[-42.2576,-2.67652],[-42.25689,-2.6757],[-42.2431,-2.681],[-42.23808,-2.68502],[-42.22951,-2.69647],[-42.21858,-2.68889],[-42.21282,-2.6871],[-42.19279,-2.688],[-42.15931,-2.6928],[-42.12841,-2.6952],[-42.09489,-2.6934],[-42.07131,-2.687],[-42.06912,-2.68759],[-42.0573,-2.6986],[-42.0551,-2.70759],[-42.04301,-2.72959],[-42.0308,-2.7395],[-42.01651,-2.73756],[-42.0163,-2.7294],[-42.0196,-2.72311],[-42.02,-2.7165],[-42.01888,-2.71359],[-42.01401,-2.7126],[-42.00917,-2.71381],[-41.9938,-2.7214],[-41.98381,-2.7232],[-41.9778,-2.7227],[-41.9704,-2.7194],[-41.9609,-2.7187],[-41.9103,-2.7189],[-41.83409,-2.724],[-41.80722,-2.72999],[-41.80331,-2.73451],[-41.80541,-2.7365],[-41.81689,-2.74079],[-41.82478,-2.74669],[-41.82966,-2.75386],[-41.82602,-2.75732],[-41.84109,-2.76809],[-41.84751,-2.77562],[-41.8486,-2.78392],[-41.8451,-2.8139],[-41.866,-2.87002],[-41.86341,-2.87809],[-41.84919,-2.89221],[-41.83511,-2.91508],[-41.8246,-2.92199],[-41.80629,-2.9383],[-41.79829,-2.95012],[-41.7964,-2.9553],[-41.7967,-2.96061],[-41.81001,-2.98023],[-41.81729,-3.00589],[-41.82281,-3.01791],[-41.83748,-3.02828],[-41.8413,-3.0351],[-41.8493,-3.04241],[-41.86451,-3.05221],[-41.87639,-3.0723],[-41.8957,-3.0939],[-41.90009,-3.0968],[-41.9146,-3.1005],[-41.9234,-3.11009],[-41.9254,-3.11508],[-41.9242,-3.13069],[-41.9253,-3.13991],[-41.93741,-3.15221],[-41.94,-3.15691],[-41.9408,-3.16263],[-41.93861,-3.17239],[-41.935,-3.18018],[-41.93559,-3.18359],[-41.93901,-3.18349],[-41.94701,-3.1739],[-41.95159,-3.1749],[-41.95468,-3.17718],[-41.96207,-3.18568],[-41.97222,-3.19293],[-41.9731,-3.19722],[-41.9722,-3.2041],[-41.97359,-3.20838],[-41.9816,-3.219],[-41.98981,-3.22691],[-41.99789,-3.2386],[-42.00188,-3.24219],[-42.01279,-3.2481],[-42.019,-3.2493],[-42.041,-3.2471],[-42.05528,-3.25289],[-42.06111,-3.25771],[-42.0622,-3.26121],[-42.069,-3.2644],[-42.0976,-3.2615],[-42.11011,-3.2617],[-42.12358,-3.26679],[-42.12661,-3.26971],[-42.12911,-3.27332],[-42.1303,-3.27813],[-42.12969,-3.28242],[-42.12508,-3.28861],[-42.10109,-3.292],[-42.0974,-3.2935],[-42.096,-3.29982],[-42.0994,-3.31531],[-42.1015,-3.318],[-42.10362,-3.3182],[-42.1203,-3.3105],[-42.1254,-3.3131],[-42.1276,-3.31983],[-42.12229,-3.33012],[-42.121,-3.33648],[-42.122,-3.34141],[-42.12583,-3.34641],[-42.1406,-3.34831],[-42.14569,-3.35438],[-42.1462,-3.3732],[-42.15069,-3.38659],[-42.1561,-3.3922],[-42.16449,-3.3959],[-42.17221,-3.3959],[-42.18528,-3.3937],[-42.19021,-3.39471],[-42.19471,-3.39941],[-42.1996,-3.42781],[-42.20169,-3.43129],[-42.20672,-3.4323],[-42.21959,-3.4276],[-42.2324,-3.4284],[-42.24709,-3.43259],[-42.2953,-3.4541],[-42.30181,-3.452],[-42.30711,-3.4475],[-42.31551,-3.43489],[-42.32089,-3.4327],[-42.3314,-3.4335],[-42.34228,-3.44119],[-42.34569,-3.44549],[-42.35582,-3.45071],[-42.36972,-3.4531],[-42.38321,-3.44729],[-42.38751,-3.44751],[-42.38901,-3.44913],[-42.3926,-3.46531],[-42.39989,-3.47479],[-42.4037,-3.4758],[-42.40921,-3.4755],[-42.41191,-3.47378],[-42.412,-3.46131],[-42.41409,-3.45771],[-42.41957,-3.45341],[-42.42483,-3.45341],[-42.43421,-3.46021],[-42.4482,-3.47831],[-42.45461,-3.48251],[-42.46128,-3.4846],[-42.47031,-3.4838],[-42.48021,-3.4811],[-42.48731,-3.47708],[-42.4883,-3.46919],[-42.48439,-3.46028],[-42.4828,-3.45172],[-42.48351,-3.44849],[-42.48609,-3.44621],[-42.49451,-3.4452],[-42.50331,-3.45062],[-42.506,-3.45809],[-42.5076,-3.47311],[-42.50922,-3.47664],[-42.51497,-3.48229],[-42.52698,-3.48559],[-42.53099,-3.48909],[-42.532,-3.4957],[-42.5287,-3.50668],[-42.53019,-3.51139],[-42.554,-3.53811],[-42.5584,-3.54669],[-42.5652,-3.5674],[-42.57089,-3.5717],[-42.58299,-3.57469],[-42.61179,-3.58709],[-42.6157,-3.59251],[-42.6167,-3.61071],[-42.61879,-3.62069],[-42.62351,-3.62671],[-42.64329,-3.63799],[-42.64959,-3.6466],[-42.67021,-3.66591],[-42.67509,-3.67269],[-42.6832,-3.69291],[-42.6833,-3.70011],[-42.6702,-3.72711],[-42.6686,-3.7374],[-42.67069,-3.74389],[-42.6816,-3.75729],[-42.684,-3.76522],[-42.68281,-3.77229],[-42.67949,-3.77902],[-42.6719,-3.7863],[-42.6715,-3.79161],[-42.6753,-3.79701],[-42.68411,-3.80341],[-42.68739,-3.80829],[-42.69081,-3.81933],[-42.698,-3.8302],[-42.703,-3.8424],[-42.7148,-3.8634],[-42.7198,-3.87512],[-42.7227,-3.8892],[-42.724,-3.90432],[-42.73151,-3.91882],[-42.7393,-3.92731],[-42.75159,-3.9357],[-42.77311,-3.94771],[-42.78131,-3.95461],[-42.78761,-3.96292],[-42.7897,-3.97019],[-42.7914,-3.98641],[-42.79411,-3.99221],[-42.79922,-3.995],[-42.8096,-3.992],[-42.81399,-3.9921],[-42.81659,-3.99319],[-42.82221,-3.99961],[-42.8275,-4.0096],[-42.83529,-4.01929],[-42.8415,-4.02961],[-42.84491,-4.03741],[-42.8488,-4.0595],[-42.856,-4.07939],[-42.86013,-4.07649],[-43.0006,-4.0506],[-43.0732,-4.0398],[-43.18051,-4.0266],[-43.2088,-4.01841],[-43.26704,-4.07275],[-43.26671,-4.07401],[-43.42918,-4.22329],[-43.50041,-4.19019],[-43.51571,-4.18671],[-43.5946,-4.2284],[-43.60259,-4.21911],[-43.6023,-4.21509],[-43.5995,-4.2096],[-43.5948,-4.20719],[-43.59331,-4.20097],[-43.5968,-4.19779],[-43.5953,-4.18947],[-43.598,-4.18249],[-43.59419,-4.17168],[-43.591,-4.16661],[-43.5912,-4.16279],[-43.5879,-4.15858],[-43.5892,-4.14992],[-43.5883,-4.1468],[-43.59479,-4.13632],[-43.60129,-4.13241],[-43.60221,-4.1291],[-43.6056,-4.12511],[-43.60091,-4.11671],[-43.59739,-4.11299],[-43.59679,-4.10778],[-43.59481,-4.10548],[-43.601,-4.0933],[-43.598,-4.08248],[-43.6013,-4.0743],[-43.5993,-4.05847],[-43.60219,-4.04374],[-43.61009,-4.04111],[-43.61199,-4.03464],[-43.61506,-4.03053],[-43.62332,-4.03118],[-43.6323,-4.02009],[-43.63262,-4.01689],[-43.63462,-4.01509],[-43.63762,-4.01579],[-43.64069,-4.01291],[-43.6415,-4.00971],[-43.64598,-4.00631],[-43.6556,-4.0076],[-43.65991,-4.00129],[-43.66988,-3.99482],[-43.6727,-3.9888],[-43.67224,-3.98746],[-43.67365,-3.98623],[-43.67691,-3.98789],[-43.67859,-3.98562],[-43.6795,-3.9803],[-43.68789,-3.9761],[-43.68951,-3.9724],[-43.69259,-3.971],[-43.6981,-3.9716],[-43.70329,-3.96951],[-43.70331,-3.96579],[-43.7068,-3.96231],[-43.70635,-3.95885],[-43.71681,-3.94949],[-43.71844,-3.94649],[-43.7229,-3.9462],[-43.72539,-3.93911],[-43.72931,-3.93511],[-43.89497,-3.9675],[-43.8977,-3.97039],[-43.8985,-3.9741],[-43.90319,-3.97869],[-43.91249,-3.9797],[-43.92648,-3.99558],[-43.9381,-4.0005],[-43.99282,-3.84242],[-44.15541,-3.8368],[-44.15679,-3.84657],[-44.15941,-3.85101],[-44.1607,-3.85829],[-44.1596,-3.87021],[-44.16079,-3.87787],[-44.16229,-3.87971],[-44.1619,-3.89509],[-44.1655,-3.89892],[-44.16599,-3.91048],[-44.16909,-3.9133],[-44.18058,-3.91778],[-44.18361,-3.92091],[-44.18631,-3.92671],[-44.18919,-3.9285],[-44.1915,-3.92811],[-44.19281,-3.9292],[-44.19881,-3.9274],[-44.35365,-3.84896],[-44.35499,-3.85119],[-44.35622,-3.85111],[-44.35699,-3.85759],[-44.36285,-3.85965],[-44.3609,-3.8621],[-44.3609,-3.86429],[-44.36228,-3.86559],[-44.36591,-3.8676],[-44.37079,-3.86634],[-44.37309,-3.8706],[-44.3801,-3.8746],[-44.38328,-3.87828],[-44.38677,-3.87789],[-44.38928,-3.88019],[-44.39321,-3.8966],[-44.39569,-3.89701],[-44.39651,-3.8987],[-44.39873,-3.89862],[-44.40031,-3.9018],[-44.40539,-3.9042],[-44.4075,-3.90391],[-44.41047,-3.90617],[-44.4113,-3.9091],[-44.41367,-3.90938],[-44.4126,-3.91219],[-44.41389,-3.91359],[-44.41906,-3.91403],[-44.41885,-3.91543],[-44.415,-3.9163],[-44.4136,-3.91859],[-44.41529,-3.9196],[-44.41619,-3.91774],[-44.41751,-3.91807],[-44.4177,-3.92018],[-44.4144,-3.922],[-44.41339,-3.92597],[-44.4114,-3.92799],[-44.4111,-3.93051],[-44.41558,-3.93387],[-44.41599,-3.9387],[-44.42379,-3.9319],[-44.42782,-3.9318],[-44.43272,-3.93379],[-44.4342,-3.93239],[-44.43421,-3.92891],[-44.43631,-3.9274],[-44.4427,-3.9275],[-44.45638,-3.9233],[-44.46629,-3.9232],[-44.47171,-3.91821],[-44.48,-3.91919],[-44.48049,-3.90461],[-44.50542,-3.84881],[-44.61019,-3.8478],[-44.6099,-3.83904],[-44.61189,-3.83781],[-44.61214,-3.83617],[-44.62527,-3.83531],[-44.62738,-3.83333],[-44.63272,-3.83399],[-44.63631,-3.83127],[-44.63838,-3.81868],[-44.64131,-3.81809],[-44.64233,-3.816],[-44.6439,-3.81572],[-44.64608,-3.81819],[-44.64893,-3.81899],[-44.6496,-3.8223],[-44.65689,-3.81991],[-44.6572,-3.81789],[-44.65233,-3.81232],[-44.65249,-3.81113],[-44.65361,-3.81011],[-44.6574,-3.8109],[-44.66038,-3.80981],[-44.6625,-3.80639],[-44.65931,-3.8038],[-44.6546,-3.80389],[-44.65291,-3.80082],[-44.65075,-3.8],[-44.65549,-3.79631],[-44.6576,-3.79211],[-44.65704,-3.78551],[-44.66121,-3.7852],[-44.66629,-3.7868],[-44.6681,-3.78175],[-44.671,-3.7818],[-44.66975,-3.77722],[-44.6749,-3.7794],[-44.6746,-3.77691],[-44.67589,-3.77502],[-44.67939,-3.77313],[-44.67721,-3.76907],[-44.68032,-3.76529],[-44.68404,-3.76484],[-44.68768,-3.76828],[-44.6885,-3.7711],[-44.6898,-3.771],[-44.69013,-3.76796],[-44.69329,-3.7688],[-44.69482,-3.76745],[-44.6965,-3.76929],[-44.69771,-3.76672],[-44.6994,-3.7666],[-44.70209,-3.7682],[-44.70219,-3.75642],[-44.70699,-3.75301],[-44.70873,-3.74938],[-44.71239,-3.74731],[-44.7131,-3.74442],[-44.71189,-3.7431],[-44.70912,-3.74309],[-44.70834,-3.74097],[-44.71182,-3.73949],[-44.71472,-3.7364],[-44.71947,-3.73471],[-44.72441,-3.73699],[-44.7265,-3.72921],[-44.72609,-3.7281],[-44.723,-3.72782],[-44.72472,-3.72519],[-44.72669,-3.72463],[-44.73032,-3.72861],[-44.7389,-3.7327],[-44.74,-3.7316],[-44.73951,-3.7294],[-44.74141,-3.72727],[-44.74168,-3.72305],[-44.7449,-3.72619],[-44.7457,-3.7289],[-44.7518,-3.73009],[-44.74871,-3.72348],[-44.7502,-3.7208],[-44.75399,-3.7194],[-44.74949,-3.7186],[-44.74607,-3.71625],[-44.74679,-3.71268],[-44.74281,-3.7094],[-44.73966,-3.71087],[-44.73871,-3.70989],[-44.73891,-3.7085],[-44.7431,-3.70529],[-44.7419,-3.70252],[-44.7423,-3.6979],[-44.7407,-3.6964],[-44.73075,-3.69809],[-44.72868,-3.69694],[-44.73496,-3.69143],[-44.73701,-3.6931],[-44.75838,-3.68611],[-44.7552,-3.6855],[-44.75141,-3.68134],[-44.75479,-3.67672],[-44.75728,-3.6754],[-44.7641,-3.6761],[-44.7694,-3.6797],[-44.77514,-3.67771],[-44.77679,-3.67919],[-44.7772,-3.69191],[-44.7742,-3.6974],[-44.78119,-3.7046],[-44.79071,-3.70279],[-44.7921,-3.70039],[-44.7899,-3.69467],[-44.79323,-3.69071],[-44.79887,-3.69388],[-44.79909,-3.69523],[-44.7944,-3.6982],[-44.7939,-3.70089],[-44.80101,-3.703],[-44.80482,-3.7055],[-44.80651,-3.70528],[-44.8124,-3.69451],[-44.80781,-3.68857],[-44.81371,-3.688],[-44.81751,-3.67823],[-44.82089,-3.6787],[-44.82441,-3.6762],[-44.8314,-3.6759],[-44.83429,-3.673],[-44.83731,-3.67199],[-44.84021,-3.668],[-44.84558,-3.6686],[-44.8448,-3.67811],[-44.8482,-3.68043],[-44.8474,-3.6872],[-44.8522,-3.6882],[-44.86019,-3.6962],[-44.86638,-3.69473],[-44.86549,-3.69808],[-44.86191,-3.70099],[-44.86329,-3.7022],[-44.8633,-3.70459],[-44.8608,-3.70681],[-44.8633,-3.71166],[-44.86169,-3.71261],[-44.8602,-3.71639],[-44.8619,-3.719],[-44.8662,-3.71852],[-44.86769,-3.71999],[-44.8673,-3.7243],[-44.8686,-3.72572],[-44.869,-3.7296],[-44.87268,-3.73238],[-44.87359,-3.73738],[-44.87889,-3.74579],[-44.8841,-3.7449],[-44.88343,-3.74354],[-44.88583,-3.74095],[-44.89009,-3.744],[-44.8923,-3.74209],[-44.89776,-3.74059],[-44.90099,-3.74898],[-44.90429,-3.7511],[-44.90923,-3.7476],[-44.91368,-3.74889],[-44.91499,-3.75159],[-44.91807,-3.7533],[-44.92187,-3.75162],[-44.9268,-3.753],[-44.92863,-3.75147],[-44.9308,-3.7483],[-44.9304,-3.7462],[-44.92664,-3.7474],[-44.925,-3.7465],[-44.91801,-3.73907],[-44.91939,-3.73592],[-44.9219,-3.73469],[-44.9208,-3.72988],[-44.9231,-3.72221],[-44.92371,-3.71099],[-44.93029,-3.7068],[-44.93683,-3.70789],[-44.9422,-3.7033],[-44.94472,-3.69659],[-44.95309,-3.6932],[-44.96071,-3.69452],[-44.96449,-3.70188],[-44.96638,-3.70329],[-44.97298,-3.7026],[-44.98118,-3.70399],[-44.98431,-3.7079],[-44.98739,-3.7077],[-44.9897,-3.7096],[-44.994,-3.70813],[-44.99841,-3.7126],[-45.0005,-3.71189],[-45.00021,-3.71007],[-45.00309,-3.70427],[-45.01029,-3.7086],[-45.01032,-3.71481],[-45.0195,-3.7165],[-45.02059,-3.71394],[-45.0237,-3.7163],[-45.02819,-3.7169],[-45.03047,-3.71333],[-45.03173,-3.71368],[-45.0314,-3.717],[-45.03249,-3.71809],[-45.0362,-3.7202],[-45.03924,-3.71894],[-45.0412,-3.72289],[-45.0432,-3.7235],[-45.04496,-3.72135],[-45.04769,-3.72111],[-45.0479,-3.7175],[-44.99732,-3.58709],[-45.00151,-3.5817],[-45.0138,-3.5777],[-45.02139,-3.57211],[-45.0237,-3.5727],[-45.03142,-3.571],[-45.0382,-3.5712],[-45.04069,-3.5725],[-45.05809,-3.5723],[-45.06285,-3.56922],[-45.06522,-3.571],[-45.07331,-3.5689],[-45.0775,-3.5671],[-45.07797,-3.56529],[-45.09507,-3.56271],[-45.09949,-3.5589],[-45.10594,-3.55761],[-45.1112,-3.5621],[-45.12271,-3.56729],[-45.1243,-3.56331],[-45.1227,-3.5607],[-45.123,-3.55709],[-45.1217,-3.5544],[-45.1229,-3.54569],[-45.1186,-3.5322],[-45.1185,-3.52851],[-45.1199,-3.52671],[-45.12391,-3.52558],[-45.1276,-3.51681],[-45.12452,-3.51313],[-45.1284,-3.5078],[-45.11748,-3.49448],[-45.10449,-3.48558],[-45.10321,-3.48238],[-45.10729,-3.4754],[-45.10258,-3.47795],[-45.10021,-3.47331],[-45.09477,-3.47185],[-45.09509,-3.46822],[-45.0978,-3.46441],[-45.0977,-3.4604],[-45.0955,-3.4604],[-45.0932,-3.4628],[-45.09362,-3.46812],[-45.08889,-3.46857],[-45.0863,-3.45922],[-45.0864,-3.45691],[-45.0888,-3.45341],[-45.0887,-3.45071],[-45.0846,-3.4512],[-45.08399,-3.45732],[-45.08155,-3.45929],[-45.0741,-3.4525],[-45.07791,-3.44499],[-45.085,-3.43779],[-45.08498,-3.43639],[-45.08049,-3.43398],[-45.07822,-3.42918],[-45.0818,-3.42531],[-45.0835,-3.42031],[-45.27167,-3.39251],[-45.26578,-3.38916],[-45.26349,-3.38469],[-45.26039,-3.37126],[-45.3353,-3.3407],[-45.33841,-3.34091],[-45.35109,-3.35359],[-45.35707,-3.35528],[-45.35919,-3.36148],[-45.36361,-3.3662],[-45.3904,-3.349],[-45.45089,-3.2963],[-45.5797,-3.24079],[-45.5856,-3.2177],[-45.5997,-3.18711],[-45.60351,-3.17388],[-45.6084,-3.14852],[-45.6106,-3.11679],[-45.6235,-3.06191],[-45.638,-2.9027],[-45.6409,-2.65587],[-45.6418,-2.6536],[-45.59431,-2.60581],[-45.5944,-2.5572],[-45.56105,-2.48155],[-45.6416,-2.4585],[-45.6415,-2.36111],[-45.63924,-2.36014],[-45.6842,-2.3291],[-45.6839,-2.2268],[-45.6385,-2.19729],[-45.629,-2.16251],[-45.6277,-2.13919],[-45.6317,-2.1059],[-45.6514,-2.0009],[-45.6491,-1.98429],[-45.63971,-1.96531],[-45.62233,-1.95064],[-45.712,-1.77021]]],[[[-43.47349,-2.47383],[-43.47091,-2.47041],[-43.4696,-2.4705],[-43.4643,-2.4832],[-43.46481,-2.4849],[-43.46671,-2.48419],[-43.47349,-2.47383]]],[[[-43.53719,-2.40561],[-43.53101,-2.38802],[-43.52981,-2.37853],[-43.52681,-2.37071],[-43.52149,-2.3707],[-43.51369,-2.37681],[-43.51226,-2.38013],[-43.5066,-2.384],[-43.5063,-2.4043],[-43.5082,-2.4058],[-43.51618,-2.4068],[-43.52101,-2.4052],[-43.52721,-2.4049],[-43.53528,-2.4068],[-43.53719,-2.40561]]],[[[-43.61309,-2.38181],[-43.6129,-2.37849],[-43.60671,-2.37161],[-43.59831,-2.3669],[-43.58202,-2.3626],[-43.57,-2.36148],[-43.55812,-2.3555],[-43.5474,-2.3598],[-43.5421,-2.3606],[-43.5398,-2.369],[-43.5435,-2.38681],[-43.5464,-2.393],[-43.55749,-2.40896],[-43.557,-2.41309],[-43.56189,-2.42378],[-43.5668,-2.4252],[-43.5735,-2.4254],[-43.58152,-2.42329],[-43.5905,-2.41551],[-43.60129,-2.4129],[-43.6003,-2.406],[-43.6089,-2.3902],[-43.60881,-2.385],[-43.61309,-2.38181]]],[[[-43.68099,-2.50682],[-43.6798,-2.50511],[-43.6789,-2.50649],[-43.6803,-2.50849],[-43.68099,-2.50682]]],[[[-43.7887,-2.41439],[-43.78779,-2.40369],[-43.78551,-2.40041],[-43.78282,-2.39913],[-43.78064,-2.39333],[-43.7819,-2.3917],[-43.78081,-2.39065],[-43.78507,-2.38545],[-43.78761,-2.38548],[-43.7885,-2.3815],[-43.7876,-2.37829],[-43.7782,-2.3722],[-43.7706,-2.3693],[-43.76039,-2.371],[-43.7537,-2.37819],[-43.7552,-2.3789],[-43.76056,-2.37721],[-43.76201,-2.37802],[-43.76766,-2.38656],[-43.7669,-2.38801],[-43.76909,-2.39451],[-43.7685,-2.3971],[-43.7754,-2.4075],[-43.77712,-2.40941],[-43.7887,-2.41439]]],[[[-43.8703,-2.44548],[-43.86891,-2.44092],[-43.8621,-2.4329],[-43.85861,-2.4308],[-43.85459,-2.4306],[-43.85051,-2.42692],[-43.85055,-2.42506],[-43.8541,-2.4237],[-43.85278,-2.42041],[-43.84619,-2.42703],[-43.84922,-2.43494],[-43.85731,-2.44381],[-43.8641,-2.443],[-43.86801,-2.4463],[-43.8703,-2.44548]]],[[[-43.8537,-2.46931],[-43.8519,-2.4693],[-43.8536,-2.47319],[-43.8536,-2.47318],[-43.8537,-2.46931]]],[[[-43.8568,-2.44882],[-43.85531,-2.4482],[-43.8551,-2.44939],[-43.8565,-2.4499],[-43.8568,-2.44882]]],[[[-44.3727,-2.52259],[-44.37058,-2.52009],[-44.3657,-2.5186],[-44.3614,-2.52262],[-44.36319,-2.52838],[-44.3643,-2.5287],[-44.36784,-2.52622],[-44.3702,-2.5283],[-44.3727,-2.52259]]],[[[-44.3665,-2.54321],[-44.36568,-2.54251],[-44.36391,-2.54379],[-44.36449,-2.54509],[-44.3665,-2.54321]]],[[[-44.37499,-2.57781],[-44.3741,-2.5773],[-44.37321,-2.57929],[-44.37322,-2.57929],[-44.37499,-2.57781]]],[[[-44.4136,-2.7967],[-44.4124,-2.7957],[-44.41229,-2.79829],[-44.4123,-2.79829],[-44.4136,-2.7967]]],[[[-44.427,-2.4214],[-44.42543,-2.41846],[-44.4255,-2.4149],[-44.42,-2.41659],[-44.4203,-2.42541],[-44.42149,-2.42729],[-44.4252,-2.42799],[-44.427,-2.4214]]],[[[-44.4835,-2.07692],[-44.46971,-2.068],[-44.46808,-2.06801],[-44.46561,-2.07077],[-44.46793,-2.07711],[-44.48102,-2.0791],[-44.4832,-2.0787],[-44.4835,-2.07692]]],[[[-44.6416,-2.9727],[-44.64069,-2.96929],[-44.6227,-2.9596],[-44.6139,-2.9506],[-44.6067,-2.9333],[-44.60081,-2.90503],[-44.59321,-2.902],[-44.5896,-2.8948],[-44.5803,-2.85941],[-44.5804,-2.85571],[-44.5864,-2.83931],[-44.5885,-2.82078],[-44.58621,-2.81471],[-44.55611,-2.77781],[-44.55162,-2.77621],[-44.54821,-2.77071],[-44.54732,-2.77175],[-44.54139,-2.76708],[-44.5363,-2.7539],[-44.53172,-2.74951],[-44.5159,-2.7425],[-44.5153,-2.7372],[-44.51049,-2.7357],[-44.50601,-2.72892],[-44.50293,-2.72801],[-44.50219,-2.7264],[-44.49667,-2.72819],[-44.49341,-2.72661],[-44.49191,-2.72431],[-44.4885,-2.7238],[-44.4787,-2.7284],[-44.4758,-2.73449],[-44.4783,-2.74479],[-44.4773,-2.7541],[-44.4794,-2.7582],[-44.4772,-2.76818],[-44.4767,-2.78252],[-44.4821,-2.80799],[-44.4818,-2.8344],[-44.4773,-2.85719],[-44.4761,-2.8766],[-44.4786,-2.91421],[-44.4819,-2.93839],[-44.4816,-2.94741],[-44.47901,-2.95791],[-44.4818,-2.95971],[-44.48968,-2.97138],[-44.49561,-2.97601],[-44.5244,-2.9939],[-44.56089,-3.0225],[-44.5809,-3.0319],[-44.58311,-3.03158],[-44.5883,-3.0194],[-44.5921,-3.0152],[-44.60679,-3.00671],[-44.61129,-2.99881],[-44.6157,-2.9949],[-44.63327,-2.98633],[-44.63811,-2.98098],[-44.6416,-2.9727]]],[[[-44.54129,-2.02161],[-44.54099,-2.0203],[-44.5359,-2.0214],[-44.53859,-2.0231],[-44.54129,-2.02161]]],[[[-44.5915,-2.87779],[-44.591,-2.87299],[-44.5878,-2.867],[-44.587,-2.869],[-44.5878,-2.87391],[-44.58921,-2.87701],[-44.5915,-2.87779]]],[[[-44.6294,-2.9366],[-44.6283,-2.9327],[-44.6211,-2.92631],[-44.6209,-2.93131],[-44.62308,-2.93757],[-44.62909,-2.9433],[-44.6294,-2.9366]]],[[[-44.6648,-2.9312],[-44.6643,-2.9283],[-44.65574,-2.92172],[-44.64969,-2.91799],[-44.6406,-2.915],[-44.64009,-2.92358],[-44.64711,-2.92921],[-44.65963,-2.94461],[-44.66357,-2.94481],[-44.66409,-2.94364],[-44.6648,-2.9312]]],[[[-44.6671,-2.9718],[-44.66211,-2.95722],[-44.66061,-2.95769],[-44.6592,-2.9689],[-44.6612,-2.9802],[-44.66371,-2.97839],[-44.6671,-2.9718]]],[[[-44.742,-1.66831],[-44.74199,-1.66569],[-44.73123,-1.65931],[-44.7279,-1.6591],[-44.72629,-1.66171],[-44.7256,-1.66741],[-44.72691,-1.6725],[-44.742,-1.66831]]],[[[-44.7579,-1.6893],[-44.75511,-1.6866],[-44.73852,-1.6791],[-44.7355,-1.6801],[-44.7317,-1.6882],[-44.7417,-1.6989],[-44.7493,-1.6969],[-44.75241,-1.69349],[-44.7574,-1.6909],[-44.7579,-1.6893]]],[[[-44.7633,-1.57909],[-44.76171,-1.55303],[-44.76039,-1.55029],[-44.75553,-1.54899],[-44.75471,-1.54762],[-44.75329,-1.53688],[-44.75158,-1.53499],[-44.74882,-1.5344],[-44.737,-1.5366],[-44.7323,-1.5441],[-44.7319,-1.54911],[-44.7337,-1.55421],[-44.74819,-1.56919],[-44.75259,-1.57139],[-44.76062,-1.57931],[-44.7626,-1.58],[-44.7633,-1.57909]]],[[[-44.795,-1.5213],[-44.79149,-1.51398],[-44.77481,-1.49521],[-44.7722,-1.48593],[-44.7733,-1.48151],[-44.77592,-1.47849],[-44.78081,-1.47629],[-44.78415,-1.47269],[-44.79078,-1.47111],[-44.79269,-1.4717],[-44.7935,-1.47039],[-44.78991,-1.46631],[-44.78393,-1.46351],[-44.76641,-1.458],[-44.76277,-1.45821],[-44.75549,-1.4632],[-44.75171,-1.46838],[-44.743,-1.48699],[-44.7423,-1.49271],[-44.7459,-1.49899],[-44.7459,-1.51211],[-44.75072,-1.51731],[-44.75381,-1.5181],[-44.75809,-1.5171],[-44.76009,-1.5184],[-44.77202,-1.51781],[-44.77819,-1.51919],[-44.784,-1.52201],[-44.7874,-1.526],[-44.79048,-1.5266],[-44.79291,-1.52599],[-44.795,-1.5213]]],[[[-44.75029,-1.68009],[-44.74799,-1.67789],[-44.7454,-1.6778],[-44.74533,-1.67931],[-44.75029,-1.68009]]],[[[-44.83659,-1.54282],[-44.83359,-1.53439],[-44.81583,-1.52572],[-44.815,-1.52299],[-44.80892,-1.51653],[-44.80771,-1.51161],[-44.81339,-1.50569],[-44.78122,-1.48512],[-44.78033,-1.48321],[-44.7828,-1.4805],[-44.78211,-1.47861],[-44.7756,-1.4818],[-44.7744,-1.48731],[-44.77649,-1.49249],[-44.79497,-1.51288],[-44.79501,-1.51643],[-44.7998,-1.52528],[-44.7994,-1.52739],[-44.79779,-1.52842],[-44.7973,-1.5334],[-44.7937,-1.53529],[-44.79638,-1.53908],[-44.794,-1.54231],[-44.79822,-1.55152],[-44.80909,-1.561],[-44.81791,-1.5606],[-44.82251,-1.55702],[-44.82859,-1.55591],[-44.83659,-1.54282]]],[[[-44.78529,-1.57591],[-44.78121,-1.5738],[-44.7802,-1.574],[-44.78109,-1.5765],[-44.78529,-1.57591]]],[[[-44.8391,-1.55752],[-44.82877,-1.55771],[-44.8251,-1.5608],[-44.8246,-1.5648],[-44.82899,-1.568],[-44.83041,-1.5676],[-44.83581,-1.5637],[-44.8391,-1.55752]]],[[[-44.8717,-1.49102],[-44.8671,-1.4897],[-44.86381,-1.4918],[-44.86669,-1.4931],[-44.86981,-1.4928],[-44.8716,-1.4923],[-44.8717,-1.49102]]],[[[-45.0339,-1.33799],[-45.0311,-1.3287],[-45.0308,-1.32119],[-45.0288,-1.318],[-45.00508,-1.325],[-44.9873,-1.3227],[-44.98159,-1.32049],[-44.97851,-1.31682],[-44.97901,-1.3113],[-44.98213,-1.30829],[-44.99248,-1.30611],[-44.99319,-1.30201],[-44.99618,-1.29704],[-45.00129,-1.29491],[-45.0017,-1.29202],[-44.99281,-1.27471],[-44.98661,-1.26611],[-44.9811,-1.2641],[-44.97201,-1.26729],[-44.96618,-1.2711],[-44.96078,-1.2717],[-44.95463,-1.27051],[-44.95248,-1.26809],[-44.94632,-1.2662],[-44.92898,-1.2668],[-44.91312,-1.26999],[-44.8995,-1.2743],[-44.87811,-1.28549],[-44.8726,-1.2928],[-44.8704,-1.29929],[-44.87391,-1.30463],[-44.8744,-1.30781],[-44.87261,-1.31188],[-44.8695,-1.3133],[-44.8686,-1.3157],[-44.8669,-1.32868],[-44.86818,-1.32989],[-44.87371,-1.32821],[-44.87759,-1.33039],[-44.88661,-1.34561],[-44.8925,-1.3495],[-44.8943,-1.3493],[-44.8946,-1.34791],[-44.89309,-1.34697],[-44.8918,-1.34121],[-44.89455,-1.33769],[-44.90139,-1.3372],[-44.90471,-1.33981],[-44.91639,-1.34439],[-44.92748,-1.35569],[-44.93279,-1.35752],[-44.93599,-1.36219],[-44.94339,-1.365],[-44.9472,-1.3789],[-44.9493,-1.3793],[-44.95054,-1.37741],[-44.95743,-1.37802],[-44.95941,-1.37931],[-44.96121,-1.38311],[-44.96669,-1.38671],[-44.9682,-1.39051],[-44.97839,-1.3944],[-44.98601,-1.39542],[-44.98913,-1.40161],[-44.9986,-1.402],[-45.00397,-1.39983],[-45.00531,-1.4008],[-45.01859,-1.38882],[-45.0214,-1.38401],[-45.0218,-1.37261],[-45.0191,-1.36898],[-45.0183,-1.36149],[-45.0146,-1.3536],[-45.01411,-1.3495],[-45.01609,-1.34692],[-45.02132,-1.3475],[-45.02578,-1.34611],[-45.0339,-1.33799]]],[[[-44.89839,-1.53061],[-44.896,-1.5281],[-44.89511,-1.53192],[-44.89571,-1.5327],[-44.89839,-1.53061]]],[[[-45.0501,-1.3696],[-45.04772,-1.36621],[-45.04512,-1.36679],[-45.0416,-1.37259],[-45.04169,-1.38062],[-45.0394,-1.3882],[-45.04459,-1.3991],[-45.04611,-1.39899],[-45.0472,-1.39721],[-45.0466,-1.38178],[-45.0501,-1.3696]]],[[[-45.0849,-1.4425],[-45.0846,-1.43649],[-45.08229,-1.43078],[-45.08088,-1.42889],[-45.0776,-1.4281],[-45.07489,-1.43091],[-45.07279,-1.43718],[-45.0704,-1.438],[-45.0704,-1.44069],[-45.07219,-1.44266],[-45.07188,-1.44378],[-45.0698,-1.4439],[-45.0694,-1.44679],[-45.0723,-1.45012],[-45.0724,-1.4544],[-45.07459,-1.45606],[-45.0734,-1.4585],[-45.07488,-1.45959],[-45.0836,-1.44711],[-45.0849,-1.4425]]],[[[-45.1035,-1.42512],[-45.1021,-1.4193],[-45.0932,-1.40411],[-45.08281,-1.38233],[-45.08082,-1.37552],[-45.07462,-1.3721],[-45.07171,-1.37339],[-45.0708,-1.37851],[-45.07471,-1.38175],[-45.07461,-1.38951],[-45.07739,-1.3913],[-45.08229,-1.3913],[-45.0849,-1.39331],[-45.08609,-1.39607],[-45.0853,-1.3992],[-45.08718,-1.40079],[-45.0868,-1.40269],[-45.08969,-1.40838],[-45.09198,-1.40929],[-45.09161,-1.4114],[-45.09452,-1.4113],[-45.0929,-1.41361],[-45.0968,-1.41959],[-45.0996,-1.4324],[-45.10109,-1.433],[-45.10189,-1.43172],[-45.1035,-1.42512]]],[[[-45.0968,-1.43502],[-45.09438,-1.42478],[-45.09222,-1.42291],[-45.08789,-1.4224],[-45.0862,-1.4241],[-45.0862,-1.42831],[-45.0885,-1.43329],[-45.08852,-1.44392],[-45.09081,-1.4444],[-45.09441,-1.44269],[-45.0968,-1.43502]]],[[[-45.1268,-1.38541],[-45.12299,-1.37378],[-45.11492,-1.36312],[-45.1131,-1.3626],[-45.1088,-1.3644],[-45.0994,-1.37159],[-45.0931,-1.38238],[-45.0963,-1.38371],[-45.09739,-1.38558],[-45.09749,-1.39018],[-45.1053,-1.4034],[-45.1057,-1.4106],[-45.1087,-1.413],[-45.1112,-1.4128],[-45.11718,-1.39132],[-45.12174,-1.38759],[-45.12581,-1.38749],[-45.1268,-1.38541]]],[[[-45.0993,-1.4466],[-45.09889,-1.44531],[-45.096,-1.4501],[-45.09741,-1.4503],[-45.0993,-1.4466]]],[[[-45.1337,-1.46031],[-45.12742,-1.4554],[-45.12799,-1.45128],[-45.12361,-1.446],[-45.12418,-1.43886],[-45.11181,-1.42211],[-45.1106,-1.4219],[-45.111,-1.42971],[-45.1098,-1.4373],[-45.10761,-1.44518],[-45.1027,-1.45539],[-45.10301,-1.46422],[-45.1057,-1.4677],[-45.11279,-1.471],[-45.12919,-1.4717],[-45.13261,-1.46738],[-45.1337,-1.46031]]],[[[-45.1431,-1.4755],[-45.1427,-1.47369],[-45.14158,-1.47141],[-45.1416,-1.4775],[-45.1426,-1.4777],[-45.1431,-1.4755]]],[[[-45.4203,-1.40759],[-45.41721,-1.40291],[-45.41118,-1.39979],[-45.40889,-1.3991],[-45.4045,-1.4011],[-45.4046,-1.40931],[-45.41388,-1.42079],[-45.4194,-1.41341],[-45.4203,-1.40759]]]]}},{"type":"Feature","properties":{"id":2102,"n":"Santa Inês - Bacabal","nm":59,"ap":931007,"cp":739594,"lx":-45.15608,"ly":-4.38449},"geometry":{"type":"MultiPolygon","coordinates":[[[[-47.0884,-4.30349],[-47.08514,-4.30066],[-47.08579,-4.2993],[-47.08181,-4.29355],[-47.0843,-4.2879],[-47.08331,-4.28442],[-47.08061,-4.28021],[-47.07279,-4.27399],[-47.0718,-4.26779],[-47.06929,-4.26349],[-47.0688,-4.25209],[-47.0727,-4.2366],[-47.0297,-4.22048],[-47.02831,-4.21632],[-47.02539,-4.21379],[-47.02061,-4.20132],[-47.01289,-4.19328],[-47.0103,-4.18231],[-47.01009,-4.17468],[-46.9723,-4.1228],[-46.96778,-4.11908],[-46.9644,-4.11271],[-46.9617,-4.1039],[-46.9634,-4.0945],[-46.962,-4.0909],[-46.94851,-4.0807],[-46.92705,-4.08657],[-46.91622,-4.0772],[-46.9178,-4.0659],[-46.9123,-4.05961],[-46.914,-4.04719],[-46.9125,-4.0383],[-46.9144,-4.03529],[-46.9146,-4.03163],[-46.9165,-4.02999],[-46.9155,-4.02199],[-46.9195,-4.0168],[-46.9177,-4.00987],[-46.92009,-4.00088],[-46.91824,-3.99876],[-46.92,-3.99639],[-46.92039,-3.99191],[-46.92531,-3.98698],[-46.9286,-3.9773],[-46.9277,-3.97401],[-46.93279,-3.96902],[-46.93281,-3.96387],[-46.9361,-3.96101],[-46.93492,-3.95582],[-46.9361,-3.95329],[-46.9348,-3.9494],[-46.93759,-3.94043],[-46.94,-3.9379],[-46.93911,-3.93328],[-46.945,-3.9235],[-46.94322,-3.91641],[-46.945,-3.9149],[-46.94412,-3.9128],[-46.94589,-3.91119],[-46.94274,-3.90872],[-46.9439,-3.90381],[-46.9408,-3.89868],[-46.9407,-3.89663],[-46.9422,-3.8956],[-46.9416,-3.89231],[-46.93922,-3.89079],[-46.9389,-3.88071],[-46.93612,-3.8793],[-46.93654,-3.87771],[-46.9378,-3.8777],[-46.93692,-3.87023],[-46.939,-3.86919],[-46.94143,-3.86099],[-46.9434,-3.8614],[-46.94389,-3.86049],[-46.94257,-3.8595],[-46.9451,-3.85611],[-46.9468,-3.85589],[-46.94659,-3.8546],[-46.94482,-3.85405],[-46.94478,-3.85015],[-46.94699,-3.84958],[-46.94445,-3.847],[-46.94729,-3.84381],[-46.94584,-3.84294],[-46.94731,-3.84207],[-46.94703,-3.83688],[-46.9495,-3.8358],[-46.9472,-3.83332],[-46.9505,-3.82188],[-46.9534,-3.81849],[-46.95373,-3.81171],[-46.9553,-3.81099],[-46.9556,-3.8086],[-46.95351,-3.80667],[-46.9562,-3.80509],[-46.95267,-3.80192],[-46.9534,-3.8006],[-46.95114,-3.79941],[-46.95201,-3.79761],[-46.95399,-3.7973],[-46.95277,-3.79605],[-46.9559,-3.7935],[-46.95949,-3.787],[-46.95831,-3.78524],[-46.96259,-3.78391],[-46.9634,-3.77659],[-46.966,-3.7747],[-46.96727,-3.76915],[-46.97167,-3.76782],[-46.97259,-3.76563],[-46.97099,-3.76388],[-46.97329,-3.76291],[-46.9737,-3.76112],[-46.97104,-3.75905],[-46.97249,-3.75347],[-46.9745,-3.75289],[-46.97404,-3.75122],[-46.9762,-3.7505],[-46.97723,-3.74733],[-46.97999,-3.74582],[-46.97814,-3.7413],[-46.98009,-3.73978],[-46.97806,-3.73834],[-46.97712,-3.73418],[-46.97797,-3.73341],[-46.98251,-3.73439],[-46.98389,-3.72584],[-46.98761,-3.72369],[-46.99294,-3.71339],[-46.99502,-3.71442],[-46.99681,-3.71798],[-46.9981,-3.71501],[-46.99541,-3.71027],[-46.99799,-3.7083],[-46.99674,-3.70684],[-46.99758,-3.70592],[-46.99981,-3.70579],[-47.00218,-3.7028],[-47.0068,-3.7036],[-47.00582,-3.70129],[-47.00849,-3.69951],[-47.00922,-3.69571],[-47.01561,-3.6932],[-47.01887,-3.68934],[-47.02259,-3.69121],[-47.02428,-3.68536],[-47.02669,-3.6857],[-47.02632,-3.68408],[-47.0295,-3.6822],[-47.0284,-3.67725],[-47.02949,-3.6759],[-47.02759,-3.67559],[-47.02686,-3.67469],[-47.02807,-3.67377],[-47.0244,-3.67145],[-47.0285,-3.66689],[-47.02869,-3.66397],[-47.02709,-3.6612],[-47.02525,-3.66105],[-47.0264,-3.65549],[-47.03091,-3.65099],[-47.033,-3.6434],[-47.02932,-3.64199],[-47.0288,-3.63991],[-47.02649,-3.63875],[-47.0255,-3.63132],[-47.0277,-3.62861],[-47.02589,-3.62847],[-47.0237,-3.62569],[-47.0285,-3.6225],[-47.02681,-3.61931],[-47.02481,-3.61934],[-47.0245,-3.6147],[-47.03039,-3.61101],[-47.03009,-3.6097],[-47.02805,-3.60965],[-47.0284,-3.60811],[-47.02704,-3.60704],[-47.02879,-3.60424],[-47.03059,-3.6046],[-47.0328,-3.603],[-47.03209,-3.60009],[-47.02842,-3.60009],[-47.02746,-3.59877],[-47.0308,-3.5947],[-47.03812,-3.59129],[-47.04071,-3.59209],[-47.0414,-3.59071],[-47.04049,-3.5887],[-47.03843,-3.58888],[-47.03651,-3.5874],[-47.03325,-3.58837],[-47.032,-3.58738],[-47.0347,-3.5852],[-47.02722,-3.58086],[-47.02877,-3.57852],[-47.03022,-3.58089],[-47.03561,-3.5731],[-47.03978,-3.57322],[-47.03641,-3.5692],[-47.03402,-3.56874],[-47.0383,-3.56431],[-47.0388,-3.56211],[-47.03421,-3.56],[-47.03059,-3.5602],[-47.01849,-3.56547],[-47.0164,-3.56269],[-47.0161,-3.55859],[-47.0163,-3.55419],[-47.0185,-3.54851],[-47.01361,-3.5458],[-47.01027,-3.54936],[-47.0041,-3.54258],[-47.00379,-3.5342],[-47.00041,-3.53599],[-46.99671,-3.5351],[-46.9959,-3.53798],[-46.9944,-3.53867],[-46.98629,-3.5296],[-46.97572,-3.52975],[-46.9754,-3.52501],[-46.9784,-3.51771],[-46.96896,-3.51612],[-46.9689,-3.5144],[-46.97679,-3.50282],[-46.9776,-3.4993],[-46.98239,-3.49621],[-46.98229,-3.49489],[-46.9778,-3.4931],[-46.97466,-3.49469],[-46.9746,-3.4913],[-46.9688,-3.4894],[-46.9669,-3.49121],[-46.96733,-3.49372],[-46.96535,-3.49437],[-46.9631,-3.4921],[-46.96267,-3.49651],[-46.96121,-3.49698],[-46.95982,-3.49513],[-46.9609,-3.4887],[-46.96659,-3.47891],[-46.9697,-3.47581],[-46.96912,-3.47371],[-46.96062,-3.4743],[-46.9575,-3.4727],[-46.95318,-3.4769],[-46.94849,-3.47676],[-46.94881,-3.46588],[-46.95321,-3.4658],[-46.95551,-3.46399],[-46.9563,-3.4613],[-46.95291,-3.45661],[-46.95059,-3.4562],[-46.94848,-3.45755],[-46.94792,-3.45665],[-46.95269,-3.44982],[-46.95121,-3.44821],[-46.9489,-3.4477],[-46.94731,-3.44889],[-46.94611,-3.45221],[-46.94213,-3.44873],[-46.9421,-3.44653],[-46.9456,-3.4434],[-46.94503,-3.44107],[-46.94671,-3.4389],[-46.95531,-3.43839],[-46.9562,-3.4358],[-46.95351,-3.43179],[-46.9563,-3.42589],[-46.95508,-3.42349],[-46.9529,-3.4227],[-46.9479,-3.42347],[-46.94759,-3.4197],[-46.94517,-3.42229],[-46.94404,-3.42177],[-46.9449,-3.4198],[-46.9433,-3.4189],[-46.94218,-3.42085],[-46.9404,-3.41944],[-46.94239,-3.4169],[-46.94033,-3.41496],[-46.94452,-3.41319],[-46.9482,-3.40831],[-46.9482,-3.40209],[-46.94441,-3.39683],[-46.9491,-3.39221],[-46.94569,-3.39],[-46.94289,-3.39411],[-46.9395,-3.39679],[-46.93771,-3.39633],[-46.938,-3.3942],[-46.9361,-3.39142],[-46.9363,-3.38658],[-46.93858,-3.38142],[-46.94351,-3.37929],[-46.9443,-3.37721],[-46.93868,-3.3728],[-46.9371,-3.37379],[-46.9387,-3.37572],[-46.93369,-3.3762],[-46.9297,-3.3738],[-46.92783,-3.37742],[-46.92289,-3.37438],[-46.9215,-3.37051],[-46.92151,-3.36848],[-46.92499,-3.36479],[-46.92319,-3.3641],[-46.91613,-3.36538],[-46.91729,-3.3613],[-46.9124,-3.3616],[-46.9104,-3.36431],[-46.91219,-3.36646],[-46.91073,-3.36908],[-46.90569,-3.36748],[-46.90381,-3.36446],[-46.90709,-3.35899],[-46.90132,-3.3577],[-46.90041,-3.35571],[-46.89885,-3.35556],[-46.89922,-3.3505],[-46.90209,-3.3512],[-46.902,-3.34961],[-46.89651,-3.34701],[-46.89313,-3.34371],[-46.89037,-3.34337],[-46.88831,-3.33973],[-46.88989,-3.3354],[-46.8848,-3.3352],[-46.88358,-3.33742],[-46.877,-3.3423],[-46.87947,-3.34536],[-46.87579,-3.3464],[-46.8717,-3.3416],[-46.86765,-3.3407],[-46.86841,-3.33692],[-46.86551,-3.33339],[-46.86813,-3.32967],[-46.87219,-3.3286],[-46.8724,-3.32742],[-46.86783,-3.32689],[-46.8653,-3.3285],[-46.85851,-3.34296],[-46.85412,-3.33911],[-46.84928,-3.33695],[-46.84891,-3.33531],[-46.85159,-3.33271],[-46.8519,-3.33009],[-46.84892,-3.32462],[-46.8511,-3.32209],[-46.8492,-3.3184],[-46.846,-3.3193],[-46.84101,-3.32448],[-46.83927,-3.32412],[-46.83849,-3.31969],[-46.82991,-3.3115],[-46.82308,-3.3132],[-46.81494,-3.31151],[-46.81391,-3.31011],[-46.8118,-3.30411],[-46.81224,-3.30208],[-46.8194,-3.2981],[-46.8249,-3.2991],[-46.8266,-3.29789],[-46.82091,-3.293],[-46.8156,-3.2927],[-46.81082,-3.29005],[-46.8117,-3.28751],[-46.80942,-3.28278],[-46.81319,-3.2791],[-46.81853,-3.27727],[-46.8201,-3.274],[-46.81858,-3.26809],[-46.81501,-3.26829],[-46.81291,-3.27237],[-46.81138,-3.27289],[-46.80211,-3.26601],[-46.80154,-3.26102],[-46.8065,-3.25691],[-46.8053,-3.25271],[-46.80621,-3.24401],[-46.79528,-3.2403],[-46.78959,-3.243],[-46.78591,-3.24715],[-46.78479,-3.24379],[-46.78014,-3.24271],[-46.779,-3.24109],[-46.7796,-3.23599],[-46.77741,-3.2332],[-46.77779,-3.22993],[-46.782,-3.22278],[-46.77851,-3.2168],[-46.76831,-3.21611],[-46.76289,-3.2129],[-46.7602,-3.2144],[-46.75998,-3.21817],[-46.75894,-3.21879],[-46.75709,-3.21859],[-46.7553,-3.21619],[-46.75809,-3.20901],[-46.77151,-3.20409],[-46.7724,-3.20219],[-46.76952,-3.19861],[-46.76261,-3.1958],[-46.75928,-3.19568],[-46.7585,-3.19259],[-46.7613,-3.1858],[-46.77038,-3.18161],[-46.7731,-3.17859],[-46.76892,-3.1765],[-46.76469,-3.1774],[-46.76259,-3.17871],[-46.76138,-3.18182],[-46.75254,-3.18927],[-46.7442,-3.17931],[-46.7449,-3.17451],[-46.74959,-3.16589],[-46.7386,-3.1619],[-46.72867,-3.16239],[-46.72259,-3.15908],[-46.7199,-3.15352],[-46.72032,-3.1515],[-46.7254,-3.1496],[-46.7304,-3.14451],[-46.7282,-3.13034],[-46.72938,-3.12823],[-46.73192,-3.12735],[-46.73609,-3.13329],[-46.7445,-3.1374],[-46.7484,-3.13169],[-46.7496,-3.1245],[-46.74811,-3.12191],[-46.74649,-3.1212],[-46.74166,-3.12309],[-46.73599,-3.121],[-46.73193,-3.12457],[-46.7278,-3.1201],[-46.72441,-3.11151],[-46.72182,-3.10931],[-46.71889,-3.1092],[-46.7127,-3.1141],[-46.71647,-3.12636],[-46.71043,-3.12799],[-46.70771,-3.1271],[-46.70291,-3.11903],[-46.70501,-3.11558],[-46.7074,-3.1051],[-46.70679,-3.10059],[-46.70202,-3.098],[-46.69332,-3.09681],[-46.68859,-3.093],[-46.68031,-3.0959],[-46.67744,-3.0958],[-46.67651,-3.09414],[-46.682,-3.07702],[-46.682,-3.0744],[-46.67641,-3.07151],[-46.6732,-3.06729],[-46.674,-3.0564],[-46.6771,-3.0534],[-46.6758,-3.04937],[-46.6773,-3.03429],[-46.6746,-3.0321],[-46.66917,-3.03288],[-46.6673,-3.02972],[-46.672,-3.02071],[-46.67239,-3.01579],[-46.65882,-3.01096],[-46.66231,-3.00849],[-46.66941,-3.00639],[-46.6742,-3.00018],[-46.6723,-2.9958],[-46.66851,-2.9928],[-46.6667,-2.9947],[-46.66141,-2.9966],[-46.65389,-2.9974],[-46.64993,-2.99604],[-46.6514,-2.9905],[-46.64921,-2.98339],[-46.6542,-2.97832],[-46.6584,-2.98],[-46.66011,-2.9795],[-46.6621,-2.9782],[-46.663,-2.97471],[-46.65832,-2.9732],[-46.65023,-2.97301],[-46.64741,-2.96975],[-46.64846,-2.96129],[-46.65071,-2.9607],[-46.65533,-2.95619],[-46.66367,-2.95391],[-46.66761,-2.95469],[-46.673,-2.94511],[-46.66731,-2.93631],[-46.6571,-2.9332],[-46.65391,-2.93106],[-46.6567,-2.9244],[-46.66131,-2.92009],[-46.6662,-2.90761],[-46.66318,-2.90468],[-46.66308,-2.90243],[-46.66959,-2.89981],[-46.67041,-2.89718],[-46.67459,-2.8925],[-46.6811,-2.8936],[-46.6808,-2.88309],[-46.67243,-2.87721],[-46.66838,-2.8759],[-46.65419,-2.8785],[-46.64886,-2.88361],[-46.63941,-2.8836],[-46.63461,-2.8705],[-46.63961,-2.87159],[-46.6411,-2.86599],[-46.63935,-2.86363],[-46.6409,-2.86319],[-46.6406,-2.8618],[-46.63836,-2.86268],[-46.63739,-2.86182],[-46.6358,-2.86608],[-46.63728,-2.86812],[-46.63451,-2.8683],[-46.63202,-2.86631],[-46.6336,-2.86418],[-46.63123,-2.86165],[-46.63262,-2.8591],[-46.63911,-2.85868],[-46.6413,-2.85431],[-46.64001,-2.85091],[-46.62612,-2.85629],[-46.6209,-2.8596],[-46.61909,-2.85947],[-46.61602,-2.85501],[-46.6141,-2.855],[-46.61309,-2.85814],[-46.611,-2.8553],[-46.6118,-2.8493],[-46.61072,-2.84576],[-46.61508,-2.83724],[-46.6187,-2.836],[-46.61479,-2.8294],[-46.6027,-2.834],[-46.58963,-2.84577],[-46.5874,-2.8426],[-46.58371,-2.8403],[-46.58156,-2.84042],[-46.57917,-2.84306],[-46.57578,-2.84149],[-46.58068,-2.83522],[-46.5831,-2.83519],[-46.5837,-2.83301],[-46.58209,-2.83215],[-46.58244,-2.82908],[-46.58646,-2.82861],[-46.58682,-2.83114],[-46.58979,-2.8335],[-46.5919,-2.8304],[-46.59172,-2.82701],[-46.59579,-2.82631],[-46.59549,-2.82479],[-46.59101,-2.82381],[-46.5906,-2.81958],[-46.59251,-2.8169],[-46.5953,-2.8168],[-46.59862,-2.81899],[-46.6007,-2.81561],[-46.5992,-2.7959],[-46.60252,-2.78919],[-46.60587,-2.7878],[-46.60769,-2.7884],[-46.6094,-2.79101],[-46.60981,-2.79881],[-46.61839,-2.8049],[-46.62529,-2.8065],[-46.62641,-2.80649],[-46.62769,-2.8032],[-46.63481,-2.7964],[-46.6392,-2.7884],[-46.6385,-2.78188],[-46.63691,-2.77742],[-46.63142,-2.77092],[-46.6312,-2.76889],[-46.6344,-2.7634],[-46.63689,-2.75382],[-46.64224,-2.75025],[-46.64381,-2.75503],[-46.64648,-2.75819],[-46.65081,-2.7588],[-46.65188,-2.75724],[-46.6525,-2.7488],[-46.6548,-2.7448],[-46.6588,-2.7413],[-46.6565,-2.7375],[-46.65289,-2.73517],[-46.6525,-2.73258],[-46.65397,-2.72903],[-46.65579,-2.72881],[-46.66086,-2.73219],[-46.6696,-2.7346],[-46.67348,-2.73371],[-46.6749,-2.73191],[-46.67029,-2.73069],[-46.6676,-2.72672],[-46.66831,-2.72188],[-46.67241,-2.71748],[-46.6732,-2.7123],[-46.67141,-2.70621],[-46.66709,-2.70139],[-46.6648,-2.6952],[-46.66041,-2.6922],[-46.65491,-2.6905],[-46.65036,-2.6914],[-46.6472,-2.6899],[-46.6474,-2.68609],[-46.65067,-2.68049],[-46.6444,-2.6819],[-46.63808,-2.6872],[-46.63599,-2.68719],[-46.6343,-2.6855],[-46.6324,-2.68028],[-46.6345,-2.6742],[-46.63011,-2.6717],[-46.62549,-2.67099],[-46.61861,-2.66541],[-46.6196,-2.65978],[-46.6186,-2.6533],[-46.6223,-2.6449],[-46.61812,-2.6438],[-46.61118,-2.6445],[-46.60901,-2.64242],[-46.60858,-2.63959],[-46.60611,-2.63949],[-46.59679,-2.66371],[-46.59537,-2.6656],[-46.59262,-2.6655],[-46.5886,-2.65561],[-46.5867,-2.64],[-46.57889,-2.63149],[-46.5673,-2.6268],[-46.56369,-2.6271],[-46.55775,-2.63119],[-46.54477,-2.62489],[-46.5288,-2.6225],[-46.52051,-2.619],[-46.50683,-2.61691],[-46.509,-2.60511],[-46.5094,-2.59059],[-46.50481,-2.58511],[-46.504,-2.58211],[-46.50183,-2.58091],[-46.49141,-2.5833],[-46.48979,-2.57659],[-46.4872,-2.57496],[-46.48791,-2.56879],[-46.49689,-2.56311],[-46.5009,-2.5559],[-46.5017,-2.5468],[-46.4912,-2.5376],[-46.48692,-2.5361],[-46.4849,-2.5369],[-46.48301,-2.54317],[-46.48142,-2.54468],[-46.47359,-2.5466],[-46.46329,-2.5438],[-46.45811,-2.5407],[-46.45091,-2.5404],[-46.44521,-2.5377],[-46.42989,-2.5368],[-46.42133,-2.53431],[-46.4193,-2.53238],[-46.4202,-2.52602],[-46.42941,-2.5234],[-46.43481,-2.51889],[-46.4366,-2.51521],[-46.43679,-2.50798],[-46.43002,-2.50141],[-46.4294,-2.49907],[-46.43179,-2.49291],[-46.43879,-2.48522],[-46.4401,-2.4818],[-46.4395,-2.474],[-46.43301,-2.46781],[-46.43241,-2.4655],[-46.43811,-2.46159],[-46.4406,-2.4524],[-46.4389,-2.44138],[-46.4422,-2.4194],[-46.43941,-2.4132],[-46.42749,-2.4017],[-46.42249,-2.38538],[-46.41278,-2.37908],[-46.40999,-2.37538],[-46.4094,-2.37138],[-46.41324,-2.36419],[-46.41593,-2.3635],[-46.42251,-2.3647],[-46.4279,-2.3633],[-46.43189,-2.36449],[-46.43591,-2.37121],[-46.443,-2.3791],[-46.45628,-2.3867],[-46.45982,-2.38288],[-46.46629,-2.37891],[-46.4674,-2.37641],[-46.4662,-2.36789],[-46.46333,-2.36223],[-46.4534,-2.3566],[-46.4473,-2.3501],[-46.43629,-2.34139],[-46.43159,-2.33478],[-46.4305,-2.32379],[-46.4329,-2.3168],[-46.4317,-2.30861],[-46.4331,-2.30072],[-46.43241,-2.29713],[-46.43059,-2.29409],[-46.42511,-2.29091],[-46.4227,-2.28751],[-46.41631,-2.27382],[-46.4159,-2.26908],[-46.41779,-2.25851],[-46.41958,-2.25493],[-46.42387,-2.25193],[-46.43059,-2.24412],[-46.4319,-2.23711],[-46.43047,-2.23519],[-46.41059,-2.2288],[-46.4087,-2.22971],[-46.4092,-2.23222],[-46.40611,-2.23829],[-46.3961,-2.2467],[-46.39108,-2.2501],[-46.38619,-2.2506],[-46.3822,-2.249],[-46.37701,-2.24591],[-46.3734,-2.2418],[-46.3707,-2.23781],[-46.3701,-2.23449],[-46.36439,-2.22769],[-46.35801,-2.2245],[-46.3509,-2.2241],[-46.34719,-2.22198],[-46.34399,-2.21659],[-46.34419,-2.20928],[-46.3391,-2.20409],[-46.33559,-2.19399],[-46.3273,-2.18619],[-46.2963,-2.1654],[-46.28331,-2.15441],[-46.28301,-2.15213],[-46.28458,-2.15101],[-46.29121,-2.1506],[-46.29622,-2.14879],[-46.30019,-2.14591],[-46.3009,-2.1418],[-46.2993,-2.1399],[-46.28892,-2.13521],[-46.28282,-2.12592],[-46.27312,-2.12011],[-46.2721,-2.1176],[-46.2685,-2.10402],[-46.2687,-2.09478],[-46.26931,-2.09069],[-46.2751,-2.08411],[-46.2776,-2.07931],[-46.2774,-2.07589],[-46.2736,-2.06632],[-46.2753,-2.0575],[-46.27459,-2.05459],[-46.26322,-2.04931],[-46.2604,-2.04608],[-46.2606,-2.03739],[-46.255,-2.02881],[-46.2503,-2.01751],[-46.2499,-2.01068],[-46.2514,-2.00059],[-46.2365,-1.9664],[-46.2367,-1.95739],[-46.23391,-1.94244],[-46.2234,-1.9149],[-46.2227,-1.91023],[-46.22881,-1.88849],[-46.2311,-1.88661],[-46.23999,-1.888],[-46.2422,-1.8871],[-46.24479,-1.88392],[-46.2448,-1.8819],[-46.24349,-1.87858],[-46.23699,-1.87229],[-46.22611,-1.8568],[-46.21529,-1.84589],[-46.2114,-1.83571],[-46.211,-1.8311],[-46.2125,-1.8274],[-46.22701,-1.80599],[-46.23033,-1.80309],[-46.25361,-1.7958],[-46.25891,-1.795],[-46.2692,-1.7959],[-46.2847,-1.8008],[-46.28753,-1.80049],[-46.29548,-1.79441],[-46.29771,-1.7941],[-46.3046,-1.8033],[-46.31,-1.8063],[-46.31222,-1.80569],[-46.31411,-1.80429],[-46.3177,-1.7963],[-46.3245,-1.77272],[-46.3216,-1.75859],[-46.3178,-1.75261],[-46.31561,-1.74263],[-46.3119,-1.7332],[-46.30291,-1.7283],[-46.29159,-1.7269],[-46.2852,-1.7292],[-46.26588,-1.73279],[-46.25542,-1.72701],[-46.24758,-1.7209],[-46.23899,-1.723],[-46.22511,-1.7317],[-46.2212,-1.7313],[-46.21122,-1.72721],[-46.2061,-1.72021],[-46.2049,-1.71751],[-46.2055,-1.7091],[-46.20351,-1.70531],[-46.19287,-1.7076],[-46.17412,-1.70051],[-46.17132,-1.69842],[-46.16819,-1.69229],[-46.15928,-1.68508],[-46.1553,-1.67541],[-46.1574,-1.6637],[-46.1621,-1.65821],[-46.1639,-1.6539],[-46.1636,-1.64628],[-46.1659,-1.63438],[-46.16421,-1.62662],[-46.16131,-1.6228],[-46.14941,-1.61501],[-46.14691,-1.61044],[-46.14732,-1.60637],[-46.1541,-1.5994],[-46.1549,-1.59371],[-46.14533,-1.59051],[-46.14209,-1.58579],[-46.1336,-1.58177],[-46.1363,-1.56971],[-46.1356,-1.5629],[-46.1426,-1.54031],[-46.1428,-1.52419],[-46.1441,-1.5178],[-46.15379,-1.50581],[-46.16148,-1.50002],[-46.1646,-1.49601],[-46.16451,-1.4874],[-46.17608,-1.47742],[-46.1763,-1.47491],[-46.16831,-1.4695],[-46.16309,-1.46309],[-46.14362,-1.44971],[-46.1398,-1.44391],[-46.13771,-1.43709],[-46.14028,-1.43282],[-46.15349,-1.42561],[-46.1542,-1.42259],[-46.1518,-1.419],[-46.14611,-1.41671],[-46.14169,-1.41209],[-46.1351,-1.3947],[-46.13021,-1.37691],[-46.1192,-1.3709],[-46.11602,-1.36722],[-46.1146,-1.35189],[-46.1059,-1.3423],[-46.10372,-1.33729],[-46.10641,-1.33379],[-46.10978,-1.3328],[-46.12498,-1.3353],[-46.12891,-1.33429],[-46.1313,-1.33041],[-46.1314,-1.32652],[-46.1286,-1.31802],[-46.1291,-1.31251],[-46.13332,-1.3097],[-46.1473,-1.3094],[-46.15021,-1.30608],[-46.1592,-1.28781],[-46.1616,-1.2819],[-46.15881,-1.27472],[-46.143,-1.25471],[-46.14011,-1.24772],[-46.1418,-1.2432],[-46.1508,-1.23261],[-46.1493,-1.22599],[-46.1424,-1.21759],[-46.13298,-1.21039],[-46.10412,-1.202],[-46.09261,-1.2014],[-46.08619,-1.1967],[-46.07708,-1.19615],[-46.0746,-1.18663],[-46.0767,-1.17071],[-46.07501,-1.16103],[-46.07031,-1.1519],[-46.068,-1.1504],[-46.06829,-1.16408],[-46.0664,-1.1625],[-46.06471,-1.14433],[-46.0629,-1.14287],[-46.0609,-1.1353],[-46.05641,-1.1316],[-46.0535,-1.1316],[-46.05171,-1.14025],[-46.0489,-1.1436],[-46.0491,-1.1509],[-46.0458,-1.16039],[-46.0404,-1.1698],[-46.04019,-1.17387],[-46.0385,-1.17299],[-46.0374,-1.1704],[-46.03819,-1.16421],[-46.044,-1.15331],[-46.0448,-1.1489],[-46.0423,-1.14041],[-46.0422,-1.13369],[-46.0464,-1.124],[-46.0461,-1.1211],[-46.04041,-1.11251],[-46.03591,-1.10911],[-46.03519,-1.10619],[-46.02431,-1.09322],[-46.0209,-1.0834],[-46.018,-1.0805],[-46.009,-1.0801],[-46.00283,-1.07633],[-46.00259,-1.07119],[-45.9998,-1.06979],[-45.99701,-1.06571],[-45.9982,-1.05911],[-45.9975,-1.05649],[-45.99458,-1.05299],[-45.98652,-1.05],[-45.9745,-1.05],[-45.9647,-1.0561],[-45.9644,-1.05981],[-45.96968,-1.06549],[-45.97722,-1.0609],[-45.98041,-1.06171],[-45.98447,-1.06598],[-45.98376,-1.06693],[-45.9789,-1.0646],[-45.97631,-1.06648],[-45.9743,-1.0719],[-45.96989,-1.07681],[-45.9678,-1.08718],[-45.96861,-1.08951],[-45.976,-1.0928],[-45.97849,-1.09539],[-45.98239,-1.10191],[-45.9817,-1.10461],[-45.98369,-1.11139],[-45.98189,-1.11539],[-45.97992,-1.11639],[-45.96881,-1.1089],[-45.96309,-1.1096],[-45.9617,-1.1117],[-45.9605,-1.11561],[-45.96259,-1.12105],[-45.96219,-1.1236],[-45.9603,-1.125],[-45.9607,-1.1289],[-45.9644,-1.13449],[-45.9645,-1.1387],[-45.96191,-1.1413],[-45.95231,-1.14039],[-45.9514,-1.14348],[-45.9594,-1.15801],[-45.95831,-1.16129],[-45.9542,-1.1614],[-45.9554,-1.16546],[-45.9547,-1.1678],[-45.9583,-1.17529],[-45.9571,-1.1907],[-45.9578,-1.19511],[-45.95545,-1.19942],[-45.9545,-1.1993],[-45.95399,-1.20218],[-45.9523,-1.2028],[-45.94949,-1.2031],[-45.94581,-1.2013],[-45.94649,-1.19558],[-45.93979,-1.18378],[-45.9302,-1.17099],[-45.91069,-1.1388],[-45.9075,-1.13081],[-45.90539,-1.12975],[-45.90451,-1.12431],[-45.89982,-1.11911],[-45.89698,-1.11816],[-45.89491,-1.11261],[-45.8958,-1.10999],[-45.89471,-1.10747],[-45.8963,-1.10128],[-45.88691,-1.08182],[-45.88349,-1.07829],[-45.87961,-1.0765],[-45.87333,-1.07705],[-45.8727,-1.0741],[-45.87041,-1.07337],[-45.87131,-1.07119],[-45.87511,-1.0698],[-45.8762,-1.0678],[-45.8721,-1.0597],[-45.87151,-1.05252],[-45.86851,-1.0505],[-45.86059,-1.0497],[-45.85562,-1.05149],[-45.84919,-1.05931],[-45.84489,-1.06933],[-45.8435,-1.08279],[-45.8479,-1.09621],[-45.8503,-1.1022],[-45.85412,-1.1029],[-45.86488,-1.10828],[-45.8654,-1.11451],[-45.8681,-1.11854],[-45.86459,-1.12202],[-45.8635,-1.12702],[-45.86471,-1.13071],[-45.87122,-1.13351],[-45.87888,-1.1344],[-45.88231,-1.14061],[-45.89048,-1.14609],[-45.89959,-1.14979],[-45.91204,-1.16634],[-45.90596,-1.17187],[-45.90092,-1.16831],[-45.8933,-1.1588],[-45.8831,-1.1495],[-45.88009,-1.1485],[-45.8747,-1.14989],[-45.87119,-1.15438],[-45.8811,-1.1654],[-45.88389,-1.17826],[-45.88181,-1.17769],[-45.87692,-1.17061],[-45.87382,-1.17209],[-45.86942,-1.1708],[-45.8684,-1.17179],[-45.87079,-1.18178],[-45.8738,-1.1848],[-45.8752,-1.1895],[-45.87519,-1.19256],[-45.87417,-1.19279],[-45.87069,-1.18938],[-45.86841,-1.18401],[-45.86506,-1.18351],[-45.86449,-1.18179],[-45.8623,-1.1812],[-45.8647,-1.19591],[-45.86889,-1.20154],[-45.86749,-1.20721],[-45.86412,-1.21178],[-45.86141,-1.2133],[-45.85159,-1.214],[-45.84439,-1.2125],[-45.84179,-1.20939],[-45.83929,-1.2008],[-45.8371,-1.2011],[-45.83489,-1.20371],[-45.82995,-1.20609],[-45.82632,-1.20361],[-45.8258,-1.19851],[-45.8308,-1.18861],[-45.82871,-1.18262],[-45.8299,-1.17931],[-45.82901,-1.17662],[-45.82608,-1.17517],[-45.82279,-1.17],[-45.82088,-1.16988],[-45.81569,-1.16529],[-45.81121,-1.1638],[-45.80802,-1.16487],[-45.80381,-1.1616],[-45.80101,-1.1615],[-45.8006,-1.1632],[-45.802,-1.16893],[-45.79957,-1.17992],[-45.77482,-1.19749],[-45.76753,-1.19852],[-45.76659,-1.1965],[-45.76421,-1.19578],[-45.7636,-1.19151],[-45.7591,-1.1848],[-45.7599,-1.17818],[-45.75601,-1.16592],[-45.75376,-1.16767],[-45.74894,-1.16398],[-45.7507,-1.15879],[-45.74759,-1.15788],[-45.74651,-1.1563],[-45.7471,-1.15359],[-45.74419,-1.15253],[-45.7424,-1.14061],[-45.72889,-1.13464],[-45.73219,-1.13002],[-45.7313,-1.1285],[-45.72348,-1.12914],[-45.7266,-1.12101],[-45.7272,-1.1149],[-45.7262,-1.1114],[-45.72452,-1.11001],[-45.72088,-1.11001],[-45.71764,-1.11762],[-45.71569,-1.1173],[-45.71282,-1.11958],[-45.6936,-1.1388],[-45.6912,-1.14439],[-45.6909,-1.1487],[-45.6923,-1.1529],[-45.69512,-1.15322],[-45.70021,-1.16181],[-45.70481,-1.16334],[-45.7066,-1.1686],[-45.71391,-1.17471],[-45.73327,-1.20017],[-45.7324,-1.20221],[-45.73521,-1.20412],[-45.73609,-1.20716],[-45.7349,-1.21019],[-45.7357,-1.21849],[-45.73807,-1.22076],[-45.7344,-1.23498],[-45.72822,-1.23589],[-45.72691,-1.23718],[-45.7237,-1.2496],[-45.71871,-1.2576],[-45.70651,-1.2701],[-45.69721,-1.2731],[-45.6899,-1.2736],[-45.68691,-1.27231],[-45.68101,-1.26611],[-45.67759,-1.26489],[-45.66351,-1.2535],[-45.65529,-1.2408],[-45.64928,-1.23966],[-45.6463,-1.23221],[-45.6483,-1.2147],[-45.6448,-1.188],[-45.6415,-1.1746],[-45.63741,-1.16801],[-45.63461,-1.14842],[-45.6293,-1.13919],[-45.6277,-1.13061],[-45.6314,-1.12539],[-45.6305,-1.1235],[-45.62912,-1.12399],[-45.6191,-1.1345],[-45.6176,-1.14649],[-45.614,-1.15698],[-45.6136,-1.1629],[-45.6178,-1.1804],[-45.63149,-1.18709],[-45.6364,-1.19249],[-45.64069,-1.21627],[-45.6435,-1.223],[-45.64272,-1.23183],[-45.63709,-1.23631],[-45.6335,-1.2457],[-45.6335,-1.25002],[-45.63659,-1.2575],[-45.6348,-1.258],[-45.6348,-1.25961],[-45.6417,-1.26961],[-45.6402,-1.27729],[-45.6368,-1.2812],[-45.6322,-1.2834],[-45.62591,-1.28361],[-45.61609,-1.27639],[-45.59778,-1.27013],[-45.59749,-1.2685],[-45.59371,-1.2667],[-45.5918,-1.2687],[-45.5874,-1.26999],[-45.5852,-1.2746],[-45.58719,-1.28358],[-45.59581,-1.29381],[-45.59895,-1.29952],[-45.59213,-1.30237],[-45.58942,-1.29901],[-45.57901,-1.29331],[-45.57339,-1.2867],[-45.5692,-1.2872],[-45.56051,-1.28481],[-45.55431,-1.28111],[-45.55112,-1.27662],[-45.54889,-1.27641],[-45.5467,-1.28569],[-45.54598,-1.30032],[-45.53449,-1.3087],[-45.52949,-1.3091],[-45.52651,-1.3078],[-45.52291,-1.30161],[-45.52,-1.3009],[-45.5178,-1.30219],[-45.51659,-1.30639],[-45.5145,-1.3071],[-45.517,-1.31611],[-45.51881,-1.31842],[-45.5268,-1.35883],[-45.52381,-1.3673],[-45.51781,-1.37569],[-45.5142,-1.3779],[-45.5074,-1.3779],[-45.5027,-1.3751],[-45.50179,-1.36676],[-45.5006,-1.364],[-45.49759,-1.36238],[-45.49451,-1.35301],[-45.48809,-1.34509],[-45.48481,-1.34341],[-45.48229,-1.33979],[-45.478,-1.3367],[-45.47681,-1.33412],[-45.4777,-1.32978],[-45.4759,-1.32479],[-45.4623,-1.3173],[-45.4598,-1.3171],[-45.45822,-1.31908],[-45.45654,-1.319],[-45.44924,-1.31541],[-45.4488,-1.31311],[-45.44614,-1.3118],[-45.44746,-1.30902],[-45.45587,-1.30871],[-45.46059,-1.30641],[-45.4614,-1.30358],[-45.4604,-1.3003],[-45.4559,-1.2965],[-45.4471,-1.2929],[-45.4404,-1.2927],[-45.41727,-1.29561],[-45.41019,-1.30182],[-45.4073,-1.3166],[-45.4075,-1.3248],[-45.40949,-1.33269],[-45.41472,-1.34454],[-45.4217,-1.3531],[-45.42578,-1.3531],[-45.42771,-1.3549],[-45.43131,-1.35419],[-45.43331,-1.35074],[-45.43481,-1.35107],[-45.4349,-1.35481],[-45.44081,-1.36191],[-45.45078,-1.36849],[-45.45341,-1.36839],[-45.45483,-1.36448],[-45.45839,-1.3665],[-45.46011,-1.3656],[-45.46579,-1.36649],[-45.47086,-1.36909],[-45.4712,-1.3709],[-45.47501,-1.37206],[-45.4779,-1.38528],[-45.4776,-1.39441],[-45.48201,-1.40402],[-45.4848,-1.41444],[-45.4846,-1.41841],[-45.48662,-1.42039],[-45.48472,-1.42217],[-45.4816,-1.4207],[-45.4847,-1.438],[-45.48679,-1.4396],[-45.4872,-1.4426],[-45.4808,-1.44959],[-45.4808,-1.45732],[-45.4819,-1.4609],[-45.48548,-1.46242],[-45.4853,-1.46411],[-45.489,-1.47076],[-45.48499,-1.47721],[-45.47931,-1.4797],[-45.4755,-1.4798],[-45.48039,-1.49179],[-45.49569,-1.4985],[-45.5017,-1.4993],[-45.50664,-1.49764],[-45.50983,-1.50193],[-45.52568,-1.51509],[-45.53229,-1.5185],[-45.53882,-1.51931],[-45.54972,-1.52991],[-45.5587,-1.52951],[-45.5669,-1.5366],[-45.57621,-1.53782],[-45.58131,-1.54311],[-45.58741,-1.54551],[-45.5919,-1.5516],[-45.60161,-1.55942],[-45.71199,-1.77018],[-45.6223,-1.95069],[-45.63971,-1.96533],[-45.6491,-1.98431],[-45.6514,-2.00088],[-45.6317,-2.10588],[-45.6277,-2.1392],[-45.629,-2.16251],[-45.63849,-2.19728],[-45.68389,-2.22681],[-45.6842,-2.32907],[-45.63911,-2.36019],[-45.6415,-2.36116],[-45.64159,-2.45845],[-45.561,-2.4815],[-45.5944,-2.55721],[-45.5943,-2.6058],[-45.6418,-2.65363],[-45.6409,-2.6558],[-45.638,-2.9027],[-45.6235,-3.06191],[-45.6106,-3.11678],[-45.6084,-3.14851],[-45.6035,-3.17389],[-45.5997,-3.18712],[-45.5856,-3.2177],[-45.57972,-3.24074],[-45.4509,-3.2963],[-45.39041,-3.34899],[-45.36367,-3.36615],[-45.35919,-3.36149],[-45.35709,-3.35529],[-45.35112,-3.3536],[-45.33841,-3.3409],[-45.33529,-3.3407],[-45.2603,-3.3713],[-45.2635,-3.38471],[-45.26579,-3.38919],[-45.27136,-3.39255],[-45.0835,-3.4203],[-45.08179,-3.42531],[-45.0782,-3.42912],[-45.0805,-3.434],[-45.08495,-3.43638],[-45.085,-3.43778],[-45.07791,-3.44498],[-45.0741,-3.4525],[-45.08152,-3.4593],[-45.084,-3.45731],[-45.0846,-3.45123],[-45.08868,-3.45072],[-45.0888,-3.45339],[-45.0864,-3.4569],[-45.0863,-3.4592],[-45.08889,-3.46858],[-45.09368,-3.46811],[-45.0932,-3.46281],[-45.09549,-3.46041],[-45.09766,-3.46041],[-45.0978,-3.46439],[-45.09509,-3.46822],[-45.09479,-3.47189],[-45.10017,-3.47328],[-45.10259,-3.47799],[-45.10718,-3.47543],[-45.1032,-3.4824],[-45.10449,-3.48559],[-45.11749,-3.49449],[-45.12836,-3.50776],[-45.1245,-3.51319],[-45.12758,-3.51684],[-45.12391,-3.52556],[-45.1199,-3.5267],[-45.1185,-3.52849],[-45.1186,-3.53222],[-45.1229,-3.54568],[-45.1217,-3.55441],[-45.12429,-3.56334],[-45.12275,-3.5672],[-45.11121,-3.56211],[-45.10598,-3.5576],[-45.0995,-3.5589],[-45.09507,-3.56271],[-45.0779,-3.5653],[-45.07746,-3.56712],[-45.07329,-3.56891],[-45.06526,-3.57099],[-45.06289,-3.5692],[-45.05808,-3.5723],[-45.04069,-3.5725],[-45.0382,-3.5712],[-45.03141,-3.571],[-45.02372,-3.57269],[-45.02139,-3.5721],[-45.01378,-3.57771],[-45.00151,-3.58169],[-44.9973,-3.58709],[-45.04789,-3.71764],[-45.04768,-3.72108],[-45.045,-3.72131],[-45.04321,-3.72348],[-45.04121,-3.72288],[-45.0392,-3.7189],[-45.03622,-3.7202],[-45.03249,-3.71809],[-45.03141,-3.71699],[-45.0318,-3.7137],[-45.03049,-3.7133],[-45.02814,-3.7169],[-45.02369,-3.7163],[-45.0205,-3.7139],[-45.01946,-3.71647],[-45.01039,-3.71482],[-45.01029,-3.70859],[-45.00302,-3.70421],[-45.0002,-3.7101],[-45.00046,-3.71189],[-44.9984,-3.71258],[-44.99399,-3.7081],[-44.98971,-3.70959],[-44.98741,-3.7077],[-44.98433,-3.7079],[-44.98121,-3.704],[-44.97299,-3.7026],[-44.96641,-3.7033],[-44.9645,-3.70189],[-44.96072,-3.69452],[-44.9531,-3.6932],[-44.94472,-3.69658],[-44.9422,-3.7033],[-44.93681,-3.70789],[-44.9303,-3.7068],[-44.9237,-3.71099],[-44.9231,-3.7222],[-44.9208,-3.72988],[-44.92191,-3.73465],[-44.91939,-3.73591],[-44.918,-3.7391],[-44.9211,-3.7412],[-44.925,-3.7465],[-44.92661,-3.7474],[-44.93042,-3.74631],[-44.93078,-3.74833],[-44.92861,-3.75149],[-44.92678,-3.753],[-44.92189,-3.7516],[-44.91807,-3.7533],[-44.91501,-3.7516],[-44.91368,-3.74889],[-44.90922,-3.7476],[-44.90428,-3.75109],[-44.901,-3.749],[-44.89777,-3.74059],[-44.8923,-3.7421],[-44.89008,-3.744],[-44.88588,-3.74091],[-44.8834,-3.74359],[-44.88397,-3.74491],[-44.87888,-3.74577],[-44.87359,-3.73739],[-44.87269,-3.73238],[-44.869,-3.72954],[-44.8673,-3.72429],[-44.8677,-3.72],[-44.8662,-3.7185],[-44.86195,-3.71898],[-44.86019,-3.71636],[-44.86169,-3.71262],[-44.8633,-3.71169],[-44.86329,-3.70989],[-44.86083,-3.70688],[-44.8633,-3.70461],[-44.8633,-3.70221],[-44.862,-3.70096],[-44.8655,-3.69809],[-44.8664,-3.69471],[-44.8602,-3.6962],[-44.85221,-3.68821],[-44.84741,-3.68721],[-44.8482,-3.68041],[-44.84481,-3.67812],[-44.84558,-3.66859],[-44.8402,-3.668],[-44.83731,-3.672],[-44.8343,-3.673],[-44.83137,-3.67591],[-44.8244,-3.6762],[-44.8209,-3.67869],[-44.8175,-3.6782],[-44.81373,-3.68796],[-44.80771,-3.6885],[-44.81239,-3.69451],[-44.80652,-3.70526],[-44.80484,-3.7055],[-44.80101,-3.703],[-44.79392,-3.7009],[-44.7944,-3.69821],[-44.7991,-3.69528],[-44.79889,-3.69389],[-44.79321,-3.6907],[-44.7899,-3.6947],[-44.79209,-3.70036],[-44.79073,-3.70276],[-44.78119,-3.70459],[-44.77425,-3.69741],[-44.7772,-3.69191],[-44.77679,-3.67919],[-44.77518,-3.6777],[-44.76938,-3.6797],[-44.76412,-3.67611],[-44.7587,-3.675],[-44.7548,-3.6767],[-44.7514,-3.68129],[-44.75518,-3.68549],[-44.75812,-3.68626],[-44.73705,-3.69308],[-44.73498,-3.69141],[-44.72861,-3.697],[-44.73072,-3.6981],[-44.7407,-3.69642],[-44.74228,-3.69788],[-44.7419,-3.70252],[-44.74305,-3.70531],[-44.7389,-3.7085],[-44.7387,-3.70989],[-44.73961,-3.7109],[-44.74282,-3.70942],[-44.74569,-3.71119],[-44.74679,-3.7127],[-44.74602,-3.71622],[-44.74949,-3.7186],[-44.75364,-3.71937],[-44.7502,-3.7208],[-44.7487,-3.72348],[-44.75177,-3.73007],[-44.74574,-3.72892],[-44.74331,-3.7239],[-44.7416,-3.723],[-44.74141,-3.72727],[-44.73951,-3.72938],[-44.73999,-3.73159],[-44.73889,-3.73268],[-44.7303,-3.7286],[-44.7267,-3.7246],[-44.7247,-3.7252],[-44.7229,-3.72789],[-44.72604,-3.72809],[-44.72649,-3.72923],[-44.72442,-3.73693],[-44.71949,-3.7347],[-44.7147,-3.7364],[-44.71182,-3.73949],[-44.7083,-3.741],[-44.70909,-3.74309],[-44.7119,-3.74311],[-44.71309,-3.74446],[-44.7124,-3.74728],[-44.70871,-3.74939],[-44.70701,-3.75298],[-44.7022,-3.7564],[-44.70211,-3.76811],[-44.69941,-3.7666],[-44.6977,-3.7667],[-44.6965,-3.7692],[-44.69481,-3.76741],[-44.69328,-3.7688],[-44.6901,-3.7679],[-44.68978,-3.77095],[-44.68852,-3.7711],[-44.68769,-3.76829],[-44.68402,-3.76482],[-44.6803,-3.7653],[-44.6772,-3.76909],[-44.67937,-3.77304],[-44.67884,-3.77413],[-44.67589,-3.775],[-44.6746,-3.7769],[-44.67482,-3.77939],[-44.6697,-3.7772],[-44.6709,-3.78173],[-44.6681,-3.7817],[-44.66631,-3.78678],[-44.66121,-3.7852],[-44.657,-3.7855],[-44.6576,-3.7921],[-44.6555,-3.7963],[-44.6507,-3.80009],[-44.65287,-3.80079],[-44.65459,-3.80389],[-44.65931,-3.8038],[-44.66249,-3.80639],[-44.66038,-3.80981],[-44.65742,-3.8109],[-44.6536,-3.8101],[-44.6525,-3.8111],[-44.65231,-3.81231],[-44.65718,-3.81787],[-44.65686,-3.81993],[-44.64964,-3.82228],[-44.64899,-3.819],[-44.64608,-3.81819],[-44.6439,-3.8157],[-44.6423,-3.816],[-44.64128,-3.81811],[-44.6384,-3.8186],[-44.63631,-3.83126],[-44.63273,-3.83398],[-44.62741,-3.8333],[-44.62527,-3.83531],[-44.61211,-3.83619],[-44.61189,-3.8378],[-44.6099,-3.83901],[-44.6101,-3.8478],[-44.5054,-3.8488],[-44.4805,-3.90459],[-44.47991,-3.91918],[-44.4716,-3.9182],[-44.46628,-3.9232],[-44.4564,-3.9233],[-44.44273,-3.9275],[-44.4363,-3.9274],[-44.43421,-3.92889],[-44.4342,-3.93237],[-44.43275,-3.93375],[-44.42782,-3.9318],[-44.4238,-3.9319],[-44.41526,-3.93869],[-44.4156,-3.9339],[-44.41112,-3.93052],[-44.4114,-3.928],[-44.4134,-3.92599],[-44.41437,-3.92204],[-44.4177,-3.9202],[-44.41757,-3.91809],[-44.41621,-3.9177],[-44.41526,-3.9196],[-44.41361,-3.91858],[-44.415,-3.91631],[-44.41889,-3.91541],[-44.4191,-3.91401],[-44.4139,-3.9136],[-44.41262,-3.9122],[-44.4137,-3.9094],[-44.41132,-3.90907],[-44.41049,-3.90619],[-44.40752,-3.90391],[-44.4054,-3.90419],[-44.40033,-3.9018],[-44.39872,-3.89861],[-44.39654,-3.8987],[-44.39569,-3.897],[-44.39321,-3.89658],[-44.38929,-3.88019],[-44.38677,-3.87789],[-44.38326,-3.87825],[-44.38011,-3.87461],[-44.37311,-3.87061],[-44.37081,-3.86631],[-44.36591,-3.86759],[-44.36229,-3.8656],[-44.3609,-3.86212],[-44.3629,-3.8597],[-44.35699,-3.85758],[-44.3562,-3.85101],[-44.35497,-3.85117],[-44.35369,-3.8489],[-44.32291,-3.86449],[-44.32439,-3.8683],[-44.32069,-3.87352],[-44.319,-3.88071],[-44.32309,-3.88599],[-44.32781,-3.88901],[-44.33031,-3.8964],[-44.33551,-3.8958],[-44.33939,-3.89322],[-44.34161,-3.89432],[-44.3436,-3.89902],[-44.33801,-3.90901],[-44.34352,-3.91173],[-44.35178,-3.92448],[-44.36131,-3.9265],[-44.36568,-3.92878],[-44.3676,-3.93169],[-44.36791,-3.93836],[-44.36289,-3.942],[-44.3603,-3.9451],[-44.3597,-3.94798],[-44.3597,-3.951],[-44.3632,-3.9556],[-44.3641,-3.95921],[-44.3621,-3.9622],[-44.35621,-3.96498],[-44.3543,-3.97188],[-44.3547,-3.97481],[-44.3588,-3.981],[-44.37498,-3.98749],[-44.37711,-3.99171],[-44.38321,-3.99731],[-44.38398,-3.99864],[-44.38151,-4.00131],[-44.3858,-4.0039],[-44.3882,-4.0074],[-44.3883,-4.01281],[-44.3853,-4.02258],[-44.38739,-4.02768],[-44.40721,-4.0432],[-44.4088,-4.04859],[-44.4085,-4.05549],[-44.3993,-4.0668],[-44.4021,-4.08599],[-44.46243,-4.08591],[-44.4581,-4.087],[-44.4581,-4.0898],[-44.45998,-4.09318],[-44.4569,-4.0938],[-44.455,-4.0971],[-44.4553,-4.0989],[-44.45797,-4.09812],[-44.4586,-4.09901],[-44.4587,-4.10151],[-44.4568,-4.10469],[-44.45754,-4.10579],[-44.4558,-4.10671],[-44.45629,-4.10809],[-44.45971,-4.10782],[-44.4605,-4.11101],[-44.45763,-4.11289],[-44.45382,-4.11189],[-44.45174,-4.11623],[-44.45029,-4.11591],[-44.45188,-4.11975],[-44.45029,-4.12281],[-44.4449,-4.12569],[-44.44737,-4.12805],[-44.4468,-4.12918],[-44.3428,-4.1],[-44.2678,-4.27779],[-44.27191,-4.2798],[-44.2824,-4.2807],[-44.29061,-4.2754],[-44.29692,-4.27359],[-44.29878,-4.27012],[-44.3006,-4.2694],[-44.32066,-4.26869],[-44.32532,-4.27269],[-44.3356,-4.2683],[-44.35649,-4.2684],[-44.35922,-4.27121],[-44.3627,-4.27163],[-44.36519,-4.27589],[-44.37238,-4.28089],[-44.3799,-4.2823],[-44.38582,-4.29171],[-44.3986,-4.29511],[-44.40099,-4.29769],[-44.4041,-4.3119],[-44.4044,-4.31911],[-44.4057,-4.32087],[-44.3959,-4.31812],[-44.4236,-4.41529],[-44.43079,-4.48077],[-44.34759,-4.55819],[-44.1961,-4.5276],[-44.1993,-4.53221],[-44.20361,-4.53521],[-44.20859,-4.54509],[-44.21662,-4.54736],[-44.2193,-4.5683],[-44.2214,-4.57003],[-44.2225,-4.5775],[-44.22749,-4.57851],[-44.23,-4.5826],[-44.2298,-4.58992],[-44.23089,-4.59338],[-44.23017,-4.59591],[-44.22239,-4.59801],[-44.2203,-4.6054],[-44.22201,-4.61012],[-44.2273,-4.6167],[-44.23139,-4.61789],[-44.234,-4.62171],[-44.2319,-4.63251],[-44.22661,-4.64558],[-44.22173,-4.64848],[-44.2204,-4.6478],[-44.21668,-4.65211],[-44.20601,-4.65559],[-44.20599,-4.65717],[-44.20419,-4.65782],[-44.2032,-4.66179],[-44.2045,-4.66371],[-44.2047,-4.66801],[-44.20858,-4.67465],[-44.1992,-4.6911],[-44.1995,-4.70519],[-44.20271,-4.70972],[-44.2032,-4.71292],[-44.1976,-4.7293],[-44.2203,-4.7594],[-44.22349,-4.76828],[-44.22799,-4.77517],[-44.2276,-4.78021],[-44.2334,-4.7897],[-44.23619,-4.7921],[-44.24132,-4.79272],[-44.24442,-4.79532],[-44.25391,-4.8162],[-44.263,-4.81611],[-44.2688,-4.8232],[-44.27459,-4.8265],[-44.27742,-4.8242],[-44.28435,-4.8246],[-44.2845,-4.82781],[-44.28629,-4.83009],[-44.29169,-4.83179],[-44.29558,-4.83659],[-44.2996,-4.83741],[-44.3023,-4.84489],[-44.3112,-4.8437],[-44.3171,-4.8367],[-44.32229,-4.83466],[-44.3222,-4.84231],[-44.32502,-4.84621],[-44.3285,-4.8474],[-44.33951,-4.8466],[-44.34401,-4.84782],[-44.34671,-4.85461],[-44.35091,-4.85763],[-44.3606,-4.87868],[-44.358,-4.8894],[-44.3579,-4.9036],[-44.35889,-4.90599],[-44.37531,-4.91502],[-44.37761,-4.91792],[-44.37959,-4.92738],[-44.3829,-4.9307],[-44.39879,-4.9429],[-44.41222,-4.94922],[-44.4137,-4.95259],[-44.4139,-4.96321],[-44.4112,-4.97269],[-44.41171,-4.9757],[-44.51422,-4.97589],[-44.63858,-4.86252],[-44.64308,-4.85708],[-44.6444,-4.85851],[-44.6442,-4.86068],[-44.6406,-4.86189],[-44.64179,-4.86685],[-44.64,-4.86852],[-44.64332,-4.87467],[-44.6411,-4.875],[-44.64117,-4.8781],[-44.63901,-4.8774],[-44.6372,-4.87937],[-44.63489,-4.87821],[-44.6335,-4.88069],[-44.63387,-4.88325],[-44.63171,-4.88249],[-44.63051,-4.88655],[-44.62721,-4.88697],[-44.62828,-4.8837],[-44.6259,-4.8844],[-44.62429,-4.88791],[-44.62041,-4.8879],[-44.61959,-4.89025],[-44.61571,-4.8902],[-44.6189,-4.89345],[-44.61777,-4.89464],[-44.61549,-4.89331],[-44.615,-4.89459],[-44.61688,-4.89641],[-44.6161,-4.8983],[-44.61771,-4.89884],[-44.61843,-4.90101],[-44.62221,-4.90066],[-44.6217,-4.9038],[-44.62868,-4.9047],[-44.62899,-4.90859],[-44.63218,-4.90944],[-44.63191,-4.91246],[-44.62971,-4.91409],[-44.63049,-4.91509],[-44.62609,-4.91721],[-44.6255,-4.9184],[-44.62727,-4.91911],[-44.62716,-4.92023],[-44.6241,-4.921],[-44.62376,-4.9226],[-44.62048,-4.92421],[-44.61529,-4.92443],[-44.6149,-4.92611],[-44.61729,-4.93155],[-44.6159,-4.9338],[-44.61759,-4.93679],[-44.6144,-4.9389],[-44.61101,-4.94568],[-44.61187,-4.94587],[-44.6113,-4.9504],[-44.61627,-4.95583],[-44.61669,-4.96019],[-44.6203,-4.96491],[-44.6203,-4.96859],[-44.61839,-4.9685],[-44.61713,-4.97029],[-44.61619,-4.96881],[-44.61451,-4.97068],[-44.61569,-4.9712],[-44.6143,-4.97451],[-44.61633,-4.97774],[-44.61277,-4.98226],[-44.6093,-4.9802],[-44.60601,-4.98278],[-44.60623,-4.98503],[-44.60899,-4.98532],[-44.61027,-4.98683],[-44.60771,-4.99018],[-44.60889,-4.99092],[-44.60681,-4.99309],[-44.6045,-4.9931],[-44.60401,-4.99602],[-44.60506,-4.99752],[-44.6038,-4.99891],[-44.60449,-5.00049],[-44.60803,-5.00118],[-44.60761,-5.0026],[-44.6096,-5.0026],[-44.60852,-5.00063],[-44.60923,-4.99961],[-44.61697,-5.00236],[-44.61739,-5.00599],[-44.62097,-5.0071],[-44.61989,-5.01051],[-44.6169,-5.0131],[-44.6177,-5.0146],[-44.6222,-5.01743],[-44.6235,-5.0208],[-44.62836,-5.01939],[-44.62911,-5.02241],[-44.6326,-5.02703],[-44.6319,-5.02972],[-44.63429,-5.03548],[-44.63916,-5.03774],[-44.6383,-5.04287],[-44.6344,-5.04609],[-44.63556,-5.04645],[-44.6349,-5.05019],[-44.64,-5.05002],[-44.64223,-5.05461],[-44.63851,-5.05679],[-44.63851,-5.0599],[-44.64221,-5.0609],[-44.64838,-5.05921],[-44.65219,-5.05111],[-44.65629,-5.0517],[-44.65861,-5.0497],[-44.66102,-5.04983],[-44.6655,-5.0552],[-44.66607,-5.05723],[-44.6629,-5.06049],[-44.6626,-5.0629],[-44.6629,-5.06529],[-44.66569,-5.06628],[-44.66242,-5.06909],[-44.6579,-5.0698],[-44.6564,-5.0736],[-44.6557,-5.07839],[-44.65768,-5.08017],[-44.65679,-5.08377],[-44.66028,-5.08676],[-44.65739,-5.0877],[-44.65541,-5.08929],[-44.65589,-5.09009],[-44.66089,-5.0943],[-44.6628,-5.09291],[-44.66552,-5.09349],[-44.66844,-5.08963],[-44.67271,-5.0904],[-44.67481,-5.08954],[-44.67531,-5.09481],[-44.67688,-5.09629],[-44.68231,-5.09752],[-44.6831,-5.1013],[-44.6817,-5.1037],[-44.6835,-5.1055],[-44.68761,-5.105],[-44.68946,-5.10328],[-44.6913,-5.1051],[-44.6922,-5.11079],[-44.69421,-5.10871],[-44.69655,-5.10914],[-44.69581,-5.11173],[-44.69815,-5.11375],[-44.6963,-5.11889],[-44.69682,-5.12494],[-44.69751,-5.1259],[-44.70119,-5.12502],[-44.70487,-5.12724],[-44.70547,-5.12967],[-44.71152,-5.13476],[-44.71217,-5.13734],[-44.7106,-5.1377],[-44.71001,-5.14051],[-44.71614,-5.14345],[-44.71491,-5.14528],[-44.71599,-5.14649],[-44.71899,-5.1479],[-44.72072,-5.14734],[-44.72251,-5.14999],[-44.72432,-5.14468],[-44.72819,-5.1447],[-44.72936,-5.14167],[-44.73271,-5.1453],[-44.73557,-5.14518],[-44.7352,-5.14691],[-44.7366,-5.14959],[-44.73839,-5.15012],[-44.7413,-5.1563],[-44.7515,-5.1589],[-44.75378,-5.16127],[-44.7527,-5.163],[-44.75464,-5.16339],[-44.75608,-5.16609],[-44.76032,-5.16522],[-44.7614,-5.1678],[-44.76499,-5.16994],[-44.76454,-5.17324],[-44.75859,-5.17702],[-44.75919,-5.17999],[-44.76067,-5.18001],[-44.7614,-5.18209],[-44.8238,-5.1458],[-44.82001,-5.13378],[-44.82549,-5.11764],[-44.8275,-5.11589],[-44.83453,-5.11321],[-44.84789,-5.1232],[-44.8537,-5.1247],[-44.85711,-5.12429],[-44.8584,-5.1205],[-44.8554,-5.10959],[-44.8559,-5.1064],[-44.8626,-5.09779],[-44.8611,-5.08858],[-44.8637,-5.0787],[-44.85711,-5.06832],[-44.856,-5.06371],[-44.85691,-5.06231],[-44.864,-5.061],[-44.86939,-5.05842],[-44.8691,-5.0453],[-44.874,-5.0403],[-44.89239,-5.0322],[-44.9002,-5.0327],[-44.90361,-5.039],[-44.90561,-5.03909],[-44.90841,-5.03501],[-44.914,-5.0381],[-44.91639,-5.03681],[-44.91769,-5.03929],[-44.91911,-5.0392],[-44.93619,-5.02741],[-44.93491,-5.02198],[-44.93716,-5.02145],[-44.93731,-5.0233],[-44.94144,-5.02268],[-44.9417,-5.0249],[-44.94308,-5.0253],[-44.94367,-5.023],[-44.94648,-5.02235],[-44.94771,-5.0249],[-44.95066,-5.02256],[-44.95269,-5.02467],[-44.9499,-5.02791],[-44.95122,-5.03051],[-44.95514,-5.03236],[-44.954,-5.03589],[-44.95161,-5.0384],[-44.94854,-5.0383],[-44.9477,-5.0369],[-44.94522,-5.03778],[-44.9433,-5.0364],[-44.9429,-5.03939],[-44.94626,-5.04261],[-44.9458,-5.0442],[-44.94773,-5.04455],[-44.94831,-5.0475],[-44.95597,-5.04977],[-44.9555,-5.0513],[-44.95718,-5.05337],[-44.9555,-5.0542],[-44.9547,-5.0578],[-44.96012,-5.05954],[-44.9584,-5.06111],[-44.96009,-5.06371],[-44.9577,-5.065],[-44.95801,-5.06711],[-44.9598,-5.06785],[-44.9597,-5.0708],[-44.9606,-5.07159],[-44.96462,-5.06913],[-44.96573,-5.07049],[-44.9634,-5.07219],[-44.9636,-5.07429],[-44.9705,-5.07881],[-44.96947,-5.08279],[-44.96721,-5.08239],[-44.96667,-5.08471],[-44.9637,-5.0858],[-44.9614,-5.0889],[-44.9613,-5.09108],[-44.96694,-5.09678],[-44.9636,-5.0984],[-44.96121,-5.10172],[-44.96251,-5.1031],[-44.96569,-5.10282],[-44.9643,-5.10561],[-44.96529,-5.10838],[-44.96995,-5.10948],[-44.9699,-5.1122],[-44.97115,-5.11329],[-44.9685,-5.1154],[-44.97026,-5.11998],[-44.9691,-5.12339],[-44.97091,-5.12532],[-44.9686,-5.1274],[-44.97042,-5.12774],[-44.97012,-5.13021],[-44.9719,-5.131],[-44.97328,-5.12957],[-44.97401,-5.132],[-44.9755,-5.13179],[-44.97577,-5.12897],[-44.97687,-5.12863],[-44.97731,-5.1314],[-44.9784,-5.13099],[-44.97815,-5.12909],[-44.9806,-5.12939],[-44.98109,-5.12777],[-44.9827,-5.13],[-44.98503,-5.128],[-44.98629,-5.13109],[-44.9899,-5.13082],[-44.99145,-5.13235],[-44.9908,-5.13341],[-44.99277,-5.13626],[-44.9909,-5.1367],[-44.9903,-5.1385],[-44.99397,-5.13759],[-44.99452,-5.1385],[-44.9922,-5.14099],[-44.99425,-5.14052],[-44.99477,-5.14186],[-44.9927,-5.1428],[-44.99299,-5.14418],[-44.99757,-5.14781],[-44.99741,-5.14911],[-45.00039,-5.15219],[-44.99989,-5.15334],[-44.99821,-5.1524],[-44.99721,-5.15378],[-45.00058,-5.15528],[-45.00089,-5.15874],[-44.9969,-5.1643],[-44.99994,-5.16306],[-45.00715,-5.17105],[-45.0043,-5.173],[-45.0042,-5.17771],[-45.00701,-5.1815],[-45.00859,-5.1817],[-45.00905,-5.17988],[-45.01036,-5.18079],[-45.0079,-5.1876],[-45.00977,-5.18831],[-45.011,-5.1928],[-45.01329,-5.19241],[-45.0123,-5.19441],[-45.01339,-5.19609],[-45.0156,-5.19582],[-45.01896,-5.19975],[-45.0178,-5.20152],[-45.01811,-5.2026],[-45.02068,-5.20301],[-45.019,-5.20509],[-45.0205,-5.20583],[-45.02112,-5.20889],[-45.12315,-5.12095],[-45.1249,-5.123],[-45.3307,-5.1218],[-45.3268,-5.11029],[-45.32567,-5.10269],[-45.33138,-5.1047],[-45.3322,-5.10311],[-45.3283,-5.09991],[-45.32925,-5.09549],[-45.34549,-5.096],[-45.34789,-5.09421],[-45.3492,-5.0832],[-45.34851,-5.08022],[-45.33381,-5.0781],[-45.32751,-5.0797],[-45.31182,-5.07871],[-45.30452,-5.07211],[-45.2957,-5.0706],[-45.29058,-5.06809],[-45.27995,-5.05527],[-45.34507,-5.04261],[-45.35101,-5.03886],[-45.35212,-5.0414],[-45.5993,-4.9931],[-45.60599,-4.993],[-45.6049,-4.9869],[-45.6061,-4.98491],[-45.60451,-4.98416],[-45.6043,-4.9812],[-45.60193,-4.9805],[-45.60109,-4.9782],[-45.59731,-4.97969],[-45.59589,-4.9785],[-45.5928,-4.97904],[-45.59196,-4.97699],[-45.58727,-4.97719],[-45.5864,-4.97408],[-45.5873,-4.96811],[-45.58571,-4.96744],[-45.58709,-4.9653],[-45.585,-4.96409],[-45.5832,-4.9578],[-45.57734,-4.95573],[-45.57659,-4.95219],[-45.57478,-4.95155],[-45.57413,-4.94962],[-45.5761,-4.94681],[-45.57429,-4.94668],[-45.57157,-4.94396],[-45.5759,-4.9443],[-45.58004,-4.93823],[-45.58299,-4.93828],[-45.57869,-4.93476],[-45.57221,-4.9197],[-45.57858,-4.91192],[-45.58172,-4.90988],[-45.58359,-4.90722],[-45.58314,-4.90586],[-45.59182,-4.89439],[-45.59813,-4.89399],[-45.6627,-4.8572],[-45.707,-4.8336],[-45.71224,-4.7752],[-45.84899,-4.7439],[-45.86755,-4.62766],[-45.86968,-4.63008],[-45.87209,-4.6307],[-45.881,-4.631],[-45.88531,-4.62991],[-45.91429,-4.64],[-45.923,-4.6398],[-45.92233,-4.6165],[-45.926,-4.62448],[-45.9248,-4.63281],[-45.92831,-4.66171],[-45.9357,-4.6646],[-45.93832,-4.66881],[-45.94842,-4.67081],[-45.95839,-4.67859],[-45.9602,-4.68813],[-45.9582,-4.69378],[-45.9583,-4.69869],[-45.96271,-4.70311],[-45.96439,-4.70719],[-45.96632,-4.70453],[-45.9701,-4.70681],[-45.97581,-4.72491],[-45.97899,-4.7275],[-45.9853,-4.7286],[-45.98909,-4.733],[-45.99996,-4.73429],[-46.00569,-4.74169],[-46.01188,-4.7419],[-46.01337,-4.74357],[-46.0133,-4.74909],[-46.01722,-4.75192],[-46.02139,-4.75748],[-46.02261,-4.76212],[-46.02914,-4.7675],[-46.0285,-4.77121],[-46.0366,-4.78452],[-46.0369,-4.78919],[-46.03952,-4.78994],[-46.04139,-4.79934],[-46.03648,-4.8051],[-46.0284,-4.8055],[-46.0298,-4.81602],[-46.0262,-4.82499],[-46.0272,-4.83681],[-46.02259,-4.84362],[-46.0206,-4.8506],[-46.01741,-4.8537],[-46.0894,-4.8546],[-46.0919,-4.84054],[-46.09481,-4.83999],[-46.09639,-4.83551],[-46.1027,-4.832],[-46.10409,-4.81391],[-46.1056,-4.81151],[-46.11049,-4.80951],[-46.11511,-4.8004],[-46.12707,-4.797],[-46.13198,-4.79761],[-46.13201,-4.7902],[-46.20181,-4.75249],[-46.2211,-4.66592],[-46.2289,-4.62499],[-46.22799,-4.6235],[-46.20931,-4.6237],[-46.17812,-4.60031],[-46.1716,-4.5846],[-46.15912,-4.56049],[-46.19321,-4.51169],[-46.2031,-4.47164],[-46.21721,-4.46979],[-46.2329,-4.44531],[-46.2307,-4.42589],[-46.22761,-4.41922],[-46.23,-4.40259],[-46.22529,-4.39667],[-46.2234,-4.3904],[-46.22602,-4.38558],[-46.23359,-4.38161],[-46.24091,-4.37378],[-46.2646,-4.30771],[-46.2792,-4.2977],[-46.2831,-4.2883],[-46.292,-4.27879],[-46.29269,-4.27391],[-46.2952,-4.2702],[-46.2977,-4.2515],[-46.2994,-4.24771],[-46.29909,-4.24377],[-46.29212,-4.23332],[-46.28432,-4.22761],[-46.2829,-4.22529],[-46.28239,-4.21591],[-46.28789,-4.20902],[-46.2882,-4.2064],[-46.2832,-4.17782],[-46.2845,-4.17201],[-46.28151,-4.16801],[-46.2751,-4.1639],[-46.2762,-4.15739],[-46.2715,-4.1504],[-46.2717,-4.1457],[-46.26642,-4.13506],[-46.2675,-4.12901],[-46.26257,-4.12868],[-46.26074,-4.12713],[-46.2619,-4.12369],[-46.25322,-4.11442],[-46.25089,-4.10699],[-46.24749,-4.10488],[-46.2456,-4.09959],[-46.23881,-4.08981],[-46.23302,-4.08702],[-46.23191,-4.08043],[-46.22929,-4.07849],[-46.22819,-4.07338],[-46.22469,-4.07009],[-46.2128,-4.0495],[-46.2134,-4.044],[-46.21231,-4.04088],[-46.21392,-4.03658],[-46.2174,-4.0323],[-46.21761,-4.02591],[-46.2197,-4.02469],[-46.22128,-4.01953],[-46.2252,-4.0194],[-46.22569,-4.01012],[-46.24358,-4.00182],[-46.2451,-3.99991],[-46.2447,-3.99249],[-46.2486,-3.9883],[-46.25349,-3.98909],[-46.25748,-3.9927],[-46.26234,-3.98889],[-46.26552,-3.98811],[-46.26905,-3.98957],[-46.26932,-3.99121],[-46.27361,-3.99312],[-46.2751,-4.0016],[-46.27989,-4.00779],[-46.29573,-4.02203],[-46.30242,-4.02691],[-46.30701,-4.02851],[-46.31968,-4.04039],[-46.3358,-4.0464],[-46.34221,-4.0501],[-46.3508,-4.05801],[-46.36369,-4.06689],[-46.37451,-4.07862],[-46.3853,-4.10161],[-46.40086,-4.11268],[-46.43328,-4.13029],[-46.4385,-4.13841],[-46.4405,-4.1517],[-46.44311,-4.15761],[-46.44749,-4.1635],[-46.4599,-4.1743],[-46.47131,-4.18751],[-46.4791,-4.1921],[-46.48089,-4.19499],[-46.48,-4.2002],[-46.4816,-4.2015],[-46.48641,-4.20055],[-46.48921,-4.20441],[-46.49546,-4.20827],[-46.49519,-4.21287],[-46.49862,-4.21485],[-46.50021,-4.2184],[-46.5026,-4.22009],[-46.50555,-4.21958],[-46.50621,-4.2226],[-46.51136,-4.22389],[-46.51221,-4.2276],[-46.51689,-4.2283],[-46.518,-4.2303],[-46.52108,-4.23159],[-46.5235,-4.2304],[-46.52748,-4.2338],[-46.5272,-4.2364],[-46.5298,-4.23661],[-46.53149,-4.23949],[-46.53236,-4.23919],[-46.53358,-4.24489],[-46.5312,-4.2471],[-46.53288,-4.25028],[-46.5312,-4.25379],[-46.53686,-4.25969],[-46.53749,-4.26616],[-46.53919,-4.26949],[-46.54929,-4.2751],[-46.55123,-4.27529],[-46.55624,-4.27243],[-46.5572,-4.2735],[-46.55891,-4.27295],[-46.56419,-4.28208],[-46.56727,-4.28329],[-46.57001,-4.287],[-46.57227,-4.28681],[-46.57525,-4.28878],[-46.575,-4.29151],[-46.58445,-4.29617],[-46.58462,-4.29741],[-46.58898,-4.29834],[-46.5888,-4.3005],[-46.59249,-4.30407],[-46.5916,-4.3058],[-46.59279,-4.30929],[-46.59899,-4.31141],[-46.60061,-4.3142],[-46.60459,-4.31449],[-46.60731,-4.3168],[-46.60995,-4.31603],[-46.6144,-4.3214],[-46.61957,-4.32201],[-46.62031,-4.32491],[-46.62987,-4.33044],[-46.63219,-4.33509],[-46.6424,-4.3349],[-46.64592,-4.33723],[-46.64911,-4.3418],[-46.654,-4.3414],[-46.6557,-4.33967],[-46.6638,-4.3421],[-46.6681,-4.34172],[-46.67078,-4.3437],[-46.67827,-4.34199],[-46.68098,-4.34419],[-46.6809,-4.34681],[-46.68335,-4.34944],[-46.68342,-4.35342],[-46.68858,-4.35689],[-46.69864,-4.35552],[-46.70818,-4.36399],[-46.7088,-4.3661],[-46.7102,-4.36562],[-46.71407,-4.36829],[-46.71542,-4.36803],[-46.72118,-4.37489],[-46.72369,-4.37401],[-46.7279,-4.3756],[-46.7306,-4.3737],[-46.73012,-4.37229],[-46.73217,-4.37212],[-46.73277,-4.37395],[-46.7313,-4.3744],[-46.7307,-4.3763],[-46.73664,-4.3791],[-46.73939,-4.3828],[-46.74441,-4.383],[-46.7466,-4.38024],[-46.7477,-4.38049],[-46.74805,-4.37839],[-46.75282,-4.3764],[-46.75713,-4.37601],[-46.7575,-4.377],[-46.76189,-4.3774],[-46.76797,-4.3722],[-46.77628,-4.3732],[-46.77861,-4.3753],[-46.78524,-4.37441],[-46.78681,-4.3759],[-46.79143,-4.3743],[-46.79514,-4.37479],[-46.79551,-4.3758],[-46.80013,-4.37371],[-46.8059,-4.3767],[-46.80785,-4.37559],[-46.81372,-4.37572],[-46.8156,-4.37869],[-46.818,-4.3787],[-46.81989,-4.37683],[-46.8229,-4.37732],[-46.82661,-4.3806],[-46.83389,-4.3844],[-46.83607,-4.38401],[-46.83749,-4.38619],[-46.83966,-4.3867],[-46.84221,-4.3943],[-46.84483,-4.39275],[-46.84873,-4.39494],[-46.8496,-4.4019],[-46.85617,-4.4091],[-46.856,-4.4143],[-46.85748,-4.41648],[-46.86196,-4.41887],[-46.86211,-4.42051],[-46.86548,-4.42378],[-46.86996,-4.42527],[-46.8696,-4.4281],[-46.87287,-4.4284],[-46.87382,-4.43171],[-46.87551,-4.43259],[-46.87683,-4.42918],[-46.88149,-4.42721],[-46.88429,-4.4282],[-46.8858,-4.42701],[-46.88939,-4.42721],[-46.89333,-4.42981],[-46.89649,-4.4303],[-46.8971,-4.42922],[-46.91387,-4.43369],[-46.91573,-4.43812],[-46.93317,-4.44281],[-46.9357,-4.4399],[-46.93482,-4.43817],[-46.93627,-4.43312],[-46.94287,-4.43369],[-46.94471,-4.4354],[-46.94724,-4.43401],[-46.94822,-4.43479],[-46.95997,-4.43002],[-46.96527,-4.4253],[-46.9777,-4.4258],[-46.98481,-4.42462],[-46.98701,-4.4263],[-46.98972,-4.42329],[-46.99339,-4.4263],[-46.99665,-4.42506],[-46.99981,-4.4274],[-47.00371,-4.42549],[-47.00611,-4.42241],[-47.01457,-4.4199],[-47.0168,-4.4203],[-47.01739,-4.41889],[-47.016,-4.41815],[-47.0159,-4.41462],[-47.01819,-4.41211],[-47.02051,-4.41158],[-47.02082,-4.40608],[-47.02838,-4.39844],[-47.03136,-4.38835],[-47.03719,-4.38661],[-47.03889,-4.38292],[-47.0423,-4.38099],[-47.04172,-4.37638],[-47.04281,-4.37471],[-47.05031,-4.3724],[-47.05388,-4.36757],[-47.05727,-4.36821],[-47.0599,-4.36609],[-47.05869,-4.36175],[-47.0605,-4.3609],[-47.05993,-4.35775],[-47.0611,-4.3576],[-47.06073,-4.35552],[-47.06269,-4.35324],[-47.0618,-4.34969],[-47.06298,-4.34455],[-47.06713,-4.3424],[-47.07099,-4.3425],[-47.06866,-4.3377],[-47.07,-4.3368],[-47.0699,-4.3334],[-47.0728,-4.3278],[-47.073,-4.32369],[-47.07616,-4.32102],[-47.0782,-4.32159],[-47.08,-4.31571],[-47.08239,-4.31262],[-47.08539,-4.31221],[-47.08749,-4.3092],[-47.0884,-4.30349]]],[[[-45.49239,-1.34692],[-45.4913,-1.3431],[-45.4881,-1.3399],[-45.48671,-1.34059],[-45.4913,-1.3482],[-45.49239,-1.34692]]],[[[-45.5006,-1.35299],[-45.49672,-1.34632],[-45.4953,-1.3468],[-45.4974,-1.35959],[-45.4992,-1.36169],[-45.5006,-1.35299]]],[[[-45.5963,-1.23979],[-45.5804,-1.2211],[-45.5784,-1.20619],[-45.5805,-1.198],[-45.57989,-1.19568],[-45.57631,-1.1928],[-45.56831,-1.1916],[-45.56449,-1.1926],[-45.54156,-1.20362],[-45.53929,-1.20521],[-45.53751,-1.21259],[-45.53221,-1.22046],[-45.5332,-1.2258],[-45.54009,-1.2307],[-45.56091,-1.2297],[-45.57809,-1.2308],[-45.59379,-1.2419],[-45.59589,-1.2418],[-45.5963,-1.23979]]],[[[-45.5765,-1.27109],[-45.57451,-1.26568],[-45.5762,-1.26449],[-45.57609,-1.26219],[-45.5705,-1.2605],[-45.56941,-1.26983],[-45.57301,-1.2738],[-45.57618,-1.27262],[-45.5765,-1.27109]]],[[[-45.61059,-1.15381],[-45.60819,-1.1504],[-45.6049,-1.1512],[-45.6041,-1.1576],[-45.60502,-1.16011],[-45.6096,-1.1601],[-45.60882,-1.15645],[-45.61059,-1.15381]]],[[[-45.6522,-1.23459],[-45.65151,-1.23033],[-45.65038,-1.22911],[-45.6491,-1.2303],[-45.6493,-1.23359],[-45.6522,-1.23459]]],[[[-45.7109,-1.228],[-45.6994,-1.19879],[-45.68892,-1.18372],[-45.68321,-1.18589],[-45.67621,-1.19079],[-45.6737,-1.19712],[-45.6774,-1.2034],[-45.6765,-1.2138],[-45.67443,-1.21885],[-45.67128,-1.21941],[-45.6685,-1.222],[-45.6674,-1.226],[-45.6673,-1.23022],[-45.669,-1.23548],[-45.668,-1.2437],[-45.6693,-1.24891],[-45.6726,-1.2541],[-45.68531,-1.26311],[-45.69311,-1.26529],[-45.69829,-1.2561],[-45.70941,-1.24429],[-45.7096,-1.23139],[-45.7109,-1.228]]],[[[-45.7741,-1.1923],[-45.77378,-1.19058],[-45.7707,-1.1894],[-45.7683,-1.1911],[-45.768,-1.1947],[-45.76968,-1.1964],[-45.77189,-1.19561],[-45.7741,-1.1923]]],[[[-45.8278,-1.12872],[-45.81861,-1.1234],[-45.8126,-1.1232],[-45.80781,-1.12449],[-45.8057,-1.12719],[-45.8041,-1.14249],[-45.80499,-1.14509],[-45.80866,-1.14656],[-45.80882,-1.14882],[-45.81302,-1.15251],[-45.81908,-1.1546],[-45.82319,-1.15381],[-45.82679,-1.15062],[-45.8268,-1.13989],[-45.82552,-1.13728],[-45.8276,-1.13421],[-45.8278,-1.12872]]],[[[-45.9045,-1.1636],[-45.9042,-1.1619],[-45.8924,-1.1505],[-45.89869,-1.1594],[-45.9045,-1.1636]]],[[[-45.95607,-1.19131],[-45.9561,-1.18699],[-45.95419,-1.1828],[-45.9533,-1.1833],[-45.9535,-1.18721],[-45.95607,-1.19131]]],[[[-46.0174,-1.07731],[-46.0143,-1.072],[-46.0095,-1.0726],[-46.0093,-1.07431],[-46.01176,-1.07688],[-46.01688,-1.0783],[-46.0174,-1.07731]]]]}},{"type":"Feature","properties":{"id":2103,"n":"Caxias","nm":14,"ap":559732,"cp":439795,"lx":-43.49563,"ly":-4.76476},"geometry":{"type":"Polygon","coordinates":[[[-44.46279,-4.0859],[-44.40214,-4.08595],[-44.3993,-4.06682],[-44.4085,-4.05551],[-44.4088,-4.04858],[-44.4072,-4.04319],[-44.3874,-4.0277],[-44.3853,-4.02257],[-44.3883,-4.0128],[-44.3882,-4.00739],[-44.3858,-4.0039],[-44.38159,-4.00134],[-44.384,-3.99861],[-44.3832,-3.9973],[-44.3771,-3.9917],[-44.37501,-3.98751],[-44.35881,-3.98101],[-44.3547,-3.9748],[-44.3543,-3.97188],[-44.3562,-3.965],[-44.3621,-3.9622],[-44.3641,-3.95921],[-44.36321,-3.95562],[-44.35971,-3.95102],[-44.3597,-3.94799],[-44.36031,-3.94509],[-44.36289,-3.94202],[-44.36791,-3.93837],[-44.3676,-3.9317],[-44.36571,-3.9288],[-44.36129,-3.92649],[-44.35178,-3.92448],[-44.34351,-3.91171],[-44.33803,-3.909],[-44.3436,-3.89901],[-44.34161,-3.89431],[-44.33939,-3.8932],[-44.33551,-3.8958],[-44.33036,-3.89641],[-44.32781,-3.889],[-44.32309,-3.88598],[-44.31901,-3.88071],[-44.3207,-3.8735],[-44.3244,-3.86829],[-44.32291,-3.86451],[-44.1988,-3.9274],[-44.19279,-3.92918],[-44.18632,-3.92671],[-44.1836,-3.9209],[-44.1806,-3.91779],[-44.16909,-3.9133],[-44.166,-3.91049],[-44.165,-3.90591],[-44.1655,-3.89891],[-44.16191,-3.89509],[-44.1623,-3.87969],[-44.16079,-3.87788],[-44.1596,-3.87022],[-44.1607,-3.85828],[-44.1594,-3.85099],[-44.15679,-3.84659],[-44.15549,-3.8368],[-43.9928,-3.8424],[-43.93805,-4.00047],[-43.92648,-3.99557],[-43.91249,-3.97969],[-43.90319,-3.97869],[-43.8985,-3.97409],[-43.8977,-3.97039],[-43.895,-3.9675],[-43.7293,-3.9351],[-43.7254,-3.93909],[-43.7229,-3.94619],[-43.7184,-3.9465],[-43.71682,-3.94948],[-43.7063,-3.9589],[-43.70681,-3.96228],[-43.7033,-3.9658],[-43.70327,-3.96952],[-43.69812,-3.9716],[-43.69259,-3.971],[-43.6895,-3.9724],[-43.68786,-3.97609],[-43.6795,-3.9803],[-43.6786,-3.98559],[-43.67693,-3.98785],[-43.67362,-3.98621],[-43.67221,-3.98749],[-43.67268,-3.98885],[-43.66991,-3.99479],[-43.65989,-4.0013],[-43.65559,-4.0076],[-43.64598,-4.00631],[-43.6415,-4.0097],[-43.64069,-4.01291],[-43.63765,-4.01575],[-43.6346,-4.0151],[-43.6326,-4.0169],[-43.63229,-4.02009],[-43.62334,-4.03117],[-43.61508,-4.03051],[-43.61199,-4.03461],[-43.6101,-4.04108],[-43.60219,-4.04371],[-43.5993,-4.05848],[-43.6013,-4.07433],[-43.598,-4.08249],[-43.601,-4.09333],[-43.5948,-4.1055],[-43.5968,-4.10781],[-43.59739,-4.11298],[-43.60089,-4.11669],[-43.60559,-4.12513],[-43.6022,-4.1291],[-43.6013,-4.13239],[-43.59479,-4.13631],[-43.5883,-4.14679],[-43.5892,-4.14994],[-43.5879,-4.15859],[-43.5912,-4.1628],[-43.591,-4.16661],[-43.5942,-4.17172],[-43.598,-4.1825],[-43.5953,-4.18949],[-43.5968,-4.19777],[-43.5933,-4.20092],[-43.59481,-4.20721],[-43.59951,-4.20962],[-43.6023,-4.2151],[-43.60258,-4.21911],[-43.59459,-4.22837],[-43.51571,-4.1867],[-43.50039,-4.1902],[-43.42913,-4.22323],[-43.26676,-4.07405],[-43.26709,-4.07279],[-43.2088,-4.0184],[-43.18051,-4.0266],[-43.07319,-4.0398],[-43.0006,-4.0506],[-42.86014,-4.07649],[-42.856,-4.0794],[-42.85839,-4.08589],[-42.86972,-4.10412],[-42.87757,-4.10999],[-42.89821,-4.11611],[-42.90149,-4.11888],[-42.9017,-4.12311],[-42.8975,-4.13279],[-42.8873,-4.14729],[-42.8869,-4.1507],[-42.8885,-4.1535],[-42.8901,-4.1551],[-42.8967,-4.1559],[-42.92359,-4.153],[-42.9358,-4.15909],[-42.94581,-4.1713],[-42.95449,-4.1857],[-42.9715,-4.2008],[-42.983,-4.21299],[-42.9864,-4.2205],[-42.9875,-4.23851],[-42.9859,-4.24788],[-42.9848,-4.2835],[-42.9815,-4.30009],[-42.9773,-4.3088],[-42.9653,-4.3221],[-42.9635,-4.3272],[-42.9643,-4.37002],[-42.9629,-4.3761],[-42.95909,-4.38161],[-42.95341,-4.3852],[-42.94859,-4.3855],[-42.93642,-4.3822],[-42.92721,-4.38519],[-42.89658,-4.40221],[-42.87999,-4.4159],[-42.87431,-4.42328],[-42.8711,-4.43],[-42.8777,-4.45019],[-42.87801,-4.45958],[-42.87559,-4.46291],[-42.85361,-4.47429],[-42.8504,-4.48449],[-42.8501,-4.49801],[-42.8522,-4.50601],[-42.87279,-4.53058],[-42.8751,-4.53648],[-42.8672,-4.55858],[-42.8665,-4.56628],[-42.873,-4.5817],[-42.8937,-4.6128],[-42.9009,-4.62831],[-42.91619,-4.65139],[-42.92398,-4.65819],[-42.9446,-4.6717],[-42.95239,-4.67978],[-42.9531,-4.68742],[-42.9492,-4.6995],[-42.94419,-4.70641],[-42.92469,-4.7191],[-42.92229,-4.72333],[-42.9207,-4.7382],[-42.9262,-4.7507],[-42.94191,-4.75861],[-42.94731,-4.76331],[-42.9498,-4.76909],[-42.9504,-4.77521],[-42.94791,-4.78859],[-42.93861,-4.80919],[-42.93029,-4.81791],[-42.9034,-4.83599],[-42.8974,-4.8426],[-42.8933,-4.86279],[-42.8949,-4.88311],[-42.8856,-4.9046],[-42.8735,-4.9153],[-42.86721,-4.92859],[-42.85807,-4.93261],[-42.8552,-4.9345],[-42.8539,-4.93729],[-42.856,-4.94791],[-42.8632,-4.96813],[-42.85741,-4.99229],[-42.84459,-5.02423],[-42.8425,-5.03359],[-42.8413,-5.0557],[-42.8396,-5.06409],[-42.83541,-5.07399],[-42.82351,-5.08838],[-42.8182,-5.09759],[-42.8155,-5.1258],[-42.81201,-5.13828],[-42.8054,-5.14859],[-42.7994,-5.18309],[-42.799,-5.1897],[-42.80141,-5.20133],[-42.80889,-5.2131],[-42.82431,-5.22911],[-42.8282,-5.23479],[-42.8295,-5.23928],[-42.82639,-5.25672],[-42.82319,-5.26441],[-42.8122,-5.28239],[-42.8116,-5.2897],[-42.8135,-5.30842],[-42.8237,-5.34331],[-42.8312,-5.3523],[-42.84659,-5.3613],[-42.86459,-5.36869],[-42.87121,-5.38121],[-42.88102,-5.39011],[-42.88661,-5.3919],[-42.89882,-5.39],[-42.90801,-5.39321],[-42.9131,-5.4008],[-42.92379,-5.43068],[-42.93069,-5.43919],[-42.93959,-5.4424],[-42.95749,-5.44459],[-42.96541,-5.44921],[-42.9697,-5.4576],[-42.9735,-5.48451],[-42.97521,-5.48801],[-42.9885,-5.4986],[-42.9953,-5.50829],[-43.0003,-5.5193],[-43.0008,-5.5322],[-43.00419,-5.54268],[-43.0094,-5.5485],[-43.02079,-5.55679],[-43.0244,-5.56169],[-43.0255,-5.5774],[-43.03318,-5.59208],[-43.03612,-5.5929],[-43.04661,-5.5918],[-43.06178,-5.5977],[-43.08199,-5.59949],[-43.0881,-5.6042],[-43.0949,-5.6149],[-43.0972,-5.6201],[-43.09761,-5.62666],[-43.08469,-5.63441],[-43.0804,-5.64409],[-43.08099,-5.65368],[-43.0886,-5.67163],[-43.0881,-5.67911],[-43.0842,-5.69259],[-43.0817,-5.7092],[-43.0765,-5.72549],[-43.0758,-5.7355],[-43.07761,-5.73961],[-43.08139,-5.7427],[-43.09126,-5.74071],[-43.09418,-5.74218],[-43.1012,-5.75858],[-43.0985,-5.77529],[-43.0983,-5.7903],[-43.09689,-5.79472],[-43.091,-5.80379],[-43.0904,-5.80779],[-43.096,-5.825],[-43.0965,-5.82981],[-43.0944,-5.835],[-43.08511,-5.84718],[-43.0771,-5.8609],[-43.0749,-5.86772],[-43.0772,-5.8741],[-43.0913,-5.8879],[-43.0984,-5.89969],[-43.09931,-5.90548],[-43.09641,-5.9097],[-43.5655,-5.9131],[-43.56551,-5.90958],[-43.5699,-5.90442],[-43.56671,-5.89967],[-43.5714,-5.89331],[-43.5718,-5.8893],[-43.56979,-5.8886],[-43.56351,-5.8916],[-43.56091,-5.89122],[-43.56121,-5.88433],[-43.55911,-5.88161],[-43.55002,-5.879],[-43.551,-5.86941],[-43.54759,-5.86689],[-43.54472,-5.86217],[-43.54801,-5.85867],[-43.5497,-5.8533],[-43.54712,-5.85112],[-43.55019,-5.84901],[-43.5504,-5.84749],[-43.54909,-5.8459],[-43.54308,-5.84549],[-43.54111,-5.84331],[-43.542,-5.8388],[-43.53623,-5.83761],[-43.53511,-5.83634],[-43.5357,-5.83402],[-43.53921,-5.83249],[-43.54451,-5.8251],[-43.54992,-5.82347],[-43.5512,-5.82098],[-43.54921,-5.816],[-43.55285,-5.80766],[-43.55651,-5.8081],[-43.55899,-5.80701],[-43.5601,-5.80461],[-43.5602,-5.79992],[-43.5628,-5.79749],[-43.5608,-5.7939],[-43.5612,-5.7824],[-43.5574,-5.78038],[-43.55691,-5.77801],[-43.56032,-5.7719],[-43.56463,-5.76909],[-43.56832,-5.7686],[-43.57991,-5.7762],[-43.58776,-5.77331],[-43.59209,-5.7755],[-43.59729,-5.7734],[-43.5998,-5.76562],[-43.6003,-5.75841],[-43.60368,-5.75507],[-43.60611,-5.75629],[-43.6124,-5.74649],[-43.6124,-5.74451],[-43.60839,-5.74129],[-43.6062,-5.73762],[-43.61233,-5.73751],[-43.63307,-5.74878],[-43.63518,-5.75169],[-43.64228,-5.75389],[-43.6471,-5.7616],[-43.65166,-5.76022],[-43.65549,-5.7653],[-43.66164,-5.76345],[-43.66519,-5.7666],[-43.66759,-5.76663],[-43.66918,-5.76959],[-43.67238,-5.7704],[-43.6753,-5.76771],[-43.6772,-5.76771],[-43.67988,-5.77179],[-43.68351,-5.77203],[-43.6843,-5.77799],[-43.68629,-5.7789],[-43.69008,-5.77662],[-43.69198,-5.77689],[-43.69611,-5.7828],[-43.69968,-5.78221],[-43.7013,-5.77972],[-43.70267,-5.77999],[-43.70549,-5.78282],[-43.705,-5.7873],[-43.7069,-5.78816],[-43.7065,-5.79679],[-43.71429,-5.7991],[-43.71678,-5.80237],[-43.71581,-5.81087],[-43.7132,-5.81419],[-43.71329,-5.81877],[-43.71699,-5.82259],[-43.7201,-5.8287],[-43.72299,-5.83051],[-43.72331,-5.83292],[-43.72529,-5.83498],[-43.72569,-5.84157],[-43.72899,-5.84587],[-43.72811,-5.84827],[-43.72605,-5.84877],[-43.7227,-5.8452],[-43.71912,-5.8473],[-43.7163,-5.8446],[-43.70941,-5.8441],[-43.7086,-5.85065],[-43.70648,-5.85352],[-43.70072,-5.85668],[-43.69828,-5.86051],[-43.6932,-5.8611],[-43.69029,-5.8651],[-43.6855,-5.8683],[-43.68261,-5.86789],[-43.68089,-5.8639],[-43.67341,-5.86669],[-43.6758,-5.87131],[-43.6759,-5.8754],[-43.6745,-5.88318],[-43.6701,-5.88732],[-43.67071,-5.89],[-43.67609,-5.89021],[-43.6743,-5.89749],[-43.6749,-5.89961],[-43.68468,-5.91158],[-43.69089,-5.9127],[-43.69556,-5.91507],[-43.6919,-5.91939],[-43.69677,-5.92709],[-43.69531,-5.93323],[-43.6973,-5.9378],[-43.69938,-5.93959],[-43.70321,-5.93982],[-43.70808,-5.94686],[-43.70371,-5.95391],[-43.7111,-5.95521],[-43.71219,-5.95689],[-43.7113,-5.961],[-43.71521,-5.96371],[-43.71641,-5.96671],[-43.72193,-5.97201],[-43.7266,-5.9725],[-43.72847,-5.97014],[-43.72978,-5.97078],[-43.73299,-5.97649],[-43.73739,-5.9787],[-43.73901,-5.9823],[-43.74101,-5.9823],[-43.74915,-5.97741],[-43.75711,-5.9805],[-43.76048,-5.98339],[-43.7712,-5.9851],[-43.78,-5.9882],[-43.80332,-5.99071],[-43.80711,-5.99322],[-43.80891,-5.99911],[-43.82549,-6.0057],[-43.82559,-5.9953],[-43.84331,-5.9959],[-43.84441,-6.0037],[-43.9054,-6.0048],[-44.03291,-5.8968],[-44.0348,-5.8915],[-44.04019,-5.88712],[-44.0435,-5.8787],[-44.0452,-5.8772],[-44.05757,-5.87471],[-44.0592,-5.87231],[-44.06381,-5.86958],[-44.06311,-5.86494],[-44.06639,-5.8647],[-44.0686,-5.86012],[-44.06585,-5.85782],[-44.06661,-5.85651],[-44.06981,-5.85649],[-44.0742,-5.85071],[-44.07401,-5.84672],[-44.07147,-5.84438],[-44.07311,-5.84308],[-44.074,-5.83931],[-44.0765,-5.8379],[-44.0719,-5.83161],[-44.07349,-5.82372],[-44.0762,-5.81802],[-44.07531,-5.81622],[-44.07338,-5.81547],[-44.07169,-5.8125],[-44.06924,-5.8129],[-44.0652,-5.8079],[-44.0635,-5.8081],[-44.06209,-5.8061],[-44.05954,-5.80569],[-44.05934,-5.80442],[-44.06088,-5.80398],[-44.05635,-5.8022],[-44.05619,-5.79989],[-44.05241,-5.7975],[-44.04337,-5.79443],[-44.0433,-5.7933],[-44.04083,-5.79417],[-44.0402,-5.7931],[-44.03314,-5.7915],[-44.03289,-5.78898],[-44.03112,-5.78701],[-44.0322,-5.78468],[-44.0301,-5.77772],[-44.0305,-5.77439],[-44.0288,-5.7709],[-44.02521,-5.7687],[-44.02349,-5.76519],[-44.0201,-5.7625],[-44.0166,-5.7621],[-44.01499,-5.7606],[-44.00989,-5.76148],[-44.00781,-5.7598],[-44.00656,-5.76018],[-43.99991,-5.7563],[-43.9993,-5.75181],[-43.99825,-5.75154],[-43.9994,-5.7489],[-43.9946,-5.7469],[-43.99329,-5.74744],[-43.9921,-5.7446],[-43.98931,-5.7442],[-43.98899,-5.7422],[-43.98378,-5.74299],[-43.9785,-5.7411],[-43.9759,-5.7385],[-43.975,-5.7354],[-43.97369,-5.73495],[-43.9758,-5.73349],[-43.97309,-5.72708],[-43.96981,-5.72261],[-43.96791,-5.7224],[-43.96689,-5.7206],[-43.96409,-5.72097],[-43.96091,-5.71691],[-43.95005,-5.70892],[-43.9505,-5.70721],[-43.94908,-5.70616],[-43.9472,-5.69841],[-43.94341,-5.69511],[-43.94131,-5.69091],[-43.93439,-5.68659],[-43.93261,-5.68351],[-43.93309,-5.68108],[-43.93002,-5.67802],[-43.9304,-5.6741],[-43.926,-5.6694],[-43.92436,-5.66973],[-43.92519,-5.6675],[-43.92118,-5.6669],[-43.92167,-5.66419],[-43.9181,-5.6636],[-43.91675,-5.66468],[-43.91221,-5.65663],[-43.91211,-5.65291],[-43.91054,-5.6525],[-43.91029,-5.6511],[-43.90504,-5.65019],[-43.90457,-5.64799],[-43.9032,-5.6478],[-43.90189,-5.64974],[-43.9007,-5.6476],[-43.89771,-5.64805],[-43.8963,-5.63871],[-43.89303,-5.63827],[-43.892,-5.63463],[-43.8955,-5.62552],[-43.89393,-5.62353],[-43.89529,-5.62159],[-43.89343,-5.6198],[-43.89579,-5.6191],[-43.89353,-5.61672],[-43.8949,-5.61461],[-43.8948,-5.6109],[-43.89201,-5.61016],[-43.8922,-5.6066],[-43.88841,-5.59652],[-43.88681,-5.59604],[-43.88609,-5.59038],[-43.88324,-5.589],[-43.88318,-5.58738],[-43.8803,-5.5853],[-43.87678,-5.58568],[-43.87391,-5.5838],[-43.87115,-5.58489],[-43.8692,-5.5815],[-43.86754,-5.58379],[-43.86587,-5.57789],[-43.86109,-5.5768],[-43.85838,-5.57857],[-43.85511,-5.57716],[-43.85489,-5.5746],[-43.85001,-5.5743],[-43.84842,-5.57311],[-43.84728,-5.57382],[-43.84502,-5.57051],[-43.84161,-5.56891],[-43.8421,-5.5665],[-43.8411,-5.5655],[-43.83862,-5.56664],[-43.83798,-5.56479],[-43.83441,-5.5626],[-43.83429,-5.5611],[-43.83035,-5.56041],[-43.82921,-5.55821],[-43.82609,-5.55728],[-43.82591,-5.55332],[-43.82279,-5.55077],[-43.82121,-5.5476],[-43.8217,-5.5461],[-43.81681,-5.54267],[-43.81731,-5.53952],[-43.8201,-5.5387],[-43.81933,-5.53739],[-43.82108,-5.53581],[-43.82481,-5.53649],[-43.82524,-5.53259],[-43.82833,-5.52968],[-43.83748,-5.5267],[-43.83921,-5.5292],[-43.84068,-5.52871],[-43.84111,-5.52542],[-43.8443,-5.5268],[-43.84547,-5.52457],[-43.8485,-5.523],[-43.84874,-5.52087],[-43.8512,-5.5214],[-43.85379,-5.51842],[-43.85434,-5.51371],[-43.85829,-5.51141],[-43.85763,-5.50943],[-43.8594,-5.50849],[-43.85952,-5.50659],[-43.86421,-5.50459],[-43.8664,-5.5008],[-43.86587,-5.4995],[-43.86761,-5.49888],[-43.86583,-5.49603],[-43.8682,-5.49579],[-43.86829,-5.49449],[-43.86631,-5.49327],[-43.8675,-5.49068],[-43.86659,-5.48789],[-43.86384,-5.48686],[-43.8647,-5.4833],[-43.86362,-5.48176],[-43.86492,-5.47959],[-43.8678,-5.4791],[-43.8682,-5.4764],[-43.86622,-5.47452],[-43.8692,-5.47329],[-43.86611,-5.4691],[-43.8661,-5.46732],[-43.86969,-5.46342],[-43.86852,-5.45951],[-43.87089,-5.45731],[-43.86979,-5.45632],[-43.8735,-5.45299],[-43.87014,-5.4506],[-43.8705,-5.44911],[-43.8687,-5.44838],[-43.86829,-5.4467],[-43.86561,-5.44542],[-43.8637,-5.44021],[-43.86135,-5.43856],[-43.86201,-5.43522],[-43.85971,-5.43185],[-43.86021,-5.42928],[-43.8653,-5.4236],[-43.86751,-5.4171],[-43.8707,-5.41469],[-43.86964,-5.4111],[-43.8718,-5.40861],[-43.87036,-5.40654],[-43.873,-5.40549],[-43.8742,-5.4011],[-43.87779,-5.39851],[-43.87683,-5.39751],[-43.87767,-5.39605],[-43.8805,-5.3952],[-43.8813,-5.39121],[-43.88009,-5.38895],[-43.88271,-5.38769],[-43.88349,-5.38584],[-43.87958,-5.38308],[-43.88129,-5.38098],[-43.87885,-5.37823],[-43.87921,-5.37552],[-43.87682,-5.37381],[-43.87641,-5.37153],[-43.87851,-5.37007],[-43.87844,-5.367],[-43.8812,-5.36569],[-43.8826,-5.3609],[-43.8833,-5.35091],[-43.88036,-5.35035],[-43.8796,-5.34571],[-43.88059,-5.34423],[-43.8823,-5.3446],[-43.8835,-5.33909],[-43.88029,-5.33139],[-43.8753,-5.32569],[-43.8718,-5.32398],[-43.87109,-5.3212],[-43.86827,-5.32086],[-43.86762,-5.31968],[-43.86879,-5.31809],[-43.86553,-5.31753],[-43.86588,-5.31426],[-43.86281,-5.3099],[-43.85949,-5.30847],[-43.85629,-5.3019],[-43.85252,-5.3016],[-43.85098,-5.29859],[-43.84448,-5.29969],[-43.84098,-5.29897],[-43.83979,-5.2963],[-43.83717,-5.29749],[-43.83421,-5.2962],[-43.83079,-5.2917],[-43.82489,-5.29328],[-43.82271,-5.28801],[-43.8167,-5.2846],[-43.80259,-5.2852],[-43.80145,-5.28467],[-43.80248,-5.28268],[-43.79852,-5.27931],[-43.78722,-5.27611],[-43.78421,-5.2737],[-44.01688,-5.16671],[-44.00258,-5.16424],[-43.95994,-5.05042],[-43.96538,-5.04212],[-43.97491,-5.04159],[-43.9775,-5.0355],[-43.98339,-5.03131],[-43.9848,-5.02841],[-43.98371,-5.02189],[-43.98671,-5.01558],[-43.98711,-5.01071],[-43.9971,-5.0028],[-44.00859,-4.99761],[-44.0127,-4.99139],[-44.01341,-4.98818],[-44.02083,-4.98009],[-44.03468,-4.97771],[-44.03821,-4.98371],[-44.0431,-4.98619],[-44.04759,-4.9909],[-44.05643,-4.99121],[-44.06362,-4.997],[-44.06551,-4.99649],[-44.06617,-4.9924],[-44.0741,-4.9887],[-44.07746,-4.9854],[-44.0847,-4.9894],[-44.09487,-4.9863],[-44.1019,-4.9886],[-44.10849,-4.9881],[-44.1097,-4.98611],[-44.10911,-4.98158],[-44.1106,-4.97861],[-44.1106,-4.97389],[-44.11298,-4.96992],[-44.12271,-4.9702],[-44.13079,-4.96571],[-44.13292,-4.9633],[-44.14281,-4.9646],[-44.1435,-4.96076],[-44.14469,-4.96038],[-44.14262,-4.95677],[-44.1433,-4.95459],[-44.14199,-4.95159],[-44.13541,-4.9489],[-44.13089,-4.94419],[-44.12862,-4.9415],[-44.12949,-4.93799],[-44.12502,-4.93331],[-44.12291,-4.9331],[-44.12012,-4.93589],[-44.11821,-4.93602],[-44.1192,-4.9341],[-44.11804,-4.93276],[-44.1199,-4.93029],[-44.11857,-4.92812],[-44.1199,-4.9264],[-44.11433,-4.92158],[-44.11669,-4.9215],[-44.1193,-4.9195],[-44.1163,-4.91718],[-44.11311,-4.91166],[-44.11341,-4.90984],[-44.11701,-4.9059],[-44.11931,-4.90509],[-44.12047,-4.90241],[-44.13162,-4.90961],[-44.1377,-4.912],[-44.1456,-4.9059],[-44.1478,-4.9057],[-44.15768,-4.90729],[-44.16029,-4.9094],[-44.17039,-4.9122],[-44.1709,-4.90981],[-44.1692,-4.90469],[-44.16633,-4.9007],[-44.17109,-4.89811],[-44.1727,-4.8952],[-44.17194,-4.8927],[-44.17849,-4.8895],[-44.18319,-4.88871],[-44.18621,-4.87922],[-44.1942,-4.87901],[-44.19841,-4.8822],[-44.20253,-4.8809],[-44.20812,-4.88273],[-44.21191,-4.88823],[-44.21259,-4.89081],[-44.2111,-4.89291],[-44.21719,-4.90758],[-44.21909,-4.9089],[-44.2224,-4.9091],[-44.23629,-4.9056],[-44.24339,-4.9066],[-44.2503,-4.913],[-44.25382,-4.91453],[-44.25619,-4.92318],[-44.25809,-4.92529],[-44.2644,-4.9266],[-44.2677,-4.9222],[-44.26906,-4.9131],[-44.2957,-4.9144],[-44.30658,-4.91191],[-44.3579,-4.895],[-44.358,-4.88939],[-44.3606,-4.8787],[-44.35091,-4.85761],[-44.3467,-4.85459],[-44.34399,-4.84779],[-44.3395,-4.8466],[-44.32849,-4.8474],[-44.325,-4.8462],[-44.3222,-4.84229],[-44.3224,-4.8346],[-44.3171,-4.8367],[-44.31118,-4.8437],[-44.30231,-4.84486],[-44.29959,-4.83739],[-44.29557,-4.83659],[-44.2917,-4.8318],[-44.2863,-4.8301],[-44.2845,-4.82779],[-44.28439,-4.8246],[-44.27739,-4.8242],[-44.27456,-4.82647],[-44.2688,-4.8232],[-44.263,-4.8161],[-44.25394,-4.81619],[-44.2444,-4.7953],[-44.24132,-4.79271],[-44.23622,-4.79211],[-44.23339,-4.78969],[-44.2276,-4.78021],[-44.22799,-4.77516],[-44.2235,-4.7683],[-44.22031,-4.75942],[-44.19761,-4.7293],[-44.2032,-4.7129],[-44.20269,-4.70968],[-44.1995,-4.70519],[-44.1992,-4.69109],[-44.2086,-4.67461],[-44.2047,-4.668],[-44.2045,-4.66371],[-44.20321,-4.66181],[-44.20418,-4.65786],[-44.206,-4.65719],[-44.20606,-4.65556],[-44.21668,-4.65211],[-44.22038,-4.64784],[-44.22171,-4.6485],[-44.22661,-4.64559],[-44.2319,-4.6325],[-44.234,-4.6217],[-44.23141,-4.6179],[-44.22728,-4.61668],[-44.222,-4.61009],[-44.2203,-4.60542],[-44.22237,-4.59805],[-44.23018,-4.59591],[-44.2309,-4.59338],[-44.2298,-4.5899],[-44.23,-4.58259],[-44.22751,-4.57851],[-44.22248,-4.57746],[-44.2214,-4.57001],[-44.2193,-4.5683],[-44.2166,-4.5473],[-44.20862,-4.54511],[-44.2036,-4.5352],[-44.19931,-4.53221],[-44.1961,-4.52773],[-44.34759,-4.5582],[-44.4308,-4.4808],[-44.4236,-4.41529],[-44.39596,-4.31831],[-44.40669,-4.3213],[-44.4044,-4.3191],[-44.4041,-4.31188],[-44.40099,-4.29769],[-44.39859,-4.2951],[-44.3858,-4.2917],[-44.37991,-4.28231],[-44.37239,-4.2809],[-44.36521,-4.2759],[-44.3627,-4.2716],[-44.35921,-4.27121],[-44.35651,-4.2684],[-44.33559,-4.2683],[-44.32533,-4.27267],[-44.3207,-4.2687],[-44.30059,-4.2694],[-44.29811,-4.27088],[-44.29691,-4.27359],[-44.29062,-4.27539],[-44.28241,-4.2807],[-44.27191,-4.2798],[-44.26785,-4.27768],[-44.34281,-4.10003],[-44.4469,-4.1292],[-44.4474,-4.12809],[-44.44498,-4.12562],[-44.45029,-4.12281],[-44.45189,-4.11976],[-44.45026,-4.11599],[-44.45171,-4.11629],[-44.45385,-4.11188],[-44.45762,-4.1129],[-44.4605,-4.11101],[-44.4597,-4.1078],[-44.45627,-4.10802],[-44.4586,-4.09899],[-44.458,-4.0981],[-44.45533,-4.09885],[-44.45501,-4.09712],[-44.45692,-4.09384],[-44.46,-4.09319],[-44.45811,-4.08982],[-44.45811,-4.08705],[-44.46279,-4.0859]]]}},{"type":"Feature","properties":{"id":2104,"n":"Presidente Dutra","nm":28,"ap":365041,"cp":291629,"lx":-44.32596,"ly":-6.32783},"geometry":{"type":"Polygon","coordinates":[[[-45.94809,-6.674],[-45.9425,-6.6699],[-45.94039,-6.66539],[-45.93301,-6.66021],[-45.9312,-6.65482],[-45.93149,-6.65137],[-45.92772,-6.64721],[-45.9108,-6.6416],[-45.8942,-6.6439],[-45.8879,-6.6351],[-45.88728,-6.63179],[-45.88609,-6.6311],[-45.88406,-6.63219],[-45.87909,-6.63048],[-45.87529,-6.62678],[-45.87418,-6.62309],[-45.8597,-6.61539],[-45.85421,-6.60811],[-45.8501,-6.60529],[-45.84999,-6.6002],[-45.843,-6.601],[-45.83829,-6.59839],[-45.83071,-6.5967],[-45.81439,-6.5987],[-45.80612,-6.59541],[-45.8028,-6.5911],[-45.80041,-6.5906],[-45.79709,-6.58639],[-45.794,-6.5852],[-45.7919,-6.5852],[-45.78962,-6.58927],[-45.78791,-6.59],[-45.77969,-6.5895],[-45.77613,-6.58831],[-45.77538,-6.58549],[-45.76761,-6.58271],[-45.76673,-6.58172],[-45.7676,-6.57839],[-45.7629,-6.57251],[-45.76169,-6.56749],[-45.75929,-6.5666],[-45.75268,-6.56847],[-45.7494,-6.56301],[-45.7496,-6.5597],[-45.74512,-6.55708],[-45.74419,-6.55359],[-45.73872,-6.54952],[-45.73919,-6.54188],[-45.73283,-6.53722],[-45.73329,-6.536],[-45.73159,-6.5339],[-45.72782,-6.53321],[-45.72245,-6.52993],[-45.7257,-6.52629],[-45.72525,-6.52381],[-45.7269,-6.5242],[-45.72951,-6.52178],[-45.7299,-6.518],[-45.729,-6.51489],[-45.71931,-6.50361],[-45.71711,-6.49551],[-45.71289,-6.48927],[-45.7122,-6.48667],[-45.71379,-6.47792],[-45.7178,-6.47151],[-45.71442,-6.46841],[-45.71216,-6.46939],[-45.7063,-6.4681],[-45.6981,-6.4721],[-45.69208,-6.4712],[-45.6888,-6.4718],[-45.68726,-6.47441],[-45.68201,-6.4749],[-45.67839,-6.47429],[-45.6727,-6.4702],[-45.66182,-6.47788],[-45.65652,-6.47471],[-45.65259,-6.4747],[-45.644,-6.4713],[-45.63462,-6.47339],[-45.63307,-6.4762],[-45.62833,-6.47699],[-45.62618,-6.47069],[-45.6218,-6.4693],[-45.61929,-6.46989],[-45.6091,-6.4651],[-45.60299,-6.46502],[-45.60289,-6.4625],[-45.59298,-6.46048],[-45.5881,-6.45108],[-45.5886,-6.44791],[-45.58721,-6.4472],[-45.58213,-6.44858],[-45.5791,-6.4516],[-45.5734,-6.4526],[-45.55401,-6.4529],[-45.54976,-6.44964],[-45.5507,-6.44839],[-45.54769,-6.44209],[-45.54342,-6.43901],[-45.51818,-6.4376],[-45.5161,-6.43667],[-45.51149,-6.42819],[-45.5056,-6.4252],[-45.50268,-6.42508],[-45.5002,-6.4205],[-45.49652,-6.4187],[-45.49325,-6.42184],[-45.49189,-6.4209],[-45.49019,-6.4223],[-45.48816,-6.42674],[-45.48568,-6.4227],[-45.4821,-6.42469],[-45.47957,-6.42857],[-45.47791,-6.42651],[-45.47561,-6.42818],[-45.47292,-6.4272],[-45.47268,-6.42568],[-45.47509,-6.4252],[-45.4735,-6.423],[-45.46947,-6.42427],[-45.46709,-6.4218],[-45.46152,-6.42249],[-45.46006,-6.42559],[-45.4567,-6.42666],[-45.45389,-6.42498],[-45.4522,-6.4221],[-45.44771,-6.42497],[-45.44411,-6.4223],[-45.44125,-6.4248],[-45.43742,-6.4233],[-45.43586,-6.4242],[-45.4274,-6.4227],[-45.42491,-6.42699],[-45.42109,-6.4299],[-45.4181,-6.42968],[-45.41671,-6.42761],[-45.4136,-6.42989],[-45.41093,-6.42941],[-45.40809,-6.4266],[-45.4054,-6.4267],[-45.39565,-6.43146],[-45.39151,-6.42271],[-45.38662,-6.42199],[-45.3841,-6.42],[-45.38034,-6.42217],[-45.37789,-6.42078],[-45.3784,-6.4175],[-45.37703,-6.41745],[-45.37609,-6.4143],[-45.37158,-6.41379],[-45.36821,-6.4113],[-45.3643,-6.4127],[-45.3554,-6.4077],[-45.3506,-6.4075],[-45.34938,-6.41013],[-45.34481,-6.4066],[-45.33799,-6.406],[-45.3341,-6.40777],[-45.3329,-6.40638],[-45.3336,-6.4006],[-45.32714,-6.39851],[-45.32698,-6.39549],[-45.32449,-6.3946],[-45.31765,-6.39649],[-45.31501,-6.394],[-45.30616,-6.39409],[-45.30273,-6.39281],[-45.30241,-6.38944],[-45.3054,-6.38938],[-45.30271,-6.37663],[-45.30082,-6.37442],[-45.28905,-6.37479],[-45.2887,-6.37211],[-45.28662,-6.37051],[-45.286,-6.36659],[-45.284,-6.3642],[-45.2805,-6.3634],[-45.27384,-6.36458],[-45.27309,-6.3628],[-45.26789,-6.36195],[-45.2726,-6.35929],[-45.2731,-6.35739],[-45.27042,-6.35299],[-45.27988,-6.34189],[-45.27539,-6.3405],[-45.26418,-6.34321],[-45.26021,-6.34767],[-45.25775,-6.34712],[-45.25618,-6.34399],[-45.25215,-6.3433],[-45.25158,-6.34119],[-45.24651,-6.3389],[-45.24617,-6.34068],[-45.2423,-6.3387],[-45.236,-6.3382],[-45.23429,-6.33409],[-45.22873,-6.3312],[-45.22678,-6.32849],[-45.21946,-6.32723],[-45.21941,-6.3256],[-45.22199,-6.32379],[-45.21703,-6.32131],[-45.21559,-6.3178],[-45.213,-6.3175],[-45.2087,-6.3199],[-45.20851,-6.32131],[-45.21113,-6.32342],[-45.2087,-6.3254],[-45.21018,-6.32812],[-45.20791,-6.33043],[-45.2067,-6.3286],[-45.19812,-6.32753],[-45.19885,-6.32493],[-45.2017,-6.3259],[-45.202,-6.32309],[-45.1999,-6.3199],[-45.19192,-6.31701],[-45.19029,-6.314],[-45.17407,-6.31299],[-45.16971,-6.31011],[-45.1695,-6.30511],[-45.16631,-6.30509],[-45.16469,-6.302],[-45.15919,-6.3028],[-45.15439,-6.3018],[-45.15165,-6.30462],[-45.1445,-6.3061],[-45.14182,-6.30808],[-45.14101,-6.30686],[-45.1427,-6.30071],[-45.14009,-6.301],[-45.137,-6.3033],[-45.1373,-6.30737],[-45.12902,-6.3063],[-45.12722,-6.30709],[-45.11751,-6.31549],[-45.11259,-6.3152],[-45.11097,-6.31882],[-45.10403,-6.32309],[-45.1025,-6.32235],[-45.10249,-6.31999],[-45.09714,-6.31831],[-45.09639,-6.31669],[-45.09273,-6.31521],[-45.09,-6.3154],[-45.0878,-6.31859],[-45.08767,-6.32451],[-45.0863,-6.32517],[-45.08408,-6.3228],[-45.07871,-6.3254],[-45.0744,-6.3247],[-45.07259,-6.32832],[-45.07259,-6.33208],[-45.0785,-6.3375],[-45.07832,-6.33921],[-45.0755,-6.3383],[-45.0744,-6.3393],[-45.0757,-6.34338],[-45.07319,-6.34502],[-45.07271,-6.34702],[-45.075,-6.3502],[-45.07353,-6.35199],[-45.06702,-6.3479],[-45.06451,-6.35088],[-45.06222,-6.3515],[-45.05571,-6.3495],[-45.0521,-6.35029],[-45.04601,-6.3443],[-45.04398,-6.3442],[-45.03429,-6.3482],[-45.02759,-6.3482],[-45.02373,-6.35049],[-45.01609,-6.3489],[-45.00869,-6.3498],[-45.00474,-6.35229],[-44.99122,-6.349],[-44.98557,-6.3514],[-44.97648,-6.34259],[-44.97328,-6.34229],[-44.9691,-6.3399],[-44.96519,-6.34019],[-44.9633,-6.3379],[-44.9585,-6.33619],[-44.95629,-6.3332],[-44.95048,-6.33574],[-44.94898,-6.32448],[-44.93581,-6.31479],[-44.9358,-6.31099],[-44.93141,-6.30131],[-44.92383,-6.29741],[-44.91983,-6.29362],[-44.9207,-6.28899],[-44.9188,-6.2767],[-44.91751,-6.27321],[-44.9116,-6.26889],[-44.9117,-6.25771],[-44.90468,-6.25168],[-44.90112,-6.24652],[-44.90189,-6.24096],[-44.89749,-6.23097],[-44.8938,-6.22631],[-44.8943,-6.2202],[-44.89281,-6.21602],[-44.89361,-6.20943],[-44.88866,-6.21159],[-44.88159,-6.20559],[-44.87879,-6.2023],[-44.87381,-6.19121],[-44.8721,-6.18121],[-44.8705,-6.1809],[-44.86896,-6.18285],[-44.868,-6.1813],[-44.8683,-6.17092],[-44.87479,-6.16392],[-44.87421,-6.16241],[-44.87001,-6.1593],[-44.86959,-6.1575],[-44.86701,-6.1568],[-44.86638,-6.16205],[-44.86319,-6.1613],[-44.86061,-6.16427],[-44.85946,-6.16411],[-44.85391,-6.15701],[-44.85208,-6.15705],[-44.84999,-6.15219],[-44.84007,-6.14868],[-44.83618,-6.14519],[-44.8343,-6.1448],[-44.83217,-6.14632],[-44.8274,-6.1431],[-44.82491,-6.14337],[-44.82471,-6.13991],[-44.8192,-6.1359],[-44.8169,-6.1288],[-44.81422,-6.12492],[-44.80851,-6.12469],[-44.80639,-6.1203],[-44.79972,-6.11762],[-44.83931,-5.99747],[-44.8465,-5.98331],[-44.8431,-5.97103],[-44.8449,-5.96429],[-44.84081,-5.95554],[-44.8417,-5.95369],[-44.8345,-5.94519],[-44.8359,-5.9386],[-44.8377,-5.93511],[-44.83981,-5.93408],[-44.8411,-5.93061],[-44.84042,-5.92955],[-44.84631,-5.90808],[-44.85199,-5.90083],[-44.85194,-5.89786],[-44.86871,-5.88709],[-44.87449,-5.88092],[-44.87651,-5.87379],[-44.8875,-5.86061],[-44.8885,-5.85721],[-44.89129,-5.85551],[-44.89162,-5.85187],[-44.89739,-5.84493],[-44.89694,-5.84149],[-44.90362,-5.83789],[-44.90669,-5.83401],[-44.90971,-5.83319],[-44.9122,-5.82841],[-44.9115,-5.81699],[-44.9135,-5.8067],[-44.91459,-5.80402],[-44.9183,-5.8017],[-44.92421,-5.79467],[-44.9252,-5.78578],[-44.9219,-5.77131],[-44.9247,-5.76292],[-44.9227,-5.7534],[-44.9232,-5.73868],[-44.9214,-5.72742],[-44.9222,-5.71759],[-44.9214,-5.70898],[-44.9191,-5.7021],[-44.9203,-5.68839],[-44.9233,-5.68081],[-44.92411,-5.6738],[-44.93019,-5.66901],[-44.93439,-5.66371],[-44.9385,-5.6545],[-44.94561,-5.64699],[-44.9581,-5.641],[-44.96359,-5.63531],[-44.9682,-5.62629],[-44.9678,-5.6231],[-44.969,-5.6209],[-44.9681,-5.6114],[-44.96591,-5.60582],[-44.9631,-5.60279],[-44.9626,-5.59418],[-44.9578,-5.57694],[-44.95859,-5.57289],[-44.95723,-5.5722],[-44.95681,-5.5697],[-44.9586,-5.56291],[-44.957,-5.55603],[-44.95859,-5.54092],[-44.96489,-5.53232],[-44.9654,-5.52881],[-44.9609,-5.51591],[-44.96581,-5.51237],[-44.9656,-5.50571],[-44.967,-5.5022],[-44.96159,-5.50178],[-44.9578,-5.494],[-44.95403,-5.49488],[-44.95291,-5.49401],[-44.9514,-5.49198],[-44.9516,-5.48569],[-44.95029,-5.48279],[-44.94829,-5.4809],[-44.94418,-5.48103],[-44.94181,-5.47083],[-44.9433,-5.46771],[-44.94222,-5.46678],[-44.9428,-5.4653],[-44.94009,-5.46374],[-44.9395,-5.461],[-44.93693,-5.4609],[-44.9393,-5.4567],[-44.9405,-5.4509],[-44.93969,-5.4495],[-44.9339,-5.44897],[-44.93402,-5.44407],[-44.93639,-5.4444],[-44.93713,-5.44284],[-44.9395,-5.4438],[-44.9398,-5.44231],[-44.93681,-5.4381],[-44.9353,-5.43099],[-44.931,-5.42761],[-44.93042,-5.42483],[-44.9325,-5.42359],[-44.9325,-5.422],[-44.92868,-5.42033],[-44.92804,-5.41798],[-44.9295,-5.4178],[-44.9308,-5.41281],[-44.92928,-5.41254],[-44.92839,-5.40699],[-44.92561,-5.4052],[-44.92322,-5.41028],[-44.92169,-5.40955],[-44.92111,-5.40641],[-44.92219,-5.40539],[-44.92023,-5.40311],[-44.9222,-5.40011],[-44.92051,-5.39426],[-44.92237,-5.39212],[-44.9239,-5.3921],[-44.9259,-5.38731],[-44.92449,-5.3832],[-44.92031,-5.38186],[-44.9184,-5.3716],[-44.91422,-5.37259],[-44.91319,-5.3745],[-44.91089,-5.37528],[-44.90677,-5.36819],[-44.9048,-5.3677],[-44.89938,-5.37041],[-44.89327,-5.37085],[-44.89092,-5.36465],[-44.89132,-5.3614],[-44.89381,-5.35978],[-44.895,-5.35521],[-44.88793,-5.35031],[-44.88198,-5.35057],[-44.87379,-5.3432],[-44.86996,-5.34365],[-44.86739,-5.33549],[-44.86351,-5.3321],[-44.86393,-5.3306],[-44.8683,-5.32829],[-44.8672,-5.3216],[-44.86318,-5.31909],[-44.85252,-5.3163],[-44.85001,-5.30452],[-44.84771,-5.3039],[-44.84659,-5.30179],[-44.84011,-5.2986],[-44.83917,-5.30072],[-44.83741,-5.30041],[-44.83691,-5.29821],[-44.83829,-5.29472],[-44.83751,-5.28902],[-44.83599,-5.28639],[-44.83,-5.2825],[-44.8313,-5.27941],[-44.83042,-5.27563],[-44.82355,-5.27497],[-44.82063,-5.27207],[-44.822,-5.27089],[-44.8215,-5.26781],[-44.81818,-5.26704],[-44.81561,-5.25917],[-44.81989,-5.25759],[-44.81568,-5.25401],[-44.81141,-5.2572],[-44.8082,-5.2578],[-44.80866,-5.26363],[-44.80398,-5.26721],[-44.8005,-5.26608],[-44.8061,-5.25871],[-44.804,-5.25797],[-44.80489,-5.25468],[-44.8037,-5.25305],[-44.80451,-5.24426],[-44.8062,-5.2437],[-44.80618,-5.24085],[-44.81259,-5.2421],[-44.81311,-5.2403],[-44.8156,-5.23899],[-44.81529,-5.23689],[-44.81279,-5.23538],[-44.8125,-5.2327],[-44.81052,-5.23079],[-44.8143,-5.2284],[-44.81871,-5.2287],[-44.8197,-5.22571],[-44.81541,-5.2242],[-44.8138,-5.2203],[-44.81179,-5.2231],[-44.80748,-5.22518],[-44.8065,-5.22156],[-44.80949,-5.22048],[-44.80859,-5.2195],[-44.80529,-5.2198],[-44.79791,-5.2158],[-44.8,-5.21112],[-44.7992,-5.21],[-44.79669,-5.21049],[-44.79179,-5.2086],[-44.7897,-5.21129],[-44.79274,-5.21493],[-44.78973,-5.2161],[-44.78281,-5.2107],[-44.77434,-5.21239],[-44.77168,-5.21123],[-44.7748,-5.20781],[-44.77639,-5.201],[-44.77292,-5.20079],[-44.76998,-5.20376],[-44.76654,-5.19981],[-44.7699,-5.19459],[-44.76941,-5.19113],[-44.7662,-5.18797],[-44.76631,-5.18361],[-44.76309,-5.1814],[-44.76141,-5.18205],[-44.75831,-5.17822],[-44.7646,-5.1732],[-44.765,-5.16991],[-44.7614,-5.1678],[-44.7603,-5.1652],[-44.75607,-5.16607],[-44.7547,-5.1634],[-44.75279,-5.16298],[-44.7538,-5.1613],[-44.75153,-5.15891],[-44.74133,-5.15632],[-44.7384,-5.1501],[-44.73663,-5.1496],[-44.73522,-5.14693],[-44.7356,-5.1452],[-44.73268,-5.14526],[-44.72932,-5.14161],[-44.72816,-5.14465],[-44.72431,-5.14468],[-44.72253,-5.1499],[-44.72071,-5.1473],[-44.71898,-5.14789],[-44.716,-5.1465],[-44.71493,-5.14526],[-44.71619,-5.14349],[-44.71003,-5.14052],[-44.7106,-5.13773],[-44.7122,-5.1374],[-44.71151,-5.13473],[-44.70549,-5.12968],[-44.7049,-5.1272],[-44.70261,-5.1268],[-44.70119,-5.125],[-44.69753,-5.1259],[-44.69683,-5.12494],[-44.69631,-5.11888],[-44.6982,-5.1137],[-44.69582,-5.11174],[-44.6966,-5.10911],[-44.6942,-5.1087],[-44.69217,-5.1107],[-44.6913,-5.1051],[-44.6894,-5.1032],[-44.68762,-5.10499],[-44.68349,-5.10549],[-44.68173,-5.10371],[-44.6831,-5.10131],[-44.68231,-5.09752],[-44.67692,-5.09631],[-44.6753,-5.0948],[-44.67479,-5.0895],[-44.67271,-5.0904],[-44.66841,-5.0896],[-44.66554,-5.09347],[-44.6628,-5.0929],[-44.66092,-5.09428],[-44.65588,-5.09008],[-44.65737,-5.08772],[-44.6603,-5.08671],[-44.65679,-5.08376],[-44.6577,-5.0802],[-44.65573,-5.07837],[-44.6564,-5.07361],[-44.65794,-5.06981],[-44.66241,-5.0691],[-44.66579,-5.06621],[-44.66291,-5.06528],[-44.6626,-5.06291],[-44.6629,-5.06049],[-44.6661,-5.05719],[-44.66549,-5.05518],[-44.66102,-5.04982],[-44.6586,-5.0497],[-44.65629,-5.0517],[-44.65218,-5.05111],[-44.64838,-5.0592],[-44.64223,-5.06089],[-44.63858,-5.05988],[-44.63858,-5.05674],[-44.64229,-5.05468],[-44.64,-5.05],[-44.63491,-5.05008],[-44.6356,-5.0464],[-44.63449,-5.046],[-44.6383,-5.04289],[-44.6392,-5.03771],[-44.6343,-5.0355],[-44.63191,-5.02975],[-44.6326,-5.02701],[-44.62912,-5.02241],[-44.62831,-5.01931],[-44.62354,-5.02077],[-44.62221,-5.01741],[-44.61768,-5.01457],[-44.61696,-5.01315],[-44.6199,-5.01051],[-44.621,-5.0071],[-44.61737,-5.00595],[-44.61601,-5.00131],[-44.60921,-4.9996],[-44.6085,-5.0006],[-44.60951,-5.00254],[-44.60775,-5.0026],[-44.60809,-5.00119],[-44.60448,-5.00045],[-44.60448,-4.99316],[-44.6068,-4.9931],[-44.60898,-4.99082],[-44.60777,-4.99012],[-44.61029,-4.98682],[-44.609,-4.9853],[-44.60623,-4.98503],[-44.606,-4.9828],[-44.60933,-4.9802],[-44.61271,-4.98239],[-44.61639,-4.97771],[-44.61432,-4.97454],[-44.6157,-4.97112],[-44.61461,-4.97057],[-44.61615,-4.96888],[-44.61711,-4.97039],[-44.6184,-4.96852],[-44.6203,-4.9687],[-44.6203,-4.96489],[-44.61669,-4.96017],[-44.61629,-4.95587],[-44.6113,-4.95033],[-44.6111,-4.94557],[-44.6144,-4.93894],[-44.6176,-4.9368],[-44.61594,-4.9338],[-44.6173,-4.93158],[-44.61527,-4.92451],[-44.62047,-4.92421],[-44.6238,-4.9226],[-44.62413,-4.92103],[-44.62718,-4.92022],[-44.6273,-4.9191],[-44.62555,-4.91837],[-44.62607,-4.91726],[-44.63059,-4.91501],[-44.62977,-4.91406],[-44.6319,-4.91249],[-44.6322,-4.90941],[-44.62899,-4.90857],[-44.62871,-4.90471],[-44.62181,-4.90374],[-44.6222,-4.9006],[-44.61846,-4.90102],[-44.6177,-4.8988],[-44.61615,-4.89828],[-44.61689,-4.89639],[-44.61502,-4.8946],[-44.61547,-4.89338],[-44.6178,-4.89469],[-44.6189,-4.89348],[-44.61579,-4.89025],[-44.61959,-4.8903],[-44.62042,-4.88795],[-44.6243,-4.8879],[-44.62591,-4.88443],[-44.62824,-4.88372],[-44.6272,-4.887],[-44.63059,-4.88651],[-44.63174,-4.88248],[-44.63381,-4.88339],[-44.63352,-4.88067],[-44.63489,-4.87825],[-44.63719,-4.8794],[-44.63901,-4.87742],[-44.6412,-4.8782],[-44.64112,-4.87504],[-44.6434,-4.87479],[-44.64002,-4.86854],[-44.6418,-4.86682],[-44.64061,-4.86188],[-44.6442,-4.86069],[-44.6444,-4.8585],[-44.64301,-4.85701],[-44.63859,-4.86251],[-44.51418,-4.9759],[-44.41174,-4.97569],[-44.4112,-4.97269],[-44.4139,-4.96321],[-44.41328,-4.95076],[-44.40813,-4.94681],[-44.39881,-4.94291],[-44.37959,-4.92739],[-44.3776,-4.91789],[-44.3753,-4.915],[-44.35889,-4.90599],[-44.3579,-4.895],[-44.30651,-4.91192],[-44.29572,-4.9144],[-44.269,-4.9131],[-44.2677,-4.92221],[-44.26441,-4.92659],[-44.25809,-4.92529],[-44.2562,-4.92319],[-44.2538,-4.9145],[-44.25031,-4.91301],[-44.24339,-4.90659],[-44.2363,-4.9056],[-44.22241,-4.9091],[-44.21908,-4.90889],[-44.21719,-4.90757],[-44.21112,-4.89294],[-44.2126,-4.8908],[-44.21189,-4.88818],[-44.20811,-4.88271],[-44.20252,-4.8809],[-44.19841,-4.8822],[-44.19419,-4.879],[-44.1862,-4.8792],[-44.18321,-4.88869],[-44.1785,-4.8895],[-44.1719,-4.8927],[-44.17269,-4.89521],[-44.17113,-4.89806],[-44.1663,-4.9007],[-44.1692,-4.90469],[-44.17089,-4.90981],[-44.17034,-4.91219],[-44.16029,-4.9094],[-44.15771,-4.9073],[-44.14781,-4.9057],[-44.1456,-4.9059],[-44.13769,-4.912],[-44.13161,-4.90961],[-44.1205,-4.90231],[-44.11931,-4.90507],[-44.1134,-4.9098],[-44.1131,-4.91168],[-44.11631,-4.91721],[-44.11928,-4.91949],[-44.11669,-4.92149],[-44.1143,-4.92159],[-44.11986,-4.92634],[-44.1185,-4.92819],[-44.11989,-4.9303],[-44.11801,-4.93278],[-44.11917,-4.93409],[-44.1181,-4.9361],[-44.12011,-4.9359],[-44.1229,-4.93312],[-44.12502,-4.93332],[-44.12948,-4.93799],[-44.1286,-4.94149],[-44.13089,-4.94419],[-44.13539,-4.94889],[-44.14201,-4.95163],[-44.14329,-4.9546],[-44.1426,-4.9568],[-44.14462,-4.9603],[-44.1435,-4.96071],[-44.14282,-4.96456],[-44.1329,-4.9633],[-44.13081,-4.96569],[-44.12269,-4.9702],[-44.11298,-4.96991],[-44.1106,-4.9739],[-44.1106,-4.9786],[-44.1091,-4.98159],[-44.1097,-4.98609],[-44.10848,-4.98811],[-44.10187,-4.9886],[-44.09489,-4.9863],[-44.08468,-4.9894],[-44.07748,-4.9854],[-44.07409,-4.98871],[-44.06611,-4.9924],[-44.06551,-4.99647],[-44.06364,-4.99699],[-44.05641,-4.9912],[-44.0476,-4.9909],[-44.04311,-4.9862],[-44.03819,-4.98369],[-44.03469,-4.9777],[-44.02082,-4.98009],[-44.01341,-4.98818],[-44.0127,-4.9914],[-44.00858,-4.99761],[-43.9971,-5.0028],[-43.9871,-5.0107],[-43.9867,-5.0156],[-43.9837,-5.02189],[-43.9848,-5.02841],[-43.98338,-5.03132],[-43.9775,-5.0355],[-43.97493,-5.04156],[-43.9654,-5.0421],[-43.9599,-5.05049],[-44.00259,-5.16428],[-44.0166,-5.16682],[-43.78411,-5.27369],[-43.78719,-5.2761],[-43.79851,-5.27931],[-43.80245,-5.28266],[-43.8014,-5.2847],[-43.8026,-5.2852],[-43.81668,-5.2846],[-43.82271,-5.28802],[-43.8249,-5.2933],[-43.8308,-5.29171],[-43.83419,-5.29619],[-43.83719,-5.2975],[-43.83974,-5.29635],[-43.84099,-5.29899],[-43.84449,-5.2997],[-43.85095,-5.29858],[-43.85249,-5.30159],[-43.85624,-5.3019],[-43.85949,-5.30849],[-43.86278,-5.30989],[-43.86588,-5.31426],[-43.8655,-5.31759],[-43.86869,-5.31804],[-43.8676,-5.3197],[-43.86829,-5.32088],[-43.87107,-5.32121],[-43.87179,-5.32398],[-43.87529,-5.32569],[-43.8803,-5.3314],[-43.8835,-5.33909],[-43.88232,-5.34453],[-43.88059,-5.3442],[-43.8796,-5.34569],[-43.88038,-5.35038],[-43.8833,-5.35094],[-43.88258,-5.3609],[-43.88121,-5.36566],[-43.8784,-5.367],[-43.87851,-5.37006],[-43.8764,-5.37149],[-43.87682,-5.37382],[-43.87921,-5.37554],[-43.87881,-5.37821],[-43.88126,-5.38093],[-43.87951,-5.3831],[-43.88348,-5.38583],[-43.88268,-5.38771],[-43.8801,-5.3889],[-43.88129,-5.39122],[-43.8805,-5.39519],[-43.87769,-5.39601],[-43.8768,-5.39749],[-43.87774,-5.39852],[-43.8742,-5.4011],[-43.87301,-5.40544],[-43.87031,-5.40659],[-43.87179,-5.40859],[-43.8696,-5.41111],[-43.87069,-5.41469],[-43.8675,-5.4171],[-43.8653,-5.4236],[-43.86022,-5.42926],[-43.8597,-5.43188],[-43.86201,-5.43523],[-43.8613,-5.43851],[-43.86371,-5.44026],[-43.86561,-5.44542],[-43.86827,-5.44671],[-43.86871,-5.44841],[-43.87048,-5.44914],[-43.8701,-5.45059],[-43.87347,-5.45295],[-43.86971,-5.45639],[-43.87083,-5.45734],[-43.8685,-5.45951],[-43.86969,-5.4634],[-43.8661,-5.4673],[-43.8661,-5.46909],[-43.86912,-5.47318],[-43.8662,-5.47458],[-43.8682,-5.47638],[-43.86782,-5.47899],[-43.86491,-5.47959],[-43.8636,-5.48179],[-43.8647,-5.4833],[-43.8638,-5.4869],[-43.8666,-5.48792],[-43.86749,-5.49065],[-43.8663,-5.4933],[-43.86827,-5.49449],[-43.86821,-5.49571],[-43.8658,-5.49592],[-43.86762,-5.49884],[-43.8658,-5.4995],[-43.86638,-5.50082],[-43.86418,-5.5046],[-43.8595,-5.5066],[-43.85938,-5.50849],[-43.8576,-5.5094],[-43.85826,-5.51144],[-43.8543,-5.5137],[-43.85379,-5.51841],[-43.85124,-5.52135],[-43.84873,-5.52087],[-43.8485,-5.52298],[-43.84541,-5.52459],[-43.84431,-5.52679],[-43.8411,-5.5254],[-43.84063,-5.52872],[-43.8392,-5.52915],[-43.83748,-5.5267],[-43.8283,-5.5297],[-43.8252,-5.5326],[-43.82484,-5.53638],[-43.82108,-5.53581],[-43.8193,-5.5374],[-43.81999,-5.53872],[-43.8173,-5.5395],[-43.8168,-5.54269],[-43.82167,-5.54607],[-43.8212,-5.54761],[-43.8228,-5.5508],[-43.82591,-5.55333],[-43.82609,-5.55729],[-43.82918,-5.55819],[-43.83033,-5.56041],[-43.83426,-5.5611],[-43.8344,-5.5626],[-43.83797,-5.56479],[-43.8386,-5.5667],[-43.84114,-5.56553],[-43.84161,-5.56891],[-43.84501,-5.57051],[-43.8473,-5.57389],[-43.84843,-5.57313],[-43.85482,-5.57459],[-43.8551,-5.57719],[-43.85838,-5.57859],[-43.86109,-5.57681],[-43.86584,-5.57788],[-43.86759,-5.58389],[-43.86926,-5.58154],[-43.87111,-5.5849],[-43.87393,-5.58383],[-43.87679,-5.5857],[-43.87846,-5.58495],[-43.8789,-5.5862],[-43.88033,-5.58533],[-43.88317,-5.58738],[-43.88321,-5.589],[-43.88609,-5.59039],[-43.8868,-5.59609],[-43.88842,-5.59653],[-43.8922,-5.60659],[-43.892,-5.61029],[-43.89478,-5.61092],[-43.89489,-5.61461],[-43.8935,-5.61669],[-43.89562,-5.619],[-43.8934,-5.6198],[-43.89526,-5.62158],[-43.8939,-5.62351],[-43.89549,-5.62555],[-43.892,-5.6346],[-43.893,-5.6383],[-43.89629,-5.63873],[-43.8977,-5.64819],[-43.90064,-5.64761],[-43.9019,-5.6498],[-43.90319,-5.64783],[-43.90453,-5.64799],[-43.905,-5.6502],[-43.91026,-5.6511],[-43.91051,-5.6525],[-43.91212,-5.65294],[-43.9122,-5.65661],[-43.91679,-5.66479],[-43.91811,-5.66361],[-43.92159,-5.66418],[-43.92111,-5.6669],[-43.92508,-5.66752],[-43.92439,-5.66979],[-43.926,-5.66944],[-43.93038,-5.67408],[-43.93,-5.678],[-43.93308,-5.68108],[-43.9326,-5.68351],[-43.9344,-5.6866],[-43.94128,-5.69089],[-43.94339,-5.69509],[-43.9472,-5.69841],[-43.94909,-5.70617],[-43.95048,-5.70722],[-43.95,-5.70889],[-43.9609,-5.7169],[-43.96409,-5.72099],[-43.96687,-5.72061],[-43.9679,-5.7224],[-43.96981,-5.72262],[-43.97309,-5.72708],[-43.97572,-5.73335],[-43.9736,-5.735],[-43.97501,-5.73544],[-43.9759,-5.7385],[-43.9785,-5.7411],[-43.9838,-5.743],[-43.98895,-5.74225],[-43.98931,-5.74421],[-43.99208,-5.74462],[-43.99331,-5.7475],[-43.99462,-5.74691],[-43.9993,-5.74885],[-43.9982,-5.7516],[-43.99931,-5.75187],[-43.99991,-5.75631],[-44.00657,-5.76019],[-44.00784,-5.75982],[-44.00989,-5.7615],[-44.01498,-5.7606],[-44.02348,-5.76518],[-44.03049,-5.7744],[-44.0301,-5.7777],[-44.03219,-5.78466],[-44.0311,-5.787],[-44.0329,-5.78902],[-44.0331,-5.79149],[-44.0402,-5.79312],[-44.0408,-5.7942],[-44.04321,-5.79335],[-44.04332,-5.79441],[-44.05242,-5.79751],[-44.05618,-5.7999],[-44.05631,-5.8022],[-44.06071,-5.80387],[-44.0593,-5.8044],[-44.05951,-5.8057],[-44.06521,-5.80792],[-44.06921,-5.8129],[-44.07173,-5.81257],[-44.07619,-5.81798],[-44.0735,-5.82369],[-44.0719,-5.83159],[-44.07648,-5.83781],[-44.074,-5.8393],[-44.0731,-5.8431],[-44.07141,-5.84439],[-44.07401,-5.84674],[-44.0742,-5.85067],[-44.06979,-5.85649],[-44.0666,-5.8565],[-44.06581,-5.85787],[-44.06859,-5.86018],[-44.06638,-5.86469],[-44.0631,-5.8649],[-44.0638,-5.86958],[-44.0592,-5.8723],[-44.05756,-5.87472],[-44.0452,-5.8772],[-44.0435,-5.8787],[-44.0402,-5.8871],[-44.0348,-5.8915],[-44.03289,-5.89681],[-43.90542,-6.00479],[-43.84446,-6.0037],[-43.84339,-5.9959],[-43.82551,-5.9953],[-43.82534,-6.00562],[-43.80892,-5.99911],[-43.8071,-5.99319],[-43.8033,-5.9907],[-43.78,-5.9882],[-43.77121,-5.9851],[-43.7605,-5.98339],[-43.75711,-5.9805],[-43.74912,-5.9774],[-43.74102,-5.98229],[-43.73905,-5.9823],[-43.73739,-5.97869],[-43.73298,-5.97648],[-43.7298,-5.97079],[-43.7285,-5.9701],[-43.72656,-5.9725],[-43.72188,-5.97198],[-43.71639,-5.96669],[-43.7152,-5.9637],[-43.71133,-5.96097],[-43.7122,-5.95689],[-43.71111,-5.95521],[-43.70372,-5.95386],[-43.7081,-5.94689],[-43.70321,-5.93981],[-43.69942,-5.9396],[-43.69729,-5.93779],[-43.69531,-5.93323],[-43.6968,-5.9271],[-43.69191,-5.91938],[-43.6956,-5.9151],[-43.69094,-5.91271],[-43.68468,-5.91157],[-43.67489,-5.89959],[-43.6743,-5.89747],[-43.67609,-5.89019],[-43.67074,-5.88999],[-43.67011,-5.88738],[-43.6745,-5.88319],[-43.6759,-5.87542],[-43.6758,-5.87131],[-43.67343,-5.86669],[-43.68086,-5.86394],[-43.68259,-5.86789],[-43.68551,-5.8683],[-43.69031,-5.86509],[-43.69321,-5.8611],[-43.69828,-5.86051],[-43.70072,-5.85668],[-43.70648,-5.85352],[-43.7086,-5.8507],[-43.70942,-5.84413],[-43.71629,-5.84461],[-43.71911,-5.8473],[-43.72268,-5.84523],[-43.72607,-5.84879],[-43.72811,-5.84828],[-43.729,-5.84589],[-43.72569,-5.84157],[-43.7253,-5.83501],[-43.7233,-5.83291],[-43.72299,-5.83049],[-43.72009,-5.82869],[-43.71698,-5.82258],[-43.7133,-5.81879],[-43.7132,-5.8142],[-43.71581,-5.81087],[-43.71679,-5.80238],[-43.71428,-5.79909],[-43.70651,-5.79679],[-43.7069,-5.7881],[-43.70501,-5.78728],[-43.7055,-5.78281],[-43.70269,-5.78],[-43.7013,-5.7797],[-43.69967,-5.78221],[-43.69612,-5.7828],[-43.69197,-5.77689],[-43.69011,-5.7766],[-43.68627,-5.77889],[-43.6843,-5.77795],[-43.6835,-5.772],[-43.67987,-5.77178],[-43.6772,-5.7677],[-43.67529,-5.76771],[-43.67235,-5.77039],[-43.66919,-5.76959],[-43.66759,-5.7666],[-43.66518,-5.76659],[-43.6616,-5.7634],[-43.65549,-5.76529],[-43.6533,-5.7611],[-43.65159,-5.7602],[-43.64708,-5.76158],[-43.64231,-5.75391],[-43.63519,-5.7517],[-43.63309,-5.74879],[-43.62932,-5.74661],[-43.61839,-5.74169],[-43.61233,-5.73751],[-43.6061,-5.7376],[-43.61239,-5.7445],[-43.6124,-5.74648],[-43.60612,-5.75628],[-43.60369,-5.75501],[-43.6003,-5.75839],[-43.5998,-5.7656],[-43.59728,-5.77338],[-43.59206,-5.77546],[-43.58779,-5.7733],[-43.57991,-5.77619],[-43.5683,-5.7686],[-43.5646,-5.7691],[-43.5603,-5.7719],[-43.5569,-5.77801],[-43.5574,-5.7804],[-43.5612,-5.78244],[-43.5608,-5.79391],[-43.56277,-5.79751],[-43.5602,-5.7999],[-43.5601,-5.8046],[-43.55898,-5.80701],[-43.55651,-5.8081],[-43.55289,-5.80761],[-43.5492,-5.816],[-43.55119,-5.82096],[-43.54991,-5.82348],[-43.54451,-5.82509],[-43.53921,-5.83248],[-43.5357,-5.834],[-43.5351,-5.83638],[-43.54198,-5.83878],[-43.5411,-5.84331],[-43.54308,-5.84549],[-43.54908,-5.8459],[-43.55039,-5.84751],[-43.5502,-5.84899],[-43.5471,-5.8511],[-43.54969,-5.85335],[-43.54801,-5.85866],[-43.5447,-5.8622],[-43.5476,-5.8669],[-43.55099,-5.86942],[-43.55,-5.87899],[-43.55912,-5.88163],[-43.56121,-5.88432],[-43.56083,-5.89121],[-43.56351,-5.8916],[-43.56978,-5.88861],[-43.57179,-5.88935],[-43.57139,-5.89333],[-43.5667,-5.89969],[-43.56989,-5.90446],[-43.56551,-5.90957],[-43.56544,-5.91309],[-43.0964,-5.9097],[-43.0904,-5.91419],[-43.0869,-5.91909],[-43.0863,-5.92228],[-43.0867,-5.94141],[-43.0842,-5.9573],[-43.07082,-5.97758],[-43.055,-5.98559],[-43.0509,-5.9896],[-43.0476,-5.9973],[-43.0492,-6.01391],[-43.0525,-6.0211],[-43.0616,-6.0312],[-43.07399,-6.03869],[-43.0762,-6.04269],[-43.07461,-6.05738],[-43.06389,-6.0679],[-43.0598,-6.07419],[-43.04909,-6.10161],[-43.04511,-6.1065],[-43.0337,-6.1114],[-43.00648,-6.1125],[-42.9923,-6.1176],[-42.9821,-6.1281],[-42.9798,-6.13309],[-42.9749,-6.16629],[-42.96989,-6.17731],[-42.9555,-6.1863],[-42.9347,-6.1916],[-42.92219,-6.20781],[-42.9142,-6.2146],[-42.8994,-6.2231],[-42.88911,-6.2262],[-42.87902,-6.225],[-42.8758,-6.2258],[-42.8652,-6.2351],[-42.8545,-6.24989],[-42.8557,-6.2649],[-42.84732,-6.27816],[-42.8466,-6.28279],[-42.8488,-6.29249],[-42.84949,-6.30817],[-42.8577,-6.3222],[-42.85979,-6.32994],[-42.85887,-6.33212],[-42.85369,-6.3335],[-42.83921,-6.3258],[-42.8355,-6.325],[-42.83101,-6.32918],[-42.8295,-6.33418],[-42.8293,-6.3406],[-42.8316,-6.3447],[-42.84789,-6.35459],[-42.8515,-6.3586],[-42.8564,-6.3708],[-42.8545,-6.38251],[-42.85691,-6.39053],[-42.8646,-6.3986],[-42.87729,-6.41688],[-42.8783,-6.42048],[-42.8688,-6.45429],[-42.8703,-6.46651],[-42.8655,-6.48222],[-42.86689,-6.48818],[-42.86851,-6.49011],[-42.87929,-6.49279],[-42.88229,-6.4942],[-42.88431,-6.49692],[-42.8864,-6.50459],[-42.88619,-6.5087],[-42.88211,-6.5102],[-42.8731,-6.51],[-42.8719,-6.51172],[-42.87399,-6.51868],[-42.8882,-6.53671],[-42.889,-6.54451],[-42.8843,-6.56468],[-42.88479,-6.57016],[-42.88711,-6.57782],[-42.9046,-6.59839],[-42.9077,-6.6059],[-42.9108,-6.6225],[-42.9156,-6.63181],[-42.9173,-6.63869],[-42.9149,-6.65101],[-42.9187,-6.66891],[-42.9214,-6.67261],[-42.9297,-6.6794],[-42.9471,-6.7018],[-42.95677,-6.70809],[-42.97291,-6.7148],[-42.98081,-6.72132],[-42.9839,-6.7262],[-42.9875,-6.73841],[-42.9928,-6.7487],[-43.0079,-6.7586],[-43.01428,-6.7609],[-43.0261,-6.7627],[-43.04791,-6.762],[-43.0574,-6.7576],[-43.066,-6.7498],[-43.0835,-6.7493],[-43.08719,-6.75079],[-43.10119,-6.76799],[-43.105,-6.7702],[-43.1349,-6.7825],[-43.1476,-6.7837],[-43.15388,-6.78151],[-43.1688,-6.7711],[-43.1783,-6.7673],[-43.21919,-6.7638],[-43.24481,-6.7669],[-43.25009,-6.76859],[-43.25679,-6.7791],[-43.2624,-6.78521],[-43.27347,-6.79369],[-43.29599,-6.7998],[-43.31079,-6.8011],[-43.32082,-6.8009],[-43.33119,-6.7983],[-43.33761,-6.7992],[-43.34681,-6.7977],[-43.3555,-6.8036],[-43.35929,-6.81349],[-43.36422,-6.81921],[-43.36651,-6.82],[-43.38367,-6.8161],[-43.38838,-6.81769],[-43.3898,-6.82178],[-43.3885,-6.8296],[-43.39119,-6.8342],[-43.40069,-6.8338],[-43.40876,-6.84128],[-43.41909,-6.844],[-43.42601,-6.843],[-43.4373,-6.8386],[-43.4442,-6.838],[-43.4498,-6.8411],[-43.4531,-6.8451],[-43.45748,-6.8461],[-43.46532,-6.8399],[-43.47281,-6.8392],[-43.4812,-6.8354],[-43.48639,-6.82723],[-43.4937,-6.8107],[-43.50509,-6.80081],[-43.50842,-6.79879],[-43.5416,-6.7891],[-43.546,-6.78241],[-43.54879,-6.76322],[-43.55319,-6.7562],[-43.5617,-6.7481],[-43.57088,-6.7477],[-43.57279,-6.75458],[-43.57589,-6.75689],[-43.58058,-6.7585],[-43.58437,-6.75751],[-43.5953,-6.74609],[-43.60119,-6.7427],[-43.62159,-6.73501],[-43.6287,-6.7293],[-43.6375,-6.7196],[-43.6429,-6.7166],[-43.67267,-6.7063],[-43.67659,-6.7077],[-43.69851,-6.7096],[-43.70131,-6.70839],[-43.70379,-6.70502],[-43.7042,-6.70102],[-43.7072,-6.6998],[-43.71501,-6.6987],[-43.72869,-6.7048],[-43.75131,-6.7041],[-43.76069,-6.7024],[-43.76771,-6.70821],[-43.77189,-6.71379],[-43.7748,-6.7149],[-43.77892,-6.71389],[-43.7826,-6.71121],[-43.79089,-6.70231],[-43.7951,-6.7021],[-43.7998,-6.7053],[-43.80259,-6.71329],[-43.80818,-6.72029],[-43.82012,-6.72731],[-43.84208,-6.7338],[-43.85382,-6.73561],[-43.87987,-6.75779],[-43.88422,-6.7587],[-43.89811,-6.7545],[-43.9138,-6.7527],[-43.91891,-6.75581],[-43.92779,-6.77039],[-43.93239,-6.772],[-43.94238,-6.76781],[-43.94511,-6.76549],[-43.94931,-6.75168],[-43.95679,-6.74321],[-43.96117,-6.7419],[-43.97069,-6.7442],[-43.98129,-6.7545],[-43.98769,-6.7573],[-43.99381,-6.757],[-44.00539,-6.7589],[-44.0182,-6.7581],[-44.0233,-6.7602],[-44.0334,-6.7604],[-44.0429,-6.7694],[-44.0534,-6.76832],[-44.0575,-6.77439],[-44.0609,-6.79069],[-44.0591,-6.8084],[-44.06169,-6.81339],[-44.0697,-6.8214],[-44.07701,-6.82109],[-44.0828,-6.80979],[-44.08608,-6.80502],[-44.0889,-6.8033],[-44.10721,-6.8024],[-44.113,-6.803],[-44.11629,-6.80579],[-44.1163,-6.81491],[-44.113,-6.8232],[-44.10479,-6.83021],[-44.0987,-6.83989],[-44.0988,-6.84591],[-44.10059,-6.85108],[-44.10441,-6.85651],[-44.10902,-6.85759],[-44.1142,-6.85289],[-44.11522,-6.83838],[-44.1199,-6.83283],[-44.12508,-6.83558],[-44.13111,-6.84501],[-44.13919,-6.86409],[-44.14998,-6.8681],[-44.15333,-6.86781],[-44.16349,-6.87449],[-44.1713,-6.88499],[-44.1758,-6.8956],[-44.1758,-6.91171],[-44.1737,-6.9201],[-44.17499,-6.92517],[-44.17869,-6.9272],[-44.18961,-6.9257],[-44.19861,-6.92982],[-44.20081,-6.93292],[-44.2021,-6.93858],[-44.2015,-6.9486],[-44.2025,-6.9572],[-44.20821,-6.96991],[-44.23598,-6.99869],[-44.24608,-7.0012],[-44.25782,-6.9991],[-44.26087,-6.99969],[-44.2623,-7.00129],[-44.2633,-7.00359],[-44.2637,-7.01901],[-44.27641,-7.03461],[-44.2798,-7.04528],[-44.2788,-7.0515],[-44.274,-7.06468],[-44.2741,-7.0702],[-44.27581,-7.07452],[-44.28129,-7.0818],[-44.2977,-7.1013],[-44.3052,-7.11781],[-44.3102,-7.1196],[-44.3274,-7.1102],[-44.33359,-7.1088],[-44.3394,-7.1128],[-44.35438,-7.11589],[-44.3646,-7.1218],[-44.37868,-7.1193],[-44.38611,-7.1209],[-44.4039,-7.1299],[-44.4146,-7.1368],[-44.42281,-7.14611],[-44.43059,-7.1516],[-44.44989,-7.1596],[-44.45762,-7.1591],[-44.4621,-7.1601],[-44.4789,-7.17029],[-44.49008,-7.18199],[-44.50519,-7.18679],[-44.51419,-7.19599],[-44.51991,-7.21523],[-44.52511,-7.22201],[-44.53509,-7.2273],[-44.54678,-7.2255],[-44.56302,-7.22701],[-44.56671,-7.23151],[-44.57349,-7.2508],[-44.58169,-7.2594],[-44.58769,-7.26219],[-44.59412,-7.26722],[-44.5954,-7.27179],[-44.5951,-7.2772],[-44.59941,-7.28061],[-44.6049,-7.2883],[-44.61589,-7.30869],[-44.6199,-7.3101],[-44.6283,-7.3094],[-44.63301,-7.31341],[-44.64047,-7.31628],[-44.6408,-7.32121],[-44.64332,-7.32491],[-44.6578,-7.3281],[-44.66271,-7.33131],[-44.6653,-7.33511],[-44.67089,-7.35268],[-44.6784,-7.35931],[-44.6798,-7.37142],[-44.68321,-7.37723],[-44.6844,-7.38671],[-44.68789,-7.39418],[-44.69039,-7.3958],[-44.70022,-7.3958],[-44.70385,-7.39242],[-44.71112,-7.3982],[-44.71951,-7.3959],[-44.72922,-7.39119],[-44.7357,-7.3816],[-44.73729,-7.37321],[-44.74204,-7.36169],[-44.74601,-7.3617],[-44.75111,-7.36401],[-44.76172,-7.37201],[-44.76838,-7.3743],[-44.7726,-7.3738],[-44.78029,-7.3785],[-44.786,-7.3719],[-44.81571,-7.36071],[-44.81732,-7.36155],[-44.82061,-7.37561],[-44.83337,-7.38329],[-44.84696,-7.38579],[-44.8486,-7.38759],[-44.85049,-7.39268],[-44.85361,-7.39564],[-44.85251,-7.40302],[-44.85821,-7.40921],[-44.86301,-7.41131],[-44.86969,-7.42309],[-44.88139,-7.4275],[-44.88541,-7.4253],[-44.89178,-7.4247],[-44.90071,-7.42571],[-44.9043,-7.43079],[-44.90841,-7.44162],[-44.9191,-7.45209],[-44.92181,-7.45791],[-44.92339,-7.46927],[-44.92479,-7.4705],[-44.93001,-7.4721],[-44.93753,-7.46961],[-44.94799,-7.4747],[-44.9558,-7.475],[-44.96309,-7.47899],[-44.96619,-7.4826],[-44.9711,-7.4832],[-44.98529,-7.481],[-44.98929,-7.48238],[-44.78751,-7.24871],[-44.69773,-7.255],[-44.7019,-7.24259],[-44.7048,-7.23901],[-44.7049,-7.23641],[-44.6974,-7.22681],[-44.69291,-7.21762],[-44.6918,-7.19919],[-44.6897,-7.19329],[-44.68582,-7.18881],[-44.6867,-7.1868],[-44.68943,-7.18278],[-44.69847,-7.1795],[-44.70269,-7.1811],[-44.70669,-7.18798],[-44.70929,-7.1893],[-44.71517,-7.18891],[-44.71949,-7.18561],[-44.72038,-7.16896],[-44.71889,-7.1669],[-44.7147,-7.1665],[-44.71019,-7.1684],[-44.70749,-7.16819],[-44.7055,-7.1662],[-44.70503,-7.16336],[-44.7067,-7.1614],[-44.71718,-7.15672],[-44.71785,-7.15041],[-44.72442,-7.1499],[-44.72861,-7.151],[-44.73669,-7.14911],[-44.7392,-7.1471],[-44.74722,-7.13468],[-44.77237,-7.12482],[-44.77981,-7.11739],[-44.7823,-7.11341],[-44.7845,-7.1059],[-44.78308,-7.09939],[-44.77864,-7.0983],[-44.77839,-7.0967],[-44.77548,-7.09778],[-44.7739,-7.0936],[-44.77201,-7.0928],[-44.76714,-7.09366],[-44.76425,-7.09153],[-44.7649,-7.08979],[-44.7639,-7.0882],[-44.76029,-7.09008],[-44.75434,-7.08627],[-44.7555,-7.08499],[-44.7537,-7.08021],[-44.7538,-7.0754],[-44.74939,-7.07418],[-44.74742,-7.072],[-44.74789,-7.07049],[-44.74249,-7.06789],[-44.74069,-7.0629],[-44.73439,-7.06258],[-44.73229,-7.0599],[-44.72774,-7.06007],[-44.7303,-7.05531],[-44.72711,-7.0534],[-44.72282,-7.05339],[-44.72409,-7.04998],[-44.72281,-7.04831],[-44.71893,-7.04886],[-44.71071,-7.0443],[-44.70952,-7.04003],[-44.7104,-7.0383],[-44.70751,-7.03597],[-44.7081,-7.03091],[-44.7029,-7.023],[-44.6995,-7.01191],[-44.69731,-6.97448],[-44.69981,-6.97418],[-44.70071,-6.97049],[-44.7054,-6.9651],[-44.7102,-6.96349],[-44.70992,-6.94104],[-44.71943,-6.94019],[-44.73051,-6.93159],[-44.73911,-6.92759],[-44.74979,-6.91533],[-44.7515,-6.9079],[-44.75071,-6.9039],[-44.7539,-6.89981],[-44.7529,-6.89379],[-44.7541,-6.89081],[-44.7568,-6.8895],[-44.76183,-6.88949],[-44.7686,-6.88489],[-44.7911,-6.71401],[-44.79261,-6.7117],[-44.79661,-6.7122],[-44.79793,-6.70965],[-44.80049,-6.70923],[-44.8018,-6.7108],[-44.80403,-6.71021],[-44.80889,-6.7123],[-44.81369,-6.7125],[-44.81662,-6.71092],[-44.81999,-6.7113],[-44.8242,-6.7077],[-44.83031,-6.70691],[-44.83261,-6.7083],[-44.83422,-6.70561],[-44.8367,-6.7053],[-44.83828,-6.70345],[-44.8389,-6.707],[-44.84159,-6.7072],[-44.8424,-6.7087],[-44.84369,-6.70822],[-44.84669,-6.7105],[-44.84731,-6.70912],[-44.8496,-6.7095],[-44.8505,-6.7052],[-44.85289,-6.70291],[-44.85795,-6.70334],[-44.8582,-6.7054],[-44.86149,-6.70414],[-44.86288,-6.7049],[-44.86301,-6.70701],[-44.86661,-6.7088],[-44.87303,-6.70389],[-44.88039,-6.70305],[-44.8823,-6.7042],[-44.88514,-6.70374],[-44.88631,-6.7069],[-44.88984,-6.70653],[-44.8913,-6.7105],[-44.89361,-6.7118],[-44.8962,-6.71059],[-44.89543,-6.70881],[-44.89672,-6.70785],[-44.89801,-6.7089],[-44.90303,-6.70585],[-44.9033,-6.70739],[-44.9048,-6.7079],[-44.90974,-6.70774],[-44.91131,-6.7116],[-44.91744,-6.71],[-44.91791,-6.7116],[-44.92014,-6.71053],[-44.92282,-6.71371],[-44.92619,-6.7149],[-44.92686,-6.71385],[-44.9319,-6.7158],[-44.93196,-6.71451],[-44.9346,-6.71451],[-44.93589,-6.7164],[-44.93987,-6.71726],[-44.9413,-6.7223],[-44.94297,-6.72218],[-44.94421,-6.731],[-44.94929,-6.7342],[-44.95319,-6.73135],[-44.95646,-6.73358],[-44.957,-6.7369],[-44.96354,-6.73631],[-44.96422,-6.73871],[-44.96828,-6.741],[-44.97301,-6.7392],[-44.97443,-6.73597],[-44.9804,-6.7329],[-44.98497,-6.73289],[-44.9855,-6.7341],[-44.99009,-6.7356],[-44.99192,-6.73318],[-44.99671,-6.7306],[-45.01062,-6.73123],[-45.0103,-6.7366],[-45.01559,-6.7391],[-45.01887,-6.7374],[-45.02288,-6.73839],[-45.02699,-6.7422],[-45.03288,-6.74309],[-45.03996,-6.74678],[-45.04,-6.7504],[-45.04351,-6.75021],[-45.04668,-6.75509],[-45.05567,-6.76039],[-45.06179,-6.7615],[-45.06279,-6.76325],[-45.0605,-6.76859],[-45.0615,-6.7736],[-45.06892,-6.77934],[-45.07151,-6.78451],[-45.07531,-6.7861],[-45.08141,-6.78271],[-45.08448,-6.78679],[-45.09199,-6.78929],[-45.09328,-6.79042],[-45.0925,-6.7933],[-45.09388,-6.79683],[-45.093,-6.7985],[-45.0942,-6.7997],[-45.10199,-6.80409],[-45.10536,-6.80858],[-45.11077,-6.80811],[-45.11939,-6.8154],[-45.12539,-6.811],[-45.12927,-6.81101],[-45.1329,-6.8093],[-45.13862,-6.8099],[-45.14357,-6.80722],[-45.14923,-6.80801],[-45.15272,-6.81031],[-45.16049,-6.811],[-45.163,-6.80819],[-45.16289,-6.80044],[-45.166,-6.7982],[-45.16482,-6.79497],[-45.16598,-6.79393],[-45.17013,-6.79781],[-45.18358,-6.79939],[-45.1878,-6.8023],[-45.19384,-6.8],[-45.19511,-6.8038],[-45.20247,-6.8022],[-45.2099,-6.8023],[-45.21791,-6.79793],[-45.2201,-6.7998],[-45.21923,-6.79632],[-45.22004,-6.79499],[-45.22819,-6.7971],[-45.2321,-6.79591],[-45.2345,-6.79889],[-45.23694,-6.7957],[-45.2444,-6.79471],[-45.24789,-6.7962],[-45.25318,-6.78795],[-45.25628,-6.79049],[-45.2619,-6.7918],[-45.26503,-6.79009],[-45.27088,-6.7896],[-45.27573,-6.79291],[-45.27925,-6.79202],[-45.28369,-6.7968],[-45.29749,-6.7956],[-45.29851,-6.79391],[-45.30389,-6.79221],[-45.30401,-6.79022],[-45.30558,-6.78911],[-45.31149,-6.7878],[-45.31194,-6.78469],[-45.32207,-6.78162],[-45.32541,-6.77909],[-45.32662,-6.77591],[-45.33089,-6.7796],[-45.34398,-6.7831],[-45.34748,-6.78121],[-45.34783,-6.77946],[-45.34951,-6.7818],[-45.35439,-6.7804],[-45.35507,-6.77534],[-45.35711,-6.77459],[-45.3589,-6.77181],[-45.36091,-6.77148],[-45.3619,-6.7659],[-45.36712,-6.76378],[-45.36864,-6.75928],[-45.3799,-6.7594],[-45.38345,-6.75731],[-45.3909,-6.7597],[-45.39276,-6.75922],[-45.3936,-6.761],[-45.40036,-6.75761],[-45.40569,-6.7603],[-45.40894,-6.76049],[-45.4113,-6.7656],[-45.41457,-6.76431],[-45.42097,-6.7675],[-45.4213,-6.77159],[-45.42448,-6.77209],[-45.42551,-6.7738],[-45.43217,-6.77549],[-45.43321,-6.7771],[-45.43703,-6.77581],[-45.4407,-6.7777],[-45.4492,-6.7778],[-45.4543,-6.78051],[-45.45579,-6.78549],[-45.46599,-6.7919],[-45.47308,-6.79199],[-45.4782,-6.7949],[-45.49008,-6.797],[-45.49361,-6.79591],[-45.50129,-6.80339],[-45.50549,-6.8049],[-45.50913,-6.804],[-45.5149,-6.8055],[-45.523,-6.80261],[-45.52948,-6.80729],[-45.5327,-6.8082],[-45.53582,-6.8065],[-45.5414,-6.8062],[-45.54345,-6.80283],[-45.54921,-6.80701],[-45.5506,-6.81179],[-45.55582,-6.80654],[-45.56078,-6.81138],[-45.56062,-6.81461],[-45.56988,-6.81769],[-45.5728,-6.8199],[-45.58168,-6.81601],[-45.5849,-6.8168],[-45.59209,-6.8157],[-45.59661,-6.81247],[-45.59761,-6.81481],[-45.60191,-6.8157],[-45.60371,-6.81469],[-45.60899,-6.80581],[-45.61152,-6.80519],[-45.6182,-6.7984],[-45.62209,-6.7979],[-45.62351,-6.79177],[-45.63001,-6.77849],[-45.63449,-6.77111],[-45.63871,-6.76698],[-45.64211,-6.75688],[-45.6505,-6.7465],[-45.65851,-6.7422],[-45.66142,-6.74189],[-45.66841,-6.73509],[-45.67822,-6.72809],[-45.68441,-6.7278],[-45.69211,-6.7242],[-45.70543,-6.72269],[-45.71479,-6.71821],[-45.72091,-6.71241],[-45.72458,-6.7131],[-45.72731,-6.7158],[-45.73538,-6.71291],[-45.74651,-6.70011],[-45.75478,-6.7026],[-45.76292,-6.702],[-45.769,-6.7051],[-45.77297,-6.7048],[-45.77971,-6.71211],[-45.78323,-6.71391],[-45.79222,-6.71481],[-45.80019,-6.719],[-45.82632,-6.7154],[-45.84247,-6.72209],[-45.84791,-6.7227],[-45.94809,-6.674]]]}},{"type":"Feature","properties":{"id":2105,"n":"Imperatriz","nm":43,"ap":953799,"cp":766656,"lx":-46.43933,"ly":-5.78607},"geometry":{"type":"MultiPolygon","coordinates":[[[[-48.75519,-5.3492],[-48.4922,-5.1441],[-48.46401,-5.12071],[-48.4574,-5.1177],[-48.44551,-5.10791],[-48.4393,-5.1006],[-48.43331,-5.09815],[-48.437,-5.08961],[-48.4376,-5.0836],[-48.43681,-5.07873],[-48.4346,-5.07669],[-48.43159,-5.0745],[-48.4273,-5.0753],[-48.41897,-5.08567],[-48.4004,-5.07421],[-48.3865,-5.06129],[-48.354,-5.03711],[-48.00143,-4.75892],[-47.81621,-4.61471],[-47.81,-4.607],[-47.80511,-4.59742],[-47.79921,-4.59491],[-47.79261,-4.58641],[-47.78633,-4.58609],[-47.78268,-4.58881],[-47.77091,-4.59328],[-47.76491,-4.5909],[-47.76108,-4.59219],[-47.75821,-4.5905],[-47.754,-4.5908],[-47.7518,-4.5933],[-47.75077,-4.60051],[-47.748,-4.60148],[-47.74539,-4.599],[-47.74229,-4.5986],[-47.7376,-4.60261],[-47.73448,-4.60389],[-47.73149,-4.6021],[-47.72483,-4.60638],[-47.71527,-4.603],[-47.7118,-4.6033],[-47.71181,-4.60629],[-47.70158,-4.6048],[-47.6821,-4.6064],[-47.67994,-4.60858],[-47.66301,-4.59721],[-47.6605,-4.5939],[-47.65399,-4.58917],[-47.64951,-4.5821],[-47.637,-4.571],[-47.6306,-4.5669],[-47.62381,-4.5657],[-47.6225,-4.5634],[-47.6119,-4.55739],[-47.60859,-4.54968],[-47.59171,-4.53301],[-47.58149,-4.51988],[-47.57759,-4.50778],[-47.56869,-4.49219],[-47.56571,-4.47852],[-47.5637,-4.47459],[-47.56188,-4.47239],[-47.55809,-4.47149],[-47.55571,-4.46751],[-47.53759,-4.45259],[-47.52029,-4.43009],[-47.51731,-4.42342],[-47.50279,-4.4037],[-47.49891,-4.38822],[-47.4891,-4.3785],[-47.4879,-4.37591],[-47.48811,-4.36722],[-47.4763,-4.35638],[-47.47642,-4.35408],[-47.4826,-4.34918],[-47.48209,-4.34759],[-47.47899,-4.34648],[-47.47639,-4.34099],[-47.47639,-4.33312],[-47.4795,-4.32849],[-47.4766,-4.3241],[-47.47171,-4.32072],[-47.4747,-4.31501],[-47.47192,-4.31371],[-47.47029,-4.31069],[-47.4637,-4.3094],[-47.4558,-4.30549],[-47.44658,-4.29607],[-47.4455,-4.29149],[-47.44198,-4.28739],[-47.4379,-4.2854],[-47.43471,-4.2857],[-47.43319,-4.2843],[-47.42908,-4.28588],[-47.4295,-4.2843],[-47.4281,-4.28406],[-47.42781,-4.2822],[-47.42969,-4.27619],[-47.425,-4.2761],[-47.42043,-4.27949],[-47.4175,-4.2784],[-47.41538,-4.27707],[-47.41141,-4.27051],[-47.40631,-4.2693],[-47.40476,-4.27044],[-47.40115,-4.26782],[-47.4011,-4.26601],[-47.39881,-4.26452],[-47.397,-4.2603],[-47.39191,-4.2579],[-47.38859,-4.24989],[-47.38641,-4.2485],[-47.38214,-4.24887],[-47.37891,-4.24501],[-47.37255,-4.24501],[-47.37123,-4.24315],[-47.3739,-4.24059],[-47.3745,-4.23491],[-47.37212,-4.23196],[-47.3763,-4.22989],[-47.37631,-4.22354],[-47.3792,-4.22109],[-47.37441,-4.2176],[-47.37168,-4.21968],[-47.37031,-4.21918],[-47.37118,-4.21555],[-47.3735,-4.21479],[-47.36821,-4.20992],[-47.36919,-4.20659],[-47.36549,-4.20572],[-47.3652,-4.20241],[-47.36659,-4.19754],[-47.3682,-4.19639],[-47.36789,-4.19418],[-47.36677,-4.19259],[-47.36093,-4.19239],[-47.36031,-4.19141],[-47.36091,-4.18748],[-47.36549,-4.18392],[-47.3658,-4.1806],[-47.35932,-4.1789],[-47.35692,-4.17681],[-47.35575,-4.17777],[-47.3539,-4.1768],[-47.35009,-4.1787],[-47.34877,-4.18264],[-47.34619,-4.18316],[-47.34381,-4.17871],[-47.34022,-4.17642],[-47.34159,-4.17016],[-47.3439,-4.16831],[-47.34341,-4.16478],[-47.3464,-4.1611],[-47.34584,-4.15867],[-47.3472,-4.15719],[-47.34281,-4.15101],[-47.3425,-4.1481],[-47.3498,-4.14191],[-47.34812,-4.13742],[-47.34604,-4.13681],[-47.34444,-4.13449],[-47.3463,-4.1309],[-47.3433,-4.12621],[-47.3502,-4.11781],[-47.3506,-4.11529],[-47.34799,-4.11258],[-47.3482,-4.1087],[-47.34609,-4.10718],[-47.3456,-4.1001],[-47.34308,-4.09709],[-47.33693,-4.0952],[-47.33541,-4.09311],[-47.33138,-4.09137],[-47.3307,-4.08809],[-47.3341,-4.07981],[-47.3332,-4.07559],[-47.33129,-4.06949],[-47.3252,-4.0684],[-47.32372,-4.06066],[-47.3244,-4.05731],[-47.32119,-4.05558],[-47.3194,-4.0478],[-47.3144,-4.0487],[-47.31329,-4.05089],[-47.31,-4.05209],[-47.3091,-4.05361],[-47.3104,-4.0566],[-47.30625,-4.05918],[-47.30461,-4.0581],[-47.30339,-4.05369],[-47.29852,-4.0521],[-47.29483,-4.05319],[-47.29315,-4.05233],[-47.2924,-4.04839],[-47.29389,-4.04319],[-47.29119,-4.0422],[-47.28676,-4.04554],[-47.28541,-4.03622],[-47.28138,-4.03339],[-47.27657,-4.03365],[-47.2772,-4.0306],[-47.27626,-4.03012],[-47.27128,-4.03391],[-47.26739,-4.03349],[-47.26581,-4.03013],[-47.26671,-4.02471],[-47.2589,-4.0196],[-47.25458,-4.01949],[-47.25329,-4.0171],[-47.25051,-4.01669],[-47.24802,-4.01311],[-47.24476,-4.01225],[-47.24439,-4.00757],[-47.23891,-3.99861],[-47.23641,-3.998],[-47.23228,-4.00101],[-47.22824,-4.0019],[-47.22271,-4.0013],[-47.2205,-3.99602],[-47.2212,-3.99009],[-47.22001,-3.98821],[-47.2045,-3.98829],[-47.2024,-3.98103],[-47.2041,-3.97649],[-47.20169,-3.9736],[-47.1978,-3.9741],[-47.1959,-3.97829],[-47.19858,-3.97765],[-47.19978,-3.98211],[-47.1973,-3.9835],[-47.19735,-3.98543],[-47.19026,-3.98367],[-47.18751,-3.97958],[-47.18871,-3.97759],[-47.19341,-3.97527],[-47.194,-3.97248],[-47.19281,-3.96882],[-47.19001,-3.9671],[-47.1816,-3.96709],[-47.1784,-3.96091],[-47.18029,-3.95613],[-47.18225,-3.95647],[-47.1813,-3.9589],[-47.18359,-3.95762],[-47.18261,-3.95009],[-47.1837,-3.9476],[-47.18098,-3.94617],[-47.17957,-3.94179],[-47.17509,-3.945],[-47.17256,-3.94519],[-47.16929,-3.94339],[-47.16909,-3.93862],[-47.1736,-3.9343],[-47.17579,-3.92992],[-47.17084,-3.93009],[-47.16992,-3.92834],[-47.1731,-3.9238],[-47.16283,-3.9218],[-47.15952,-3.91691],[-47.15781,-3.9165],[-47.1569,-3.91828],[-47.15199,-3.9147],[-47.1485,-3.91449],[-47.148,-3.9062],[-47.1498,-3.90091],[-47.14701,-3.89826],[-47.14869,-3.89689],[-47.1469,-3.8962],[-47.1396,-3.8999],[-47.13812,-3.90426],[-47.13382,-3.90053],[-47.1339,-3.89891],[-47.13275,-3.89863],[-47.13359,-3.8966],[-47.131,-3.89563],[-47.13389,-3.89031],[-47.1335,-3.8873],[-47.13699,-3.8849],[-47.135,-3.88379],[-47.13479,-3.8817],[-47.13309,-3.88173],[-47.1325,-3.8787],[-47.13067,-3.88007],[-47.12928,-3.87954],[-47.1288,-3.8766],[-47.12202,-3.87839],[-47.122,-3.8803],[-47.12402,-3.88058],[-47.12437,-3.88229],[-47.1232,-3.8829],[-47.11941,-3.8821],[-47.1164,-3.8782],[-47.11382,-3.8777],[-47.10829,-3.88109],[-47.10666,-3.88091],[-47.10591,-3.87403],[-47.1037,-3.87309],[-47.1033,-3.8696],[-47.10213,-3.86877],[-47.1019,-3.86131],[-47.08874,-3.8616],[-47.08522,-3.85663],[-47.0844,-3.84769],[-47.08108,-3.84748],[-47.07941,-3.8461],[-47.0794,-3.84393],[-47.084,-3.84059],[-47.084,-3.83911],[-47.08047,-3.836],[-47.0823,-3.83141],[-47.08579,-3.82831],[-47.0868,-3.82549],[-47.0836,-3.8244],[-47.07895,-3.82685],[-47.07693,-3.82407],[-47.0789,-3.8228],[-47.07801,-3.82111],[-47.07268,-3.81794],[-47.0783,-3.81169],[-47.07699,-3.809],[-47.07441,-3.80789],[-47.0752,-3.8037],[-47.06997,-3.80409],[-47.06808,-3.80327],[-47.06649,-3.7993],[-47.06321,-3.79886],[-47.0646,-3.7964],[-47.06343,-3.79464],[-47.0641,-3.79059],[-47.0592,-3.78433],[-47.05934,-3.78299],[-47.06389,-3.78011],[-47.0644,-3.77681],[-47.06095,-3.77751],[-47.06,-3.7753],[-47.05609,-3.7743],[-47.05592,-3.77263],[-47.0587,-3.7708],[-47.05541,-3.76834],[-47.05761,-3.76809],[-47.06208,-3.76431],[-47.0653,-3.75941],[-47.06,-3.75599],[-47.0571,-3.74971],[-47.05341,-3.74668],[-47.0593,-3.74329],[-47.05938,-3.74119],[-47.0582,-3.7406],[-47.0575,-3.74217],[-47.05649,-3.7409],[-47.05475,-3.74128],[-47.05312,-3.73806],[-47.05423,-3.73558],[-47.05721,-3.73469],[-47.06029,-3.73121],[-47.0604,-3.72729],[-47.0572,-3.7217],[-47.05503,-3.72188],[-47.05287,-3.71909],[-47.04818,-3.71879],[-47.0506,-3.71589],[-47.04914,-3.7136],[-47.0499,-3.7094],[-47.0466,-3.70776],[-47.04631,-3.70544],[-47.0493,-3.70269],[-47.0508,-3.699],[-47.04883,-3.68901],[-47.05237,-3.68601],[-47.0538,-3.68659],[-47.0545,-3.68499],[-47.0533,-3.6818],[-47.04961,-3.67939],[-47.04959,-3.67699],[-47.048,-3.6757],[-47.04543,-3.6767],[-47.04359,-3.6749],[-47.04168,-3.67489],[-47.0392,-3.6728],[-47.03702,-3.66806],[-47.04169,-3.6696],[-47.0428,-3.66683],[-47.0447,-3.66651],[-47.0489,-3.6686],[-47.0527,-3.66319],[-47.05209,-3.66149],[-47.04592,-3.65756],[-47.0509,-3.6534],[-47.05621,-3.65569],[-47.05699,-3.65458],[-47.05354,-3.64888],[-47.0556,-3.6467],[-47.04751,-3.6476],[-47.04272,-3.64401],[-47.04009,-3.64404],[-47.04072,-3.64069],[-47.04611,-3.63838],[-47.0466,-3.6369],[-47.04422,-3.63499],[-47.04483,-3.63339],[-47.04604,-3.63281],[-47.0523,-3.63539],[-47.05189,-3.63289],[-47.0467,-3.62859],[-47.0453,-3.62551],[-47.04542,-3.62391],[-47.04859,-3.62152],[-47.0486,-3.61961],[-47.04501,-3.6164],[-47.04116,-3.61625],[-47.03971,-3.6141],[-47.0401,-3.61148],[-47.03821,-3.60551],[-47.03633,-3.60608],[-47.03531,-3.6046],[-47.03171,-3.6054],[-47.02882,-3.6042],[-47.027,-3.60709],[-47.02838,-3.60812],[-47.028,-3.60969],[-47.03006,-3.60971],[-47.03039,-3.61098],[-47.0245,-3.61469],[-47.0248,-3.61939],[-47.0268,-3.61932],[-47.02849,-3.62254],[-47.02543,-3.62548],[-47.0237,-3.6256],[-47.0237,-3.62679],[-47.02758,-3.62868],[-47.0255,-3.6313],[-47.02651,-3.63881],[-47.0288,-3.63991],[-47.02931,-3.642],[-47.03299,-3.64343],[-47.03091,-3.65098],[-47.0264,-3.65549],[-47.0252,-3.66118],[-47.02709,-3.66121],[-47.0287,-3.664],[-47.02848,-3.66691],[-47.0244,-3.67149],[-47.02801,-3.67373],[-47.02681,-3.67469],[-47.02759,-3.67559],[-47.02939,-3.67596],[-47.0284,-3.67722],[-47.02945,-3.68216],[-47.0263,-3.68409],[-47.02661,-3.68565],[-47.0243,-3.6853],[-47.02255,-3.69122],[-47.01888,-3.68931],[-47.01562,-3.69319],[-47.0092,-3.6957],[-47.0085,-3.69948],[-47.0058,-3.7013],[-47.00667,-3.70354],[-47.0022,-3.7028],[-46.99981,-3.70578],[-46.99758,-3.70591],[-46.9967,-3.70679],[-46.99791,-3.70827],[-46.9954,-3.71029],[-46.9981,-3.71503],[-46.99683,-3.71795],[-46.99502,-3.71442],[-46.9929,-3.7133],[-46.99099,-3.71881],[-46.9876,-3.72369],[-46.9839,-3.7258],[-46.98254,-3.73433],[-46.97792,-3.7334],[-46.9771,-3.73419],[-46.97809,-3.73839],[-46.98005,-3.73975],[-46.9781,-3.74131],[-46.97995,-3.74585],[-46.9772,-3.7473],[-46.97618,-3.75051],[-46.974,-3.7512],[-46.97445,-3.75288],[-46.9725,-3.7534],[-46.971,-3.75909],[-46.97299,-3.7596],[-46.97369,-3.76114],[-46.97328,-3.7629],[-46.97091,-3.7638],[-46.97257,-3.76568],[-46.97167,-3.76781],[-46.96729,-3.76911],[-46.966,-3.77468],[-46.9634,-3.77659],[-46.96258,-3.78391],[-46.95821,-3.7852],[-46.95944,-3.78693],[-46.9584,-3.78909],[-46.95591,-3.79349],[-46.95271,-3.7961],[-46.95383,-3.79729],[-46.952,-3.7976],[-46.9511,-3.79949],[-46.95333,-3.80058],[-46.9526,-3.8019],[-46.95617,-3.80508],[-46.9535,-3.8066],[-46.95559,-3.80864],[-46.95531,-3.81095],[-46.9537,-3.8117],[-46.95341,-3.81847],[-46.9505,-3.82189],[-46.9472,-3.8333],[-46.94949,-3.83588],[-46.947,-3.8368],[-46.94731,-3.84205],[-46.94571,-3.8429],[-46.94719,-3.84384],[-46.9444,-3.84709],[-46.94691,-3.84946],[-46.9447,-3.8501],[-46.9448,-3.8541],[-46.94678,-3.85583],[-46.9451,-3.8561],[-46.94251,-3.85958],[-46.94342,-3.86135],[-46.9414,-3.8609],[-46.939,-3.86915],[-46.9369,-3.8702],[-46.93778,-3.87761],[-46.9365,-3.8777],[-46.9361,-3.87938],[-46.93891,-3.88075],[-46.9392,-3.8908],[-46.94157,-3.89232],[-46.94217,-3.89553],[-46.9407,-3.89661],[-46.9408,-3.89869],[-46.9439,-3.90381],[-46.9427,-3.90869],[-46.94583,-3.91118],[-46.9441,-3.9128],[-46.94496,-3.91493],[-46.9432,-3.9164],[-46.945,-3.92352],[-46.9391,-3.93329],[-46.93999,-3.93789],[-46.9376,-3.9404],[-46.9348,-3.9494],[-46.93609,-3.95327],[-46.9349,-3.95579],[-46.93609,-3.961],[-46.93281,-3.96387],[-46.93279,-3.96902],[-46.9277,-3.974],[-46.92858,-3.97736],[-46.92531,-3.98698],[-46.9204,-3.99189],[-46.92,-3.99639],[-46.91821,-3.99878],[-46.92008,-4.00089],[-46.9177,-4.00989],[-46.91949,-4.01678],[-46.9155,-4.02199],[-46.9165,-4.02997],[-46.9146,-4.0316],[-46.9124,-4.04068],[-46.91399,-4.0472],[-46.9123,-4.0596],[-46.9178,-4.06593],[-46.9162,-4.07719],[-46.92711,-4.0866],[-46.94851,-4.08071],[-46.96201,-4.09091],[-46.9634,-4.09452],[-46.9617,-4.10392],[-46.96441,-4.11273],[-46.9678,-4.1191],[-46.97231,-4.12281],[-47.01009,-4.17468],[-47.0103,-4.18231],[-47.01289,-4.19328],[-47.0206,-4.2013],[-47.0254,-4.2138],[-47.0283,-4.2163],[-47.02969,-4.22048],[-47.07267,-4.23665],[-47.0688,-4.25208],[-47.06929,-4.26347],[-47.0718,-4.2678],[-47.0728,-4.274],[-47.08061,-4.28022],[-47.08419,-4.28648],[-47.0818,-4.29352],[-47.08577,-4.2993],[-47.08511,-4.30062],[-47.0884,-4.3035],[-47.08745,-4.30922],[-47.08537,-4.31222],[-47.0824,-4.3126],[-47.07999,-4.31571],[-47.07824,-4.32153],[-47.07617,-4.32101],[-47.07299,-4.32371],[-47.0728,-4.32782],[-47.0699,-4.33339],[-47.07,-4.33677],[-47.06861,-4.33769],[-47.07093,-4.34244],[-47.0671,-4.3424],[-47.06299,-4.34451],[-47.0618,-4.34969],[-47.06268,-4.35324],[-47.0607,-4.3555],[-47.06107,-4.35755],[-47.0599,-4.35771],[-47.06047,-4.36089],[-47.0587,-4.3617],[-47.05988,-4.36608],[-47.05726,-4.36821],[-47.05389,-4.36751],[-47.05032,-4.37238],[-47.0428,-4.3747],[-47.0417,-4.37638],[-47.04227,-4.38101],[-47.03889,-4.38291],[-47.03719,-4.3866],[-47.03138,-4.38832],[-47.02839,-4.39842],[-47.02081,-4.40608],[-47.0205,-4.41157],[-47.0182,-4.4121],[-47.0159,-4.4146],[-47.01679,-4.42027],[-47.0061,-4.4224],[-47.0037,-4.4255],[-46.99981,-4.42739],[-46.99662,-4.42501],[-46.9934,-4.4263],[-46.9897,-4.4232],[-46.98703,-4.42627],[-46.9848,-4.4246],[-46.97773,-4.42579],[-46.9653,-4.4253],[-46.95998,-4.43001],[-46.94823,-4.43476],[-46.94728,-4.434],[-46.94472,-4.4354],[-46.94287,-4.43369],[-46.9362,-4.4331],[-46.9364,-4.4355],[-46.9348,-4.43819],[-46.93567,-4.43996],[-46.93207,-4.44299],[-46.92181,-4.439],[-46.9157,-4.4381],[-46.9139,-4.4337],[-46.89702,-4.4292],[-46.89646,-4.43029],[-46.89334,-4.42981],[-46.8894,-4.4272],[-46.87859,-4.4281],[-46.87679,-4.42921],[-46.87541,-4.43255],[-46.8738,-4.43169],[-46.87289,-4.4284],[-46.86968,-4.42806],[-46.87,-4.4253],[-46.86546,-4.42376],[-46.86212,-4.42052],[-46.86198,-4.41888],[-46.85747,-4.41645],[-46.856,-4.41428],[-46.85619,-4.40909],[-46.84961,-4.40192],[-46.84882,-4.39948],[-46.8497,-4.39631],[-46.84871,-4.39491],[-46.84482,-4.39271],[-46.84223,-4.3943],[-46.83969,-4.3867],[-46.8375,-4.38619],[-46.8361,-4.384],[-46.83389,-4.38439],[-46.82659,-4.38059],[-46.8229,-4.3773],[-46.8199,-4.3768],[-46.81803,-4.37867],[-46.81565,-4.37864],[-46.8137,-4.3757],[-46.80779,-4.3756],[-46.80588,-4.3767],[-46.80011,-4.3737],[-46.79561,-4.37575],[-46.79141,-4.3743],[-46.78691,-4.37587],[-46.78521,-4.3744],[-46.77862,-4.3753],[-46.77629,-4.3732],[-46.768,-4.3722],[-46.76187,-4.37739],[-46.75756,-4.37701],[-46.7572,-4.376],[-46.7528,-4.3764],[-46.748,-4.3784],[-46.7477,-4.38042],[-46.7466,-4.3802],[-46.74439,-4.383],[-46.73937,-4.38279],[-46.73672,-4.38053],[-46.7367,-4.3791],[-46.73073,-4.37633],[-46.73128,-4.37444],[-46.7328,-4.37399],[-46.7322,-4.3721],[-46.73,-4.3723],[-46.73053,-4.37369],[-46.72792,-4.3756],[-46.72369,-4.374],[-46.72116,-4.37486],[-46.7154,-4.368],[-46.71406,-4.36828],[-46.71019,-4.3656],[-46.70881,-4.36604],[-46.70818,-4.36398],[-46.69863,-4.35551],[-46.68855,-4.35687],[-46.68341,-4.35341],[-46.6834,-4.3494],[-46.6809,-4.3468],[-46.681,-4.3442],[-46.67831,-4.342],[-46.67075,-4.34369],[-46.6681,-4.3417],[-46.66382,-4.34209],[-46.65562,-4.33961],[-46.65405,-4.34138],[-46.64914,-4.3418],[-46.64591,-4.3372],[-46.64239,-4.3349],[-46.63218,-4.33506],[-46.6299,-4.33041],[-46.6279,-4.3302],[-46.62036,-4.32494],[-46.61959,-4.322],[-46.61441,-4.32138],[-46.60992,-4.31601],[-46.60733,-4.31677],[-46.60461,-4.3145],[-46.60062,-4.31417],[-46.59901,-4.31141],[-46.59279,-4.30928],[-46.5916,-4.30583],[-46.5925,-4.30409],[-46.59141,-4.30191],[-46.58882,-4.30051],[-46.589,-4.2983],[-46.58465,-4.29741],[-46.58448,-4.29619],[-46.58064,-4.295],[-46.58009,-4.2935],[-46.57506,-4.29154],[-46.57529,-4.28879],[-46.57229,-4.2868],[-46.57,-4.28697],[-46.56729,-4.28329],[-46.5642,-4.28208],[-46.55891,-4.27291],[-46.55721,-4.27348],[-46.55629,-4.2724],[-46.55122,-4.27529],[-46.5493,-4.2751],[-46.53922,-4.26951],[-46.53749,-4.26618],[-46.5369,-4.2597],[-46.53122,-4.25382],[-46.5329,-4.25029],[-46.53121,-4.24712],[-46.5336,-4.24489],[-46.53231,-4.23911],[-46.53147,-4.23943],[-46.52981,-4.23661],[-46.52727,-4.2364],[-46.5275,-4.23381],[-46.52352,-4.23041],[-46.52107,-4.23156],[-46.51801,-4.23029],[-46.5169,-4.2283],[-46.51223,-4.22761],[-46.51139,-4.22389],[-46.50623,-4.22259],[-46.50558,-4.21959],[-46.50266,-4.22004],[-46.50021,-4.21839],[-46.49861,-4.21482],[-46.49519,-4.21287],[-46.4955,-4.2083],[-46.48921,-4.2044],[-46.48639,-4.2005],[-46.48162,-4.2015],[-46.48002,-4.20021],[-46.4809,-4.19499],[-46.47911,-4.19211],[-46.47129,-4.18749],[-46.4599,-4.1743],[-46.44749,-4.16349],[-46.4431,-4.15761],[-46.4405,-4.15169],[-46.4385,-4.13839],[-46.43331,-4.1303],[-46.40089,-4.1127],[-46.38532,-4.10161],[-46.3745,-4.0786],[-46.36219,-4.06549],[-46.3508,-4.058],[-46.34218,-4.05009],[-46.33578,-4.04639],[-46.3197,-4.04041],[-46.30702,-4.02851],[-46.30239,-4.02689],[-46.29571,-4.02201],[-46.27988,-4.00778],[-46.2751,-4.0016],[-46.27361,-3.99312],[-46.26934,-3.99122],[-46.26909,-3.98959],[-46.26551,-3.9881],[-46.26233,-3.98889],[-46.25745,-3.99269],[-46.25349,-3.98909],[-46.24859,-3.9883],[-46.2447,-3.99249],[-46.2451,-3.99989],[-46.24359,-4.00181],[-46.22569,-4.01011],[-46.22524,-4.01933],[-46.22129,-4.01951],[-46.2197,-4.02466],[-46.2176,-4.0259],[-46.2174,-4.03231],[-46.21391,-4.03658],[-46.2123,-4.04089],[-46.2134,-4.04398],[-46.2128,-4.04951],[-46.2247,-4.0701],[-46.22819,-4.07338],[-46.22929,-4.07848],[-46.23191,-4.08044],[-46.23302,-4.08702],[-46.23883,-4.08983],[-46.2456,-4.09959],[-46.24748,-4.10488],[-46.25089,-4.107],[-46.25321,-4.11441],[-46.26188,-4.12367],[-46.26072,-4.12712],[-46.26259,-4.1287],[-46.26751,-4.12905],[-46.26741,-4.13397],[-46.2664,-4.13501],[-46.2717,-4.14569],[-46.2715,-4.15041],[-46.2762,-4.15741],[-46.2751,-4.16391],[-46.28149,-4.168],[-46.2845,-4.17201],[-46.2832,-4.17782],[-46.2882,-4.20641],[-46.28789,-4.20901],[-46.2824,-4.21589],[-46.2829,-4.22531],[-46.28431,-4.22761],[-46.29211,-4.23331],[-46.29909,-4.24377],[-46.2994,-4.24771],[-46.2977,-4.25149],[-46.2952,-4.27017],[-46.2927,-4.27389],[-46.29198,-4.27878],[-46.28312,-4.28827],[-46.2792,-4.2977],[-46.2646,-4.3077],[-46.24091,-4.37378],[-46.23358,-4.38161],[-46.22601,-4.38559],[-46.2234,-4.39039],[-46.22529,-4.39669],[-46.23,-4.40259],[-46.2276,-4.4192],[-46.2307,-4.42589],[-46.23289,-4.44531],[-46.2172,-4.46979],[-46.2031,-4.4716],[-46.1932,-4.51171],[-46.1591,-4.5605],[-46.1716,-4.5846],[-46.17811,-4.60031],[-46.2093,-4.6237],[-46.22796,-4.6235],[-46.22889,-4.62499],[-46.2027,-4.75029],[-46.20177,-4.75252],[-46.194,-4.75701],[-46.132,-4.7902],[-46.13197,-4.79762],[-46.12708,-4.797],[-46.1151,-4.8004],[-46.11051,-4.80948],[-46.1056,-4.8115],[-46.1041,-4.81389],[-46.10268,-4.83198],[-46.0964,-4.8355],[-46.0948,-4.83999],[-46.0919,-4.8405],[-46.08934,-4.85459],[-46.01758,-4.85364],[-46.0206,-4.8506],[-46.02259,-4.84362],[-46.0272,-4.83681],[-46.0262,-4.82499],[-46.0298,-4.81602],[-46.0284,-4.80554],[-46.03649,-4.8051],[-46.0414,-4.79938],[-46.03951,-4.78992],[-46.03691,-4.78918],[-46.0366,-4.78449],[-46.0285,-4.77119],[-46.0292,-4.76751],[-46.0268,-4.7666],[-46.02261,-4.76211],[-46.02139,-4.75748],[-46.01721,-4.7519],[-46.0133,-4.74909],[-46.01339,-4.74358],[-46.01189,-4.7419],[-46.0057,-4.7417],[-45.99998,-4.73429],[-45.98912,-4.73301],[-45.9853,-4.7286],[-45.97901,-4.72751],[-45.97582,-4.72492],[-45.97009,-4.70679],[-45.9663,-4.7045],[-45.96437,-4.70706],[-45.96271,-4.70311],[-45.9583,-4.69868],[-45.9582,-4.69378],[-45.9602,-4.68812],[-45.95841,-4.67861],[-45.94841,-4.6708],[-45.93833,-4.66882],[-45.93571,-4.66461],[-45.9283,-4.66169],[-45.9248,-4.63282],[-45.926,-4.6245],[-45.92211,-4.61572],[-45.9229,-4.63981],[-45.91431,-4.64],[-45.88531,-4.6299],[-45.88103,-4.631],[-45.87209,-4.6307],[-45.86969,-4.63008],[-45.8675,-4.62751],[-45.84896,-4.7439],[-45.7122,-4.7752],[-45.707,-4.83358],[-45.66273,-4.85718],[-45.59812,-4.89399],[-45.5918,-4.8944],[-45.5831,-4.9059],[-45.58359,-4.90721],[-45.58172,-4.90988],[-45.57858,-4.91192],[-45.5722,-4.9197],[-45.5787,-4.93479],[-45.58284,-4.93814],[-45.58,-4.9382],[-45.57593,-4.94427],[-45.57141,-4.94399],[-45.57608,-4.94688],[-45.5741,-4.94961],[-45.57479,-4.95158],[-45.57661,-4.95223],[-45.57731,-4.95571],[-45.5832,-4.95782],[-45.58499,-4.96409],[-45.58702,-4.9653],[-45.5857,-4.9675],[-45.58731,-4.96816],[-45.5864,-4.97409],[-45.5873,-4.9773],[-45.59193,-4.97699],[-45.59281,-4.9791],[-45.59588,-4.9785],[-45.59731,-4.9797],[-45.60112,-4.97824],[-45.60191,-4.9805],[-45.60431,-4.98124],[-45.6045,-4.98419],[-45.60605,-4.98493],[-45.6049,-4.98689],[-45.60577,-4.99289],[-45.5993,-4.9931],[-45.3522,-5.04138],[-45.35109,-5.0388],[-45.34508,-5.04261],[-45.27981,-5.0553],[-45.2906,-5.0681],[-45.29569,-5.0706],[-45.30447,-5.07209],[-45.31183,-5.07871],[-45.3275,-5.0797],[-45.33382,-5.0781],[-45.3485,-5.08023],[-45.3492,-5.08322],[-45.34786,-5.09423],[-45.34549,-5.096],[-45.3292,-5.0955],[-45.32829,-5.09988],[-45.33216,-5.10317],[-45.33131,-5.10468],[-45.3257,-5.1026],[-45.32681,-5.11034],[-45.33064,-5.12179],[-45.12494,-5.123],[-45.12318,-5.12091],[-45.02121,-5.20879],[-45.0205,-5.20581],[-45.01901,-5.20506],[-45.0207,-5.203],[-45.01781,-5.20155],[-45.01899,-5.19978],[-45.01559,-5.1958],[-45.01336,-5.19604],[-45.01232,-5.19437],[-45.0134,-5.1923],[-45.01106,-5.19276],[-45.0098,-5.1883],[-45.00792,-5.18755],[-45.01038,-5.18078],[-45.009,-5.17981],[-45.00859,-5.18166],[-45.00706,-5.18151],[-45.00421,-5.17771],[-45.0043,-5.17302],[-45.0072,-5.1711],[-44.9999,-5.163],[-44.99696,-5.16429],[-45.0009,-5.15872],[-45.0006,-5.1553],[-44.99723,-5.15376],[-44.9982,-5.15244],[-44.9999,-5.1534],[-45.0004,-5.15219],[-44.99743,-5.14912],[-44.99759,-5.14779],[-44.99299,-5.14415],[-44.99273,-5.14281],[-44.9948,-5.14189],[-44.99429,-5.1405],[-44.9923,-5.14086],[-44.99459,-5.13851],[-44.99391,-5.13751],[-44.99152,-5.13899],[-44.99033,-5.13846],[-44.99093,-5.13669],[-44.99289,-5.1363],[-44.99081,-5.13345],[-44.99149,-5.13239],[-44.9899,-5.1308],[-44.98629,-5.13109],[-44.98509,-5.128],[-44.98272,-5.12998],[-44.98101,-5.12761],[-44.98058,-5.12931],[-44.9781,-5.1291],[-44.97839,-5.13095],[-44.97738,-5.13137],[-44.9769,-5.1285],[-44.9757,-5.129],[-44.97552,-5.13174],[-44.97411,-5.13198],[-44.97322,-5.12951],[-44.9719,-5.13097],[-44.97021,-5.13025],[-44.97041,-5.12772],[-44.96865,-5.12734],[-44.97099,-5.1254],[-44.9691,-5.12338],[-44.97029,-5.12],[-44.96854,-5.11546],[-44.97119,-5.1133],[-44.9699,-5.11218],[-44.96999,-5.10949],[-44.96528,-5.10835],[-44.96432,-5.1056],[-44.9657,-5.10281],[-44.96251,-5.10308],[-44.96124,-5.10172],[-44.96361,-5.0984],[-44.96699,-5.0968],[-44.9613,-5.09103],[-44.9637,-5.08582],[-44.96668,-5.08471],[-44.96726,-5.08237],[-44.96941,-5.08289],[-44.9705,-5.07881],[-44.9636,-5.07426],[-44.96341,-5.07219],[-44.96579,-5.07051],[-44.96462,-5.06912],[-44.96062,-5.07155],[-44.9597,-5.07078],[-44.9598,-5.06781],[-44.95801,-5.06708],[-44.95771,-5.06504],[-44.96019,-5.06371],[-44.95841,-5.06111],[-44.9602,-5.0596],[-44.95471,-5.05777],[-44.9555,-5.05421],[-44.9572,-5.05339],[-44.95553,-5.05132],[-44.956,-5.0498],[-44.94834,-5.04747],[-44.94771,-5.04452],[-44.94586,-5.04417],[-44.9463,-5.0426],[-44.94291,-5.03934],[-44.94337,-5.03642],[-44.94521,-5.0378],[-44.94768,-5.03693],[-44.94851,-5.0383],[-44.95311,-5.03768],[-44.9552,-5.0324],[-44.95121,-5.0305],[-44.94992,-5.02794],[-44.9527,-5.0246],[-44.9506,-5.0225],[-44.94773,-5.02487],[-44.94649,-5.0223],[-44.9436,-5.023],[-44.94298,-5.02527],[-44.94071,-5.0224],[-44.93734,-5.02329],[-44.93718,-5.0214],[-44.9348,-5.022],[-44.93615,-5.02744],[-44.91909,-5.0392],[-44.9177,-5.03927],[-44.9164,-5.0368],[-44.91397,-5.03808],[-44.9084,-5.035],[-44.90561,-5.03908],[-44.90366,-5.039],[-44.9002,-5.0327],[-44.89238,-5.0322],[-44.87398,-5.04031],[-44.8691,-5.04529],[-44.86938,-5.05842],[-44.864,-5.061],[-44.8569,-5.0623],[-44.856,-5.06369],[-44.85712,-5.06834],[-44.8637,-5.07868],[-44.8611,-5.08859],[-44.8626,-5.09778],[-44.8559,-5.10639],[-44.8554,-5.10959],[-44.8584,-5.12048],[-44.85713,-5.12426],[-44.85368,-5.1247],[-44.84792,-5.12321],[-44.83451,-5.1132],[-44.82748,-5.11591],[-44.82549,-5.11762],[-44.82,-5.13379],[-44.82376,-5.14581],[-44.7631,-5.1814],[-44.76631,-5.18363],[-44.7662,-5.18799],[-44.76941,-5.19111],[-44.76989,-5.19459],[-44.76651,-5.19981],[-44.77,-5.2038],[-44.77291,-5.20079],[-44.77633,-5.20104],[-44.77481,-5.20778],[-44.77162,-5.21121],[-44.77432,-5.2124],[-44.78278,-5.2107],[-44.78972,-5.2161],[-44.79279,-5.21491],[-44.78971,-5.2113],[-44.79178,-5.20862],[-44.79669,-5.2105],[-44.79918,-5.21001],[-44.79999,-5.21116],[-44.7977,-5.21429],[-44.79791,-5.21581],[-44.80529,-5.2198],[-44.80939,-5.22037],[-44.8065,-5.2215],[-44.8075,-5.2252],[-44.81181,-5.22309],[-44.81381,-5.22034],[-44.81539,-5.22419],[-44.81968,-5.22578],[-44.81872,-5.22869],[-44.81429,-5.2284],[-44.8105,-5.2308],[-44.81249,-5.23276],[-44.81279,-5.23539],[-44.81529,-5.2369],[-44.81559,-5.23894],[-44.8131,-5.2403],[-44.81254,-5.2421],[-44.8062,-5.2408],[-44.80616,-5.24368],[-44.8045,-5.2442],[-44.8037,-5.25308],[-44.80488,-5.25469],[-44.804,-5.25799],[-44.80604,-5.2588],[-44.80051,-5.26611],[-44.80397,-5.26721],[-44.80869,-5.26361],[-44.80821,-5.25782],[-44.81141,-5.2572],[-44.81563,-5.25406],[-44.81974,-5.25748],[-44.8156,-5.25919],[-44.81819,-5.26708],[-44.8215,-5.26784],[-44.82199,-5.27088],[-44.8206,-5.27201],[-44.82356,-5.27498],[-44.83044,-5.27567],[-44.83128,-5.27943],[-44.83,-5.2825],[-44.83599,-5.2864],[-44.83751,-5.28902],[-44.83827,-5.29473],[-44.8369,-5.29819],[-44.83741,-5.30042],[-44.83919,-5.30071],[-44.8402,-5.29863],[-44.84659,-5.30179],[-44.84771,-5.3039],[-44.85001,-5.30454],[-44.85249,-5.31629],[-44.86319,-5.3191],[-44.86721,-5.32162],[-44.86829,-5.32825],[-44.8639,-5.3306],[-44.8635,-5.3321],[-44.86737,-5.33548],[-44.86997,-5.34367],[-44.8738,-5.34323],[-44.88199,-5.35059],[-44.88792,-5.3503],[-44.89499,-5.35523],[-44.8938,-5.35979],[-44.8913,-5.3614],[-44.8909,-5.36469],[-44.89329,-5.37089],[-44.89937,-5.37041],[-44.90487,-5.36771],[-44.90858,-5.37017],[-44.90841,-5.37243],[-44.91089,-5.3753],[-44.91321,-5.37449],[-44.91423,-5.37258],[-44.91839,-5.37163],[-44.9203,-5.38189],[-44.92444,-5.38321],[-44.92588,-5.38728],[-44.9239,-5.39204],[-44.9205,-5.39428],[-44.92218,-5.40011],[-44.9202,-5.4031],[-44.92213,-5.40538],[-44.9211,-5.40641],[-44.92169,-5.40957],[-44.9232,-5.4104],[-44.92379,-5.40724],[-44.92567,-5.40525],[-44.92838,-5.40699],[-44.92929,-5.41258],[-44.93074,-5.41287],[-44.92951,-5.41776],[-44.928,-5.4179],[-44.92869,-5.42037],[-44.93249,-5.42201],[-44.93249,-5.42359],[-44.9304,-5.4248],[-44.93099,-5.42757],[-44.9353,-5.43099],[-44.9368,-5.43809],[-44.93979,-5.44232],[-44.93947,-5.44374],[-44.9371,-5.4428],[-44.93639,-5.44438],[-44.934,-5.44401],[-44.9339,-5.449],[-44.93966,-5.44949],[-44.94049,-5.45088],[-44.93848,-5.45893],[-44.9368,-5.461],[-44.93946,-5.46101],[-44.9401,-5.4638],[-44.94277,-5.46526],[-44.9422,-5.4668],[-44.94327,-5.46776],[-44.9418,-5.47081],[-44.94419,-5.48107],[-44.94828,-5.4809],[-44.9503,-5.4828],[-44.9516,-5.4857],[-44.9514,-5.49199],[-44.95289,-5.494],[-44.95399,-5.4949],[-44.9578,-5.494],[-44.9616,-5.5018],[-44.96699,-5.50221],[-44.9656,-5.50569],[-44.96582,-5.51234],[-44.9609,-5.51589],[-44.96539,-5.52884],[-44.96488,-5.53233],[-44.95859,-5.54093],[-44.957,-5.556],[-44.95859,-5.56293],[-44.9568,-5.5697],[-44.95721,-5.57221],[-44.95856,-5.57293],[-44.9578,-5.57692],[-44.9626,-5.59419],[-44.9631,-5.60279],[-44.9659,-5.6058],[-44.9681,-5.61138],[-44.96899,-5.62085],[-44.9678,-5.6231],[-44.9682,-5.6263],[-44.9636,-5.63529],[-44.95809,-5.64101],[-44.94559,-5.647],[-44.9385,-5.6545],[-44.9344,-5.66369],[-44.9302,-5.66899],[-44.9241,-5.6738],[-44.9233,-5.6808],[-44.9203,-5.6884],[-44.9191,-5.7021],[-44.9214,-5.70899],[-44.9222,-5.71759],[-44.9214,-5.7274],[-44.9232,-5.73868],[-44.9227,-5.7534],[-44.9247,-5.76294],[-44.9219,-5.77131],[-44.9252,-5.78576],[-44.92421,-5.79467],[-44.91829,-5.80171],[-44.9146,-5.804],[-44.91351,-5.80666],[-44.9115,-5.81699],[-44.9122,-5.8284],[-44.90973,-5.83316],[-44.90668,-5.83401],[-44.9036,-5.8379],[-44.8969,-5.8415],[-44.89739,-5.84493],[-44.89161,-5.85188],[-44.8913,-5.85549],[-44.8885,-5.8572],[-44.8875,-5.86059],[-44.8765,-5.8738],[-44.87449,-5.88092],[-44.8687,-5.8871],[-44.85191,-5.89789],[-44.85199,-5.90083],[-44.8463,-5.90809],[-44.8404,-5.92959],[-44.84109,-5.93065],[-44.83591,-5.93857],[-44.8345,-5.94519],[-44.84168,-5.95368],[-44.8408,-5.95552],[-44.8449,-5.96429],[-44.8431,-5.97102],[-44.8465,-5.9833],[-44.8393,-5.99749],[-44.7997,-6.11769],[-44.80637,-6.12029],[-44.80852,-6.12471],[-44.81425,-6.12495],[-44.8169,-6.1288],[-44.81921,-6.13591],[-44.82471,-6.13993],[-44.8248,-6.1434],[-44.82738,-6.14311],[-44.83219,-6.14639],[-44.83429,-6.14481],[-44.83619,-6.1452],[-44.84008,-6.14869],[-44.84998,-6.1522],[-44.85209,-6.15708],[-44.85391,-6.15702],[-44.85943,-6.16411],[-44.86061,-6.16429],[-44.86319,-6.16131],[-44.86639,-6.1621],[-44.86708,-6.15683],[-44.86958,-6.15751],[-44.87001,-6.15931],[-44.87419,-6.1624],[-44.87477,-6.16393],[-44.8683,-6.1709],[-44.868,-6.18131],[-44.86892,-6.18289],[-44.87052,-6.18093],[-44.87209,-6.18123],[-44.87381,-6.19124],[-44.87881,-6.20232],[-44.8816,-6.20561],[-44.88869,-6.2116],[-44.89361,-6.20947],[-44.8928,-6.216],[-44.8943,-6.22019],[-44.8938,-6.2263],[-44.89749,-6.23098],[-44.9019,-6.24099],[-44.9011,-6.24651],[-44.90469,-6.25169],[-44.9117,-6.25772],[-44.9116,-6.26891],[-44.91749,-6.2732],[-44.9188,-6.27669],[-44.9207,-6.28899],[-44.9198,-6.29359],[-44.92382,-6.29741],[-44.93139,-6.3013],[-44.9358,-6.311],[-44.9358,-6.3148],[-44.94898,-6.32448],[-44.9505,-6.3358],[-44.95428,-6.33321],[-44.95627,-6.3332],[-44.95849,-6.33619],[-44.96329,-6.33789],[-44.9652,-6.3402],[-44.96912,-6.3399],[-44.97328,-6.34229],[-44.97651,-6.34261],[-44.98558,-6.3514],[-44.9912,-6.349],[-45.00478,-6.3523],[-45.0087,-6.3498],[-45.01609,-6.3489],[-45.02371,-6.3505],[-45.02761,-6.34821],[-45.03427,-6.34821],[-45.04402,-6.3442],[-45.04601,-6.34431],[-45.05209,-6.3503],[-45.05571,-6.34951],[-45.0622,-6.3515],[-45.06452,-6.35088],[-45.06707,-6.34792],[-45.07351,-6.352],[-45.075,-6.35021],[-45.07271,-6.34701],[-45.07318,-6.34506],[-45.0757,-6.34339],[-45.07444,-6.33929],[-45.07548,-6.33833],[-45.07839,-6.3392],[-45.0785,-6.33749],[-45.0774,-6.3354],[-45.07261,-6.33211],[-45.0726,-6.3283],[-45.07446,-6.32472],[-45.0787,-6.3254],[-45.08403,-6.32282],[-45.08631,-6.3252],[-45.08769,-6.32451],[-45.0878,-6.31859],[-45.08999,-6.31542],[-45.09273,-6.31521],[-45.09637,-6.31668],[-45.09712,-6.31831],[-45.10244,-6.31996],[-45.1025,-6.32239],[-45.10401,-6.3231],[-45.11098,-6.31881],[-45.11259,-6.31521],[-45.11753,-6.31549],[-45.12722,-6.30709],[-45.12904,-6.30631],[-45.13731,-6.30739],[-45.13703,-6.30328],[-45.1401,-6.301],[-45.14272,-6.3008],[-45.141,-6.30688],[-45.14179,-6.3081],[-45.14452,-6.30611],[-45.15168,-6.30461],[-45.15441,-6.3018],[-45.15919,-6.3028],[-45.16466,-6.30201],[-45.1663,-6.3051],[-45.16947,-6.30514],[-45.16971,-6.31011],[-45.17407,-6.31299],[-45.19025,-6.31399],[-45.1919,-6.317],[-45.19991,-6.31991],[-45.202,-6.32309],[-45.20172,-6.32576],[-45.19881,-6.3249],[-45.19802,-6.32751],[-45.20667,-6.32861],[-45.20784,-6.33048],[-45.2102,-6.32809],[-45.20874,-6.32537],[-45.21119,-6.3234],[-45.20853,-6.32132],[-45.20871,-6.31991],[-45.213,-6.3175],[-45.21555,-6.31779],[-45.21701,-6.32131],[-45.22193,-6.32376],[-45.2194,-6.32559],[-45.2194,-6.3272],[-45.2268,-6.3285],[-45.2287,-6.3312],[-45.23429,-6.3341],[-45.23602,-6.33821],[-45.24231,-6.3387],[-45.24628,-6.3407],[-45.24663,-6.33896],[-45.25157,-6.34119],[-45.25211,-6.3433],[-45.25618,-6.344],[-45.25773,-6.34711],[-45.2602,-6.3477],[-45.26421,-6.3432],[-45.27538,-6.34051],[-45.27982,-6.34189],[-45.27751,-6.34589],[-45.2704,-6.353],[-45.27308,-6.35736],[-45.27261,-6.35927],[-45.26781,-6.36191],[-45.27305,-6.3628],[-45.27381,-6.3646],[-45.28049,-6.3634],[-45.28399,-6.3642],[-45.286,-6.3666],[-45.28661,-6.37051],[-45.28871,-6.37213],[-45.289,-6.3748],[-45.29539,-6.3738],[-45.30084,-6.37444],[-45.30271,-6.37663],[-45.30538,-6.38926],[-45.3024,-6.3894],[-45.30271,-6.39281],[-45.30619,-6.3941],[-45.315,-6.39401],[-45.31768,-6.3965],[-45.32447,-6.39461],[-45.32693,-6.39548],[-45.32711,-6.39851],[-45.33361,-6.40064],[-45.3329,-6.4064],[-45.3341,-6.4078],[-45.33798,-6.40601],[-45.34478,-6.4066],[-45.34939,-6.4102],[-45.35063,-6.40754],[-45.35542,-6.4077],[-45.36429,-6.4127],[-45.36822,-6.41133],[-45.37157,-6.41379],[-45.37606,-6.41429],[-45.377,-6.41749],[-45.37833,-6.41759],[-45.3779,-6.4208],[-45.38037,-6.42219],[-45.38411,-6.42],[-45.38661,-6.422],[-45.39149,-6.4227],[-45.3956,-6.43149],[-45.40539,-6.4267],[-45.40808,-6.4266],[-45.41093,-6.42941],[-45.41359,-6.4299],[-45.4167,-6.42765],[-45.41809,-6.4297],[-45.42109,-6.4299],[-45.4249,-6.427],[-45.42744,-6.4227],[-45.43588,-6.4242],[-45.43744,-6.42331],[-45.44121,-6.4248],[-45.44417,-6.42233],[-45.44769,-6.425],[-45.45217,-6.42212],[-45.45669,-6.4267],[-45.46009,-6.4256],[-45.46152,-6.4225],[-45.46707,-6.4218],[-45.4695,-6.4243],[-45.47351,-6.42303],[-45.47501,-6.42515],[-45.4726,-6.4257],[-45.47291,-6.42721],[-45.47559,-6.4282],[-45.47791,-6.42655],[-45.47953,-6.42859],[-45.48211,-6.42469],[-45.48561,-6.42273],[-45.4881,-6.42679],[-45.49022,-6.42228],[-45.49188,-6.42093],[-45.49321,-6.42189],[-45.49655,-6.41871],[-45.50021,-6.42052],[-45.50269,-6.42509],[-45.50561,-6.4252],[-45.51148,-6.42818],[-45.5161,-6.4367],[-45.5246,-6.4386],[-45.53953,-6.43801],[-45.54343,-6.43902],[-45.54767,-6.44208],[-45.55068,-6.44835],[-45.5497,-6.4496],[-45.55399,-6.4529],[-45.57342,-6.4526],[-45.57911,-6.4516],[-45.58211,-6.44859],[-45.58719,-6.4472],[-45.58856,-6.44792],[-45.58811,-6.45112],[-45.59299,-6.46049],[-45.60281,-6.46249],[-45.60292,-6.46501],[-45.60912,-6.4651],[-45.61929,-6.4699],[-45.62183,-6.4693],[-45.62616,-6.47069],[-45.62831,-6.477],[-45.63309,-6.4762],[-45.63463,-6.47339],[-45.64401,-6.4713],[-45.6526,-6.4747],[-45.65651,-6.47471],[-45.66179,-6.4779],[-45.67269,-6.47022],[-45.67839,-6.4743],[-45.682,-6.4749],[-45.68729,-6.4744],[-45.6888,-6.47182],[-45.69209,-6.4712],[-45.69811,-6.4721],[-45.7063,-6.46811],[-45.71218,-6.4694],[-45.71441,-6.46842],[-45.71777,-6.47155],[-45.7138,-6.47789],[-45.7122,-6.48669],[-45.71289,-6.48927],[-45.71711,-6.49551],[-45.71931,-6.50362],[-45.729,-6.51491],[-45.7299,-6.51799],[-45.72949,-6.52181],[-45.7269,-6.52419],[-45.7252,-6.5237],[-45.72569,-6.52629],[-45.7224,-6.5299],[-45.72779,-6.5332],[-45.73158,-6.53391],[-45.73327,-6.53602],[-45.7328,-6.5372],[-45.73917,-6.54187],[-45.73871,-6.54952],[-45.7442,-6.55361],[-45.74511,-6.5571],[-45.74959,-6.55969],[-45.7494,-6.563],[-45.75269,-6.56849],[-45.75927,-6.56661],[-45.76168,-6.56751],[-45.76289,-6.57248],[-45.7676,-6.5784],[-45.7667,-6.58169],[-45.76759,-6.58269],[-45.77537,-6.5855],[-45.77612,-6.58831],[-45.77969,-6.5895],[-45.78791,-6.59],[-45.7896,-6.5893],[-45.79191,-6.58521],[-45.79401,-6.5852],[-45.79709,-6.58639],[-45.8004,-6.5906],[-45.8028,-6.5911],[-45.80611,-6.59541],[-45.8144,-6.5987],[-45.83072,-6.5967],[-45.83831,-6.5984],[-45.843,-6.601],[-45.84987,-6.60023],[-45.85009,-6.60528],[-45.8542,-6.60811],[-45.85971,-6.61541],[-45.87417,-6.62309],[-45.8753,-6.62679],[-45.87909,-6.63049],[-45.88408,-6.6322],[-45.88607,-6.63112],[-45.88726,-6.63178],[-45.8879,-6.6351],[-45.89419,-6.64389],[-45.91081,-6.6416],[-45.92771,-6.64721],[-45.93149,-6.65137],[-45.9312,-6.6548],[-45.93301,-6.66021],[-45.94038,-6.66539],[-45.9425,-6.6699],[-45.94797,-6.67396],[-45.8479,-6.7227],[-45.84249,-6.7221],[-45.8263,-6.7154],[-45.8002,-6.719],[-45.7922,-6.7148],[-45.78321,-6.7139],[-45.77974,-6.71212],[-45.77299,-6.7048],[-45.76898,-6.70509],[-45.7629,-6.702],[-45.75479,-6.7026],[-45.7465,-6.7001],[-45.73538,-6.71291],[-45.72729,-6.71579],[-45.72461,-6.71311],[-45.7209,-6.7124],[-45.71478,-6.71821],[-45.70541,-6.7227],[-45.69213,-6.72419],[-45.6844,-6.7278],[-45.67819,-6.7281],[-45.6684,-6.73509],[-45.66141,-6.74189],[-45.6585,-6.7422],[-45.65048,-6.74651],[-45.64211,-6.75687],[-45.6387,-6.767],[-45.63449,-6.7711],[-45.63001,-6.77847],[-45.62351,-6.79177],[-45.62208,-6.79789],[-45.61819,-6.7984],[-45.61151,-6.80519],[-45.609,-6.8058],[-45.60371,-6.81469],[-45.60192,-6.81569],[-45.59762,-6.81481],[-45.59668,-6.81241],[-45.59208,-6.8157],[-45.58493,-6.8168],[-45.58169,-6.816],[-45.57283,-6.81989],[-45.56988,-6.81769],[-45.56066,-6.81462],[-45.56079,-6.81139],[-45.55581,-6.8065],[-45.55062,-6.81165],[-45.54921,-6.80701],[-45.54341,-6.8028],[-45.54138,-6.80619],[-45.53579,-6.8065],[-45.53273,-6.80819],[-45.52948,-6.80729],[-45.52299,-6.8026],[-45.51493,-6.80549],[-45.5091,-6.804],[-45.5055,-6.80489],[-45.50131,-6.80339],[-45.49359,-6.7959],[-45.49007,-6.797],[-45.47821,-6.7949],[-45.47308,-6.79199],[-45.46601,-6.7919],[-45.45582,-6.78551],[-45.45429,-6.78049],[-45.44921,-6.7778],[-45.44071,-6.77769],[-45.43701,-6.7758],[-45.43322,-6.77708],[-45.43218,-6.77549],[-45.42554,-6.77381],[-45.42448,-6.77209],[-45.42133,-6.77154],[-45.42098,-6.76749],[-45.41452,-6.7643],[-45.41135,-6.76559],[-45.40899,-6.7605],[-45.4057,-6.7603],[-45.40038,-6.7576],[-45.39364,-6.76098],[-45.39279,-6.7592],[-45.39087,-6.7597],[-45.38342,-6.7573],[-45.37989,-6.7594],[-45.36861,-6.75929],[-45.3671,-6.7638],[-45.3619,-6.7659],[-45.36091,-6.77146],[-45.3589,-6.7718],[-45.35709,-6.7746],[-45.35509,-6.77531],[-45.35434,-6.7804],[-45.34957,-6.78178],[-45.3478,-6.7794],[-45.34745,-6.78123],[-45.34395,-6.78309],[-45.33092,-6.77961],[-45.32659,-6.77581],[-45.3254,-6.77909],[-45.3221,-6.7816],[-45.31191,-6.78469],[-45.31146,-6.7878],[-45.30556,-6.78912],[-45.304,-6.7902],[-45.30386,-6.79222],[-45.2985,-6.7939],[-45.29747,-6.79559],[-45.28367,-6.79679],[-45.27921,-6.792],[-45.27572,-6.79291],[-45.2709,-6.7896],[-45.265,-6.7901],[-45.26188,-6.7918],[-45.25632,-6.79051],[-45.2532,-6.7879],[-45.24788,-6.7962],[-45.24439,-6.7947],[-45.23691,-6.7957],[-45.23448,-6.79884],[-45.23209,-6.7959],[-45.22816,-6.7971],[-45.22,-6.795],[-45.2192,-6.7963],[-45.22003,-6.79977],[-45.21799,-6.7979],[-45.20991,-6.8023],[-45.20248,-6.8022],[-45.19514,-6.80375],[-45.19389,-6.8],[-45.18777,-6.80229],[-45.18359,-6.7994],[-45.17014,-6.79781],[-45.16599,-6.7939],[-45.1648,-6.7949],[-45.16598,-6.79819],[-45.1629,-6.8004],[-45.16299,-6.8082],[-45.16047,-6.811],[-45.15273,-6.81031],[-45.14921,-6.808],[-45.14359,-6.8072],[-45.13863,-6.8099],[-45.13289,-6.8093],[-45.12929,-6.811],[-45.12539,-6.811],[-45.11936,-6.81539],[-45.11081,-6.80811],[-45.10538,-6.80859],[-45.102,-6.8041],[-45.09419,-6.79969],[-45.09304,-6.79854],[-45.0939,-6.79679],[-45.0925,-6.79333],[-45.0933,-6.7904],[-45.092,-6.7893],[-45.08448,-6.78679],[-45.0814,-6.7827],[-45.07532,-6.78609],[-45.07152,-6.78451],[-45.06891,-6.77932],[-45.0615,-6.77359],[-45.06052,-6.76859],[-45.0628,-6.76322],[-45.06179,-6.76149],[-45.05568,-6.76039],[-45.0467,-6.7551],[-45.04351,-6.75021],[-45.04001,-6.75031],[-45.03999,-6.74679],[-45.03292,-6.74311],[-45.02698,-6.74219],[-45.02287,-6.73839],[-45.0189,-6.7374],[-45.01556,-6.73907],[-45.01034,-6.73661],[-45.0108,-6.7312],[-44.99673,-6.73059],[-44.9919,-6.73319],[-44.99008,-6.73559],[-44.98553,-6.73412],[-44.98497,-6.73289],[-44.98038,-6.7329],[-44.97441,-6.73599],[-44.97299,-6.7392],[-44.96827,-6.741],[-44.96421,-6.73869],[-44.96359,-6.7363],[-44.95701,-6.73687],[-44.95648,-6.73358],[-44.9531,-6.7313],[-44.94927,-6.73419],[-44.94425,-6.73099],[-44.943,-6.7221],[-44.94131,-6.72223],[-44.93989,-6.7172],[-44.93592,-6.71641],[-44.9346,-6.7145],[-44.9319,-6.7145],[-44.9318,-6.71579],[-44.9268,-6.7138],[-44.92611,-6.71487],[-44.92282,-6.71371],[-44.9201,-6.7105],[-44.91791,-6.71153],[-44.91749,-6.71],[-44.91134,-6.7116],[-44.9097,-6.7077],[-44.90478,-6.7079],[-44.90331,-6.70738],[-44.9031,-6.7058],[-44.89805,-6.70888],[-44.89676,-6.70782],[-44.8954,-6.7088],[-44.89614,-6.71061],[-44.8936,-6.71177],[-44.8913,-6.71043],[-44.88982,-6.70651],[-44.8863,-6.70686],[-44.8852,-6.7037],[-44.88227,-6.7042],[-44.8804,-6.703],[-44.873,-6.7039],[-44.86665,-6.70878],[-44.86304,-6.70703],[-44.86289,-6.70489],[-44.86143,-6.70411],[-44.85828,-6.70539],[-44.858,-6.7033],[-44.8529,-6.7029],[-44.8505,-6.70519],[-44.84954,-6.70941],[-44.8473,-6.7091],[-44.84661,-6.71047],[-44.8416,-6.7072],[-44.83896,-6.70699],[-44.8383,-6.70341],[-44.8367,-6.7053],[-44.8342,-6.7056],[-44.83262,-6.70827],[-44.83031,-6.7069],[-44.82419,-6.7077],[-44.81995,-6.7113],[-44.8166,-6.7109],[-44.81368,-6.71249],[-44.80888,-6.71229],[-44.804,-6.7102],[-44.80181,-6.71078],[-44.8005,-6.7092],[-44.7979,-6.7096],[-44.79662,-6.71219],[-44.79259,-6.7117],[-44.7911,-6.71399],[-44.76861,-6.88487],[-44.76182,-6.88949],[-44.75679,-6.8895],[-44.75409,-6.89081],[-44.7529,-6.8938],[-44.75389,-6.8998],[-44.7507,-6.90389],[-44.7515,-6.90791],[-44.74979,-6.91532],[-44.73909,-6.9276],[-44.73051,-6.93159],[-44.71944,-6.94018],[-44.7099,-6.941],[-44.7102,-6.96344],[-44.7054,-6.9651],[-44.70071,-6.97048],[-44.6998,-6.97416],[-44.6973,-6.9744],[-44.6995,-7.01191],[-44.70291,-7.02303],[-44.70809,-7.03091],[-44.7075,-7.03599],[-44.71036,-7.03827],[-44.7095,-7.04001],[-44.71071,-7.04431],[-44.719,-7.0489],[-44.72281,-7.04832],[-44.72408,-7.05004],[-44.7227,-7.0534],[-44.7271,-7.0534],[-44.73026,-7.05531],[-44.7276,-7.0601],[-44.73227,-7.0599],[-44.7344,-7.0626],[-44.74068,-7.06291],[-44.74251,-7.06791],[-44.74783,-7.07044],[-44.74741,-7.07202],[-44.74939,-7.07419],[-44.75379,-7.0754],[-44.7537,-7.0802],[-44.75548,-7.08494],[-44.75422,-7.08621],[-44.7603,-7.0901],[-44.76389,-7.08824],[-44.76489,-7.08978],[-44.76421,-7.09151],[-44.76718,-7.09369],[-44.77202,-7.09281],[-44.7739,-7.09363],[-44.77548,-7.09779],[-44.77833,-7.09678],[-44.77862,-7.09831],[-44.78308,-7.0994],[-44.7845,-7.10592],[-44.77981,-7.11738],[-44.7724,-7.1248],[-44.7472,-7.1347],[-44.73919,-7.1471],[-44.73669,-7.1491],[-44.72863,-7.151],[-44.7244,-7.1499],[-44.7178,-7.1504],[-44.7172,-7.1567],[-44.7067,-7.1614],[-44.70501,-7.16338],[-44.7055,-7.1662],[-44.7075,-7.1682],[-44.7102,-7.1684],[-44.71472,-7.1665],[-44.71886,-7.16689],[-44.72039,-7.16898],[-44.71946,-7.18563],[-44.71518,-7.18891],[-44.7093,-7.1893],[-44.70669,-7.18798],[-44.70271,-7.18111],[-44.69848,-7.1795],[-44.68941,-7.18279],[-44.6858,-7.18879],[-44.6897,-7.19329],[-44.6918,-7.1992],[-44.69291,-7.21763],[-44.69739,-7.22679],[-44.7049,-7.23641],[-44.70479,-7.23902],[-44.7019,-7.24259],[-44.69771,-7.2551],[-44.78752,-7.24872],[-44.9893,-7.48241],[-44.99271,-7.48472],[-45.0029,-7.4964],[-45.00621,-7.4972],[-45.0114,-7.495],[-45.01956,-7.49638],[-45.0208,-7.49811],[-45.04959,-7.5132],[-45.05561,-7.5085],[-45.06518,-7.50651],[-45.06803,-7.5041],[-45.08369,-7.5022],[-45.08969,-7.5042],[-45.09601,-7.5045],[-45.10776,-7.50849],[-45.10913,-7.51211],[-45.11362,-7.5103],[-45.12671,-7.5142],[-45.1387,-7.5224],[-45.1475,-7.5212],[-45.151,-7.5155],[-45.15473,-7.51281],[-45.16349,-7.51979],[-45.1692,-7.5262],[-45.1748,-7.5296],[-45.18101,-7.54201],[-45.18948,-7.54819],[-45.19491,-7.5484],[-45.20379,-7.55169],[-45.20911,-7.55761],[-45.21359,-7.5656],[-45.21849,-7.5685],[-45.22249,-7.56741],[-45.22272,-7.56076],[-45.23056,-7.54955],[-45.2333,-7.5493],[-45.2566,-7.563],[-45.2596,-7.5695],[-45.26169,-7.5712],[-45.27618,-7.5669],[-45.28061,-7.5678],[-45.2854,-7.56641],[-45.28901,-7.57151],[-45.2988,-7.5752],[-45.31012,-7.5757],[-45.31582,-7.5743],[-45.33469,-7.57769],[-45.34071,-7.58183],[-45.34182,-7.59282],[-45.35929,-7.60549],[-45.37218,-7.61839],[-45.37542,-7.61779],[-45.3826,-7.6122],[-45.39189,-7.6125],[-45.39548,-7.61448],[-45.3982,-7.623],[-45.39919,-7.64108],[-45.40399,-7.6438],[-45.41498,-7.6446],[-45.4165,-7.64935],[-45.4143,-7.65289],[-45.41561,-7.65691],[-45.4213,-7.66],[-45.42591,-7.6598],[-45.43251,-7.66151],[-45.43749,-7.66856],[-45.4349,-7.67408],[-45.43749,-7.67809],[-45.44009,-7.6781],[-45.44449,-7.67471],[-45.45577,-7.67001],[-45.46029,-7.67369],[-45.4603,-7.6779],[-45.4564,-7.6811],[-45.44919,-7.68201],[-45.4484,-7.68371],[-45.44929,-7.68628],[-45.4512,-7.6882],[-45.45989,-7.6892],[-45.46572,-7.6884],[-45.4701,-7.6899],[-45.4705,-7.69471],[-45.468,-7.71231],[-45.4695,-7.7141],[-45.47591,-7.7139],[-45.48288,-7.71648],[-45.4872,-7.72869],[-45.48591,-7.73467],[-45.4821,-7.74158],[-45.48249,-7.75048],[-45.48439,-7.752],[-45.48628,-7.75131],[-45.49019,-7.74571],[-45.49569,-7.7471],[-45.49669,-7.74909],[-45.49471,-7.7538],[-45.4883,-7.7609],[-45.4844,-7.7628],[-45.4856,-7.7663],[-45.4923,-7.77452],[-45.49211,-7.78067],[-45.4892,-7.78481],[-45.49041,-7.7874],[-45.49348,-7.7883],[-45.49833,-7.78459],[-45.50137,-7.78647],[-45.49859,-7.79727],[-45.50089,-7.7991],[-45.51061,-7.80143],[-45.5095,-7.81142],[-45.51119,-7.82348],[-45.5155,-7.82979],[-45.51721,-7.83471],[-45.52719,-7.8399],[-45.5246,-7.85521],[-45.5259,-7.8573],[-45.53261,-7.8582],[-45.54017,-7.86249],[-45.54079,-7.86456],[-45.53619,-7.87351],[-45.528,-7.8804],[-45.52308,-7.88161],[-45.5205,-7.88481],[-45.52081,-7.88731],[-45.52329,-7.8885],[-45.53811,-7.89141],[-45.54061,-7.89301],[-45.54329,-7.89728],[-45.52921,-7.9055],[-45.52568,-7.90631],[-45.5236,-7.90992],[-45.5251,-7.91381],[-45.5318,-7.9226],[-45.53947,-7.9184],[-45.54447,-7.9201],[-45.5416,-7.92779],[-45.54311,-7.93453],[-45.5476,-7.9466],[-45.55041,-7.9493],[-45.55321,-7.95001],[-45.55647,-7.95368],[-45.5533,-7.95691],[-45.54641,-7.9573],[-45.5455,-7.95869],[-45.54749,-7.96797],[-45.55552,-7.97113],[-45.55958,-7.98087],[-45.5647,-7.986],[-45.56829,-7.99509],[-45.56618,-7.99902],[-45.5511,-8.0088],[-45.5503,-8.01052],[-45.55159,-8.01538],[-45.5558,-8.0171],[-45.56052,-8.01449],[-45.56379,-8.0142],[-45.5683,-8.0203],[-45.57769,-8.0283],[-45.57727,-8.02993],[-45.5695,-8.03599],[-45.563,-8.04561],[-45.56409,-8.04959],[-45.5688,-8.05241],[-45.5688,-8.06992],[-45.5701,-8.074],[-45.5752,-8.08251],[-45.58039,-8.08758],[-45.58139,-8.09319],[-45.5863,-8.09641],[-45.58569,-8.10281],[-45.579,-8.1093],[-45.5765,-8.11409],[-45.5876,-8.12932],[-45.5885,-8.13692],[-45.58469,-8.14933],[-45.5837,-8.15691],[-45.593,-8.1731],[-45.595,-8.1745],[-45.60201,-8.17521],[-45.60949,-8.18548],[-45.61312,-8.18654],[-45.6151,-8.19331],[-45.6142,-8.19761],[-45.6103,-8.2018],[-45.6095,-8.2051],[-45.61579,-8.20969],[-45.6218,-8.2169],[-45.63691,-8.22641],[-45.64829,-8.24399],[-45.65579,-8.2475],[-45.6595,-8.2476],[-45.6636,-8.25051],[-45.6651,-8.25679],[-45.6639,-8.26722],[-45.6671,-8.28871],[-45.66819,-8.29169],[-45.67419,-8.29649],[-45.67869,-8.30497],[-45.6786,-8.3089],[-45.681,-8.31498],[-45.68089,-8.32218],[-45.6902,-8.33562],[-45.6886,-8.34277],[-45.6901,-8.35451],[-45.6938,-8.3619],[-45.70081,-8.36371],[-45.7062,-8.36872],[-45.705,-8.37672],[-45.7031,-8.3807],[-45.70639,-8.38759],[-45.70779,-8.3885],[-45.71342,-8.38781],[-45.71688,-8.39029],[-45.71953,-8.39032],[-45.7247,-8.3948],[-45.72362,-8.39838],[-45.7213,-8.3996],[-45.7226,-8.4053],[-45.73,-8.4087],[-45.7323,-8.4111],[-45.7349,-8.41861],[-45.73421,-8.42459],[-45.7305,-8.42961],[-45.73621,-8.43491],[-45.738,-8.4416],[-45.7431,-8.44571],[-45.7449,-8.44921],[-45.7428,-8.47541],[-45.7479,-8.49411],[-45.74677,-8.49692],[-45.7387,-8.50071],[-45.74,-8.5037],[-45.75329,-8.51819],[-45.75519,-8.52459],[-45.75709,-8.52688],[-45.7538,-8.54211],[-45.75917,-8.54867],[-45.76093,-8.54924],[-45.76249,-8.56279],[-45.77079,-8.57329],[-45.77701,-8.57591],[-45.78361,-8.58081],[-45.7917,-8.5816],[-45.79461,-8.58372],[-45.79477,-8.59183],[-45.78281,-8.59739],[-45.7757,-8.60401],[-45.76802,-8.60659],[-45.76611,-8.60863],[-45.77748,-8.6174],[-45.78911,-8.6168],[-45.79561,-8.6129],[-45.79784,-8.61305],[-45.79879,-8.6144],[-45.79829,-8.62058],[-45.8055,-8.6228],[-45.816,-8.6328],[-45.8195,-8.63961],[-45.82,-8.6449],[-45.82199,-8.64781],[-45.82091,-8.65276],[-45.81704,-8.65509],[-45.81368,-8.65391],[-45.8128,-8.65729],[-45.82131,-8.66481],[-45.83,-8.68519],[-45.8325,-8.69741],[-45.8376,-8.70571],[-45.8393,-8.71401],[-45.84081,-8.7158],[-45.8483,-8.7103],[-45.8523,-8.7103],[-45.86417,-8.71548],[-45.86499,-8.71713],[-45.8631,-8.72701],[-45.86441,-8.73051],[-45.868,-8.7318],[-45.8748,-8.7315],[-45.88881,-8.73802],[-45.8903,-8.7406],[-45.89,-8.75231],[-45.89189,-8.76279],[-45.8978,-8.7597],[-45.90871,-8.7589],[-45.9181,-8.7679],[-45.92458,-8.77078],[-45.92828,-8.77689],[-45.93688,-8.78019],[-45.9385,-8.78399],[-45.93829,-8.79397],[-45.9403,-8.7972],[-45.9486,-8.8047],[-45.953,-8.8063],[-45.9598,-8.8155],[-45.9608,-8.81922],[-45.95949,-8.825],[-45.947,-8.8298],[-45.9449,-8.83349],[-45.9453,-8.83891],[-45.94669,-8.84269],[-45.95028,-8.845],[-45.95792,-8.84004],[-45.9593,-8.84212],[-45.96009,-8.85158],[-45.9726,-8.86359],[-45.97369,-8.8682],[-45.97,-8.8731],[-45.9678,-8.8738],[-45.9673,-8.8764],[-45.96912,-8.87851],[-45.97859,-8.88219],[-45.98331,-8.88861],[-45.9797,-8.9037],[-45.9865,-8.91002],[-45.98591,-8.91901],[-45.9896,-8.9204],[-45.99509,-8.92699],[-45.9941,-8.93719],[-45.9902,-8.944],[-45.99139,-8.94943],[-45.9887,-8.9527],[-45.9861,-8.96001],[-45.97819,-8.96921],[-45.9679,-8.9767],[-45.964,-8.98769],[-45.9612,-8.9915],[-45.9582,-9.00239],[-45.94409,-9.01431],[-45.94591,-9.02509],[-45.94242,-9.03268],[-45.9362,-9.0383],[-45.9374,-9.0457],[-45.9408,-9.0493],[-45.941,-9.0551],[-45.93771,-9.06389],[-45.93118,-9.06771],[-45.9293,-9.07078],[-45.9309,-9.07511],[-45.9281,-9.08051],[-45.93241,-9.08343],[-45.93309,-9.08563],[-45.9313,-9.0887],[-45.9248,-9.0885],[-45.9232,-9.09],[-45.92319,-9.09898],[-45.92786,-9.10127],[-45.9281,-9.10266],[-45.9246,-9.1063],[-45.9241,-9.1089],[-45.92701,-9.11542],[-45.92779,-9.12327],[-45.9295,-9.12759],[-45.92871,-9.13759],[-45.92299,-9.14372],[-45.91399,-9.16711],[-45.90891,-9.17279],[-45.9065,-9.1734],[-45.9006,-9.1786],[-45.8977,-9.18529],[-45.8979,-9.18881],[-45.89978,-9.19108],[-45.90442,-9.18942],[-45.9061,-9.19128],[-45.90191,-9.20389],[-45.8991,-9.20769],[-45.9023,-9.21867],[-45.9008,-9.2243],[-45.90389,-9.2306],[-45.8973,-9.2333],[-45.8969,-9.23508],[-45.8992,-9.23877],[-45.89899,-9.24688],[-45.90219,-9.25099],[-45.8983,-9.26219],[-45.9006,-9.2646],[-45.9043,-9.26535],[-45.9019,-9.2729],[-45.8969,-9.2781],[-45.8973,-9.28961],[-45.90009,-9.292],[-45.90302,-9.2906],[-45.90655,-9.29157],[-45.9079,-9.29608],[-45.9007,-9.3126],[-45.90329,-9.31639],[-45.8978,-9.3181],[-45.89669,-9.32781],[-45.8914,-9.33069],[-45.89439,-9.34073],[-45.88849,-9.34848],[-45.88381,-9.3462],[-45.8797,-9.3462],[-45.87589,-9.3537],[-45.86412,-9.359],[-45.8525,-9.3556],[-45.84859,-9.3557],[-45.84118,-9.36412],[-45.83759,-9.3641],[-45.82979,-9.37281],[-45.8253,-9.3741],[-45.8239,-9.37589],[-45.81871,-9.38948],[-45.8146,-9.3909],[-45.81459,-9.39443],[-45.81348,-9.3965],[-45.8099,-9.3983],[-45.80559,-9.4104],[-45.80049,-9.41421],[-45.799,-9.41719],[-45.80339,-9.4247],[-45.80162,-9.4359],[-45.79613,-9.43649],[-45.7949,-9.43799],[-45.79868,-9.44136],[-45.79807,-9.44301],[-45.7942,-9.4449],[-45.79569,-9.44912],[-45.7887,-9.45818],[-45.79491,-9.45821],[-45.79551,-9.46107],[-45.7893,-9.4643],[-45.7903,-9.47021],[-45.7835,-9.47999],[-45.7864,-9.4834],[-45.79052,-9.48112],[-45.79239,-9.48539],[-45.79759,-9.48732],[-45.79889,-9.49048],[-45.79869,-9.49518],[-45.80401,-9.49731],[-45.80551,-9.5021],[-45.81148,-9.50399],[-45.81501,-9.51111],[-45.82092,-9.51702],[-45.82368,-9.52226],[-45.8216,-9.52679],[-45.82792,-9.53048],[-45.82741,-9.53231],[-45.8323,-9.53669],[-45.8283,-9.54299],[-45.82889,-9.54738],[-45.8359,-9.5577],[-45.84087,-9.56049],[-45.8419,-9.56289],[-45.84259,-9.57597],[-45.83691,-9.58546],[-45.8339,-9.58679],[-45.8337,-9.59009],[-45.83603,-9.58934],[-45.83819,-9.59447],[-45.83659,-9.60232],[-45.8324,-9.6026],[-45.8286,-9.6062],[-45.82823,-9.6082],[-45.8258,-9.607],[-45.82489,-9.6138],[-45.8204,-9.61789],[-45.82178,-9.62211],[-45.81981,-9.62441],[-45.8213,-9.6256],[-45.82546,-9.62539],[-45.82678,-9.62709],[-45.8257,-9.63739],[-45.82916,-9.64057],[-45.82791,-9.64412],[-45.83349,-9.65228],[-45.8307,-9.65879],[-45.83231,-9.66102],[-45.8331,-9.66682],[-45.83121,-9.67837],[-45.8297,-9.67992],[-45.8335,-9.68509],[-45.833,-9.6892],[-45.83399,-9.69169],[-45.83652,-9.69283],[-45.83857,-9.69628],[-45.8373,-9.69849],[-45.83,-9.7021],[-45.8287,-9.70439],[-45.83259,-9.71184],[-45.83217,-9.7134],[-45.828,-9.7141],[-45.8264,-9.71609],[-45.82601,-9.71872],[-45.82928,-9.72221],[-45.8293,-9.72458],[-45.8258,-9.7299],[-45.82658,-9.73123],[-45.82519,-9.73492],[-45.821,-9.7392],[-45.82131,-9.74141],[-45.82688,-9.7443],[-45.82749,-9.74596],[-45.82409,-9.75291],[-45.8212,-9.7559],[-45.821,-9.75881],[-45.8231,-9.76327],[-45.8214,-9.7731],[-45.82261,-9.77792],[-45.82599,-9.78129],[-45.82851,-9.79172],[-45.8387,-9.7969],[-45.83949,-9.79999],[-45.84309,-9.8029],[-45.8427,-9.8045],[-45.84571,-9.80861],[-45.84879,-9.81749],[-45.8506,-9.83291],[-45.8544,-9.8414],[-45.85605,-9.84213],[-45.85541,-9.84794],[-45.85591,-9.8491],[-45.8584,-9.84902],[-45.8603,-9.8521],[-45.86439,-9.86147],[-45.86629,-9.87068],[-45.8616,-9.87439],[-45.8635,-9.88136],[-45.8598,-9.8842],[-45.86049,-9.88988],[-45.859,-9.89141],[-45.8597,-9.89513],[-45.8575,-9.9035],[-45.858,-9.9075],[-45.8526,-9.9158],[-45.85268,-9.91983],[-45.8461,-9.92569],[-45.84749,-9.9276],[-45.84711,-9.92996],[-45.84489,-9.93251],[-45.8423,-9.9416],[-45.84532,-9.94347],[-45.8454,-9.94971],[-45.84899,-9.95627],[-45.847,-9.9623],[-45.8508,-9.97151],[-45.8519,-9.97959],[-45.85378,-9.9806],[-45.854,-9.98369],[-45.85694,-9.98475],[-45.8541,-9.99009],[-45.8548,-9.99629],[-45.8574,-9.99762],[-45.859,-10.0025],[-45.86614,-10.00838],[-45.8648,-10.0091],[-45.86698,-10.01179],[-45.8659,-10.01489],[-45.86741,-10.01546],[-45.86898,-10.02028],[-45.8683,-10.02149],[-45.8715,-10.02641],[-45.8712,-10.03209],[-45.8729,-10.03194],[-45.8717,-10.03429],[-45.87296,-10.03484],[-45.8723,-10.0363],[-45.87548,-10.04032],[-45.8748,-10.0452],[-45.87699,-10.05101],[-45.8749,-10.05499],[-45.877,-10.0582],[-45.8802,-10.05864],[-45.88008,-10.06102],[-45.87734,-10.06406],[-45.8726,-10.0664],[-45.87098,-10.06944],[-45.8699,-10.0693],[-45.8699,-10.07489],[-45.87136,-10.07629],[-45.8706,-10.08021],[-45.87301,-10.08343],[-45.8733,-10.08861],[-45.87679,-10.09561],[-45.8765,-10.10219],[-45.87836,-10.10352],[-45.8773,-10.10661],[-45.8785,-10.11029],[-45.88627,-10.11408],[-45.8876,-10.11939],[-45.89019,-10.12124],[-45.89249,-10.12909],[-45.89769,-10.13658],[-45.8991,-10.14716],[-45.8982,-10.14981],[-45.89999,-10.15279],[-45.905,-10.1562],[-45.91142,-10.15682],[-45.91349,-10.1584],[-45.91539,-10.16419],[-45.92429,-10.1712],[-45.92441,-10.17573],[-45.9312,-10.1908],[-45.93289,-10.19179],[-45.93471,-10.19011],[-45.93832,-10.1909],[-45.94557,-10.19637],[-45.9439,-10.20141],[-45.9457,-10.20679],[-45.9524,-10.2134],[-45.95531,-10.21842],[-45.9561,-10.22113],[-45.95521,-10.22598],[-45.9499,-10.23418],[-45.9463,-10.2585],[-45.97392,-10.2484],[-45.99616,-10.25029],[-45.99881,-10.25752],[-46.003,-10.2618],[-46.00631,-10.2596],[-46.01368,-10.24884],[-46.0177,-10.24041],[-46.0181,-10.21869],[-46.0231,-10.19032],[-46.0232,-10.1834],[-46.0283,-10.17691],[-46.03119,-10.1761],[-46.03899,-10.17669],[-46.0584,-10.18559],[-46.09276,-10.20988],[-46.09968,-10.2129],[-46.10712,-10.2129],[-46.124,-10.2079],[-46.13591,-10.2064],[-46.1404,-10.2068],[-46.14809,-10.2105],[-46.16332,-10.2136],[-46.1715,-10.2092],[-46.18318,-10.19312],[-46.1912,-10.1876],[-46.20201,-10.17399],[-46.20561,-10.1713],[-46.21089,-10.1697],[-46.2331,-10.1723],[-46.24082,-10.1719],[-46.26829,-10.1812],[-46.273,-10.1816],[-46.28629,-10.1792],[-46.3014,-10.1783],[-46.31308,-10.1728],[-46.3211,-10.18071],[-46.3275,-10.1837],[-46.33472,-10.18109],[-46.3482,-10.1731],[-46.355,-10.1728],[-46.36792,-10.16878],[-46.37011,-10.16618],[-46.3719,-10.15752],[-46.37121,-10.15468],[-46.374,-10.14921],[-46.37899,-10.13011],[-46.384,-10.1201],[-46.39971,-10.1058],[-46.4141,-10.0872],[-46.4207,-10.0809],[-46.42539,-10.0794],[-46.43802,-10.0791],[-46.44519,-10.07741],[-46.451,-10.0586],[-46.45651,-10.04988],[-46.4574,-10.0473],[-46.4563,-10.0421],[-46.4571,-10.018],[-46.46859,-10.00152],[-46.47112,-9.99509],[-46.47728,-9.98982],[-46.4776,-9.98832],[-46.4761,-9.98199],[-46.4719,-9.97371],[-46.4722,-9.9689],[-46.4766,-9.95701],[-46.477,-9.95269],[-46.47519,-9.94869],[-46.4703,-9.9452],[-46.46571,-9.93713],[-46.47019,-9.92951],[-46.4786,-9.92391],[-46.4788,-9.9201],[-46.47421,-9.90143],[-46.47123,-9.89972],[-46.4708,-9.89803],[-46.4725,-9.8914],[-46.47289,-9.87744],[-46.4752,-9.8757],[-46.48501,-9.8745],[-46.49159,-9.87012],[-46.4923,-9.8664],[-46.49012,-9.86122],[-46.4813,-9.8577],[-46.48031,-9.8553],[-46.493,-9.8492],[-46.4961,-9.84601],[-46.4971,-9.84368],[-46.4932,-9.82899],[-46.49452,-9.82619],[-46.50201,-9.82019],[-46.50579,-9.81251],[-46.5089,-9.80929],[-46.50942,-9.80137],[-46.51287,-9.79752],[-46.51427,-9.79779],[-46.52707,-9.80499],[-46.54239,-9.8103],[-46.5625,-9.8107],[-46.57163,-9.80799],[-46.57699,-9.80521],[-46.5797,-9.79632],[-46.5708,-9.78112],[-46.57,-9.77751],[-46.5693,-9.76969],[-46.5751,-9.75861],[-46.59609,-9.7473],[-46.62369,-9.7502],[-46.63221,-9.7489],[-46.64439,-9.74032],[-46.6474,-9.73042],[-46.6456,-9.71659],[-46.6533,-9.69339],[-46.65121,-9.69001],[-46.6258,-9.6751],[-46.61309,-9.66578],[-46.6088,-9.6582],[-46.6069,-9.65189],[-46.6061,-9.63019],[-46.5955,-9.61421],[-46.5913,-9.6053],[-46.5903,-9.59759],[-46.59239,-9.58718],[-46.5898,-9.5845],[-46.58308,-9.58559],[-46.5793,-9.5841],[-46.5623,-9.5727],[-46.5392,-9.5601],[-46.53681,-9.55712],[-46.54052,-9.55018],[-46.55301,-9.5443],[-46.55699,-9.54081],[-46.55801,-9.53419],[-46.5685,-9.5271],[-46.57449,-9.52071],[-46.5757,-9.51751],[-46.5761,-9.51059],[-46.57421,-9.50591],[-46.55919,-9.49298],[-46.561,-9.484],[-46.56401,-9.48039],[-46.57329,-9.4778],[-46.5832,-9.479],[-46.59271,-9.4835],[-46.59541,-9.48188],[-46.598,-9.47409],[-46.60048,-9.47052],[-46.60449,-9.4683],[-46.61349,-9.4653],[-46.62542,-9.4664],[-46.63189,-9.4616],[-46.63997,-9.45773],[-46.6496,-9.44411],[-46.6479,-9.42709],[-46.64383,-9.41963],[-46.63382,-9.41381],[-46.63285,-9.41166],[-46.6435,-9.4103],[-46.65161,-9.4061],[-46.66602,-9.39189],[-46.67492,-9.3908],[-46.68359,-9.39299],[-46.69399,-9.398],[-46.7002,-9.399],[-46.71918,-9.396],[-46.7233,-9.3964],[-46.72981,-9.39861],[-46.73797,-9.40488],[-46.74099,-9.41199],[-46.746,-9.4144],[-46.75429,-9.41381],[-46.7634,-9.409],[-46.76571,-9.40627],[-46.76601,-9.40193],[-46.7596,-9.38851],[-46.75871,-9.38119],[-46.76829,-9.36552],[-46.77968,-9.35852],[-46.78327,-9.35114],[-46.79919,-9.33881],[-46.8047,-9.32661],[-46.8071,-9.32501],[-46.80981,-9.31779],[-46.81108,-9.30672],[-46.81331,-9.3048],[-46.81881,-9.3034],[-46.83159,-9.308],[-46.83531,-9.3082],[-46.84229,-9.30441],[-46.8451,-9.29981],[-46.8471,-9.29239],[-46.8446,-9.2842],[-46.84248,-9.28249],[-46.83272,-9.27961],[-46.8319,-9.27611],[-46.8334,-9.27348],[-46.83181,-9.26872],[-46.82282,-9.26631],[-46.8189,-9.26011],[-46.82219,-9.24991],[-46.82639,-9.24541],[-46.8289,-9.24011],[-46.8269,-9.22329],[-46.8196,-9.21158],[-46.82281,-9.19899],[-46.82783,-9.19429],[-46.83103,-9.1935],[-46.83729,-9.1977],[-46.83931,-9.1976],[-46.8507,-9.19181],[-46.8524,-9.1861],[-46.84781,-9.16802],[-46.85201,-9.16197],[-46.85241,-9.15439],[-46.85969,-9.14911],[-46.86111,-9.1464],[-46.87257,-9.14671],[-46.8774,-9.1437],[-46.8846,-9.1439],[-46.89169,-9.14051],[-46.8923,-9.1383],[-46.8888,-9.12873],[-46.88993,-9.12438],[-46.8936,-9.1223],[-46.89601,-9.12252],[-46.9,-9.128],[-46.9056,-9.13111],[-46.90669,-9.13549],[-46.91029,-9.13281],[-46.91342,-9.1343],[-46.91765,-9.13211],[-46.9263,-9.1349],[-46.9318,-9.12811],[-46.93149,-9.12078],[-46.9301,-9.1193],[-46.92756,-9.11977],[-46.9262,-9.11762],[-46.92651,-9.11459],[-46.93009,-9.10952],[-46.9303,-9.10601],[-46.9236,-9.09789],[-46.9251,-9.0953],[-46.9306,-9.09569],[-46.9309,-9.09369],[-46.92839,-9.09248],[-46.9315,-9.08589],[-46.9291,-9.0833],[-46.92391,-9.08679],[-46.91904,-9.08719],[-46.91689,-9.0841],[-46.91212,-9.08268],[-46.9134,-9.0786],[-46.91783,-9.07417],[-46.92161,-9.0668],[-46.9249,-9.0651],[-46.92921,-9.0658],[-46.94033,-9.06371],[-46.95421,-9.0695],[-46.96558,-9.07859],[-46.97589,-9.0817],[-46.98932,-9.0752],[-46.99864,-9.0764],[-47.00039,-9.08149],[-47.00729,-9.0822],[-47.01359,-9.07811],[-47.00941,-9.07243],[-47.01024,-9.07032],[-47.0143,-9.0724],[-47.0169,-9.07146],[-47.0185,-9.0756],[-47.02359,-9.076],[-47.0265,-9.0733],[-47.03259,-9.072],[-47.03438,-9.06953],[-47.03562,-9.07029],[-47.04112,-9.0682],[-47.04449,-9.0697],[-47.04575,-9.06853],[-47.04841,-9.0713],[-47.05431,-9.06999],[-47.05605,-9.06648],[-47.0687,-9.0639],[-47.0706,-9.062],[-47.06799,-9.056],[-47.06412,-9.05649],[-47.06209,-9.05419],[-47.05774,-9.05304],[-47.0587,-9.05031],[-47.0617,-9.0481],[-47.06039,-9.0475],[-47.05603,-9.04938],[-47.05431,-9.0482],[-47.052,-9.03892],[-47.0541,-9.03381],[-47.04883,-9.03113],[-47.04771,-9.02791],[-47.04362,-9.02653],[-47.04529,-9.0255],[-47.04404,-9.0229],[-47.0488,-9.02179],[-47.04672,-9.01782],[-47.04859,-9.01561],[-47.05128,-9.0155],[-47.0565,-9.0189],[-47.05774,-9.0166],[-47.0622,-9.0169],[-47.06679,-9.01491],[-47.0685,-9.01201],[-47.06751,-9.01041],[-47.06211,-9.0077],[-47.0535,-9.00749],[-47.04921,-9.0052],[-47.044,-9.00688],[-47.04209,-9.00299],[-47.0366,-8.99949],[-47.0359,-8.98981],[-47.03241,-8.9863],[-47.03551,-8.98178],[-47.0357,-8.9789],[-47.0318,-8.9799],[-47.0307,-8.9845],[-47.03171,-8.98842],[-47.02644,-8.99009],[-47.02159,-8.98858],[-47.0216,-8.9805],[-47.01539,-8.97629],[-47.0149,-8.96989],[-47.01321,-8.96681],[-47.01361,-8.96439],[-47.01661,-8.96118],[-47.0183,-8.95291],[-47.013,-8.95229],[-47.0137,-8.9495],[-47.0113,-8.9466],[-47.00591,-8.947],[-47.0016,-8.9447],[-46.99987,-8.9466],[-46.99471,-8.9455],[-46.99361,-8.94356],[-46.99691,-8.93887],[-46.99709,-8.93258],[-46.9953,-8.9306],[-46.98394,-8.93192],[-46.9824,-8.92],[-46.97143,-8.91642],[-46.97031,-8.91451],[-46.9713,-8.90919],[-46.97561,-8.903],[-46.97908,-8.90131],[-46.9828,-8.9029],[-46.98639,-8.89872],[-46.98422,-8.89671],[-46.9841,-8.89492],[-46.98601,-8.8929],[-46.98889,-8.89259],[-46.98651,-8.8908],[-46.98611,-8.8884],[-46.98872,-8.88449],[-46.99181,-8.88358],[-46.99289,-8.87889],[-46.98929,-8.8761],[-46.98314,-8.87393],[-46.98132,-8.86941],[-46.97212,-8.8666],[-46.96561,-8.86769],[-46.95974,-8.87538],[-46.95692,-8.87451],[-46.9552,-8.8714],[-46.94972,-8.87021],[-46.94639,-8.86389],[-46.94158,-8.85949],[-46.9305,-8.8573],[-46.92491,-8.85949],[-46.92121,-8.8562],[-46.91808,-8.85699],[-46.91492,-8.85316],[-46.91581,-8.84982],[-46.91352,-8.84781],[-46.9183,-8.84369],[-46.9181,-8.83971],[-46.91403,-8.83652],[-46.9143,-8.8352],[-46.9125,-8.8344],[-46.91101,-8.83616],[-46.9098,-8.8353],[-46.90731,-8.82846],[-46.9137,-8.82279],[-46.90959,-8.8185],[-46.90392,-8.81661],[-46.90281,-8.81453],[-46.9041,-8.81002],[-46.9031,-8.80729],[-46.9052,-8.79812],[-46.9064,-8.7975],[-46.9061,-8.7947],[-46.9027,-8.79094],[-46.9052,-8.7864],[-46.9042,-8.77858],[-46.9075,-8.77211],[-46.90723,-8.77009],[-46.91129,-8.76882],[-46.9097,-8.76698],[-46.90963,-8.76458],[-46.91351,-8.7649],[-46.9173,-8.76241],[-46.9185,-8.7565],[-46.9179,-8.75133],[-46.92489,-8.74421],[-46.92609,-8.73532],[-46.9313,-8.72678],[-46.92861,-8.7234],[-46.92259,-8.7277],[-46.91909,-8.7252],[-46.91731,-8.72603],[-46.9165,-8.72311],[-46.91402,-8.72235],[-46.915,-8.7183],[-46.91371,-8.71364],[-46.91439,-8.70859],[-46.90451,-8.701],[-46.90062,-8.69451],[-46.89081,-8.69121],[-46.8869,-8.68645],[-46.88919,-8.66984],[-46.89382,-8.6655],[-46.8962,-8.6653],[-46.89567,-8.65974],[-46.90028,-8.65989],[-46.90389,-8.6617],[-46.90258,-8.65323],[-46.9041,-8.65262],[-46.90708,-8.65401],[-46.90793,-8.65129],[-46.9164,-8.64839],[-46.91172,-8.63977],[-46.9152,-8.6376],[-46.9156,-8.6341],[-46.91709,-8.6329],[-46.91194,-8.6269],[-46.913,-8.62639],[-46.9127,-8.62069],[-46.91189,-8.6194],[-46.9103,-8.6193],[-46.90938,-8.62086],[-46.90732,-8.6197],[-46.90789,-8.614],[-46.90501,-8.61636],[-46.9042,-8.6134],[-46.90191,-8.61315],[-46.90278,-8.60992],[-46.90538,-8.60878],[-46.89873,-8.60819],[-46.8978,-8.60514],[-46.9039,-8.6041],[-46.9038,-8.603],[-46.89958,-8.6029],[-46.89774,-8.60106],[-46.901,-8.59743],[-46.90331,-8.59759],[-46.90405,-8.5958],[-46.90633,-8.59571],[-46.90977,-8.5986],[-46.91185,-8.59502],[-46.91639,-8.5958],[-46.9134,-8.59329],[-46.91251,-8.59023],[-46.9141,-8.58819],[-46.9138,-8.5866],[-46.9107,-8.59057],[-46.909,-8.5903],[-46.90649,-8.5927],[-46.90324,-8.59316],[-46.90299,-8.5907],[-46.90052,-8.59223],[-46.89901,-8.59091],[-46.89919,-8.58845],[-46.9023,-8.5863],[-46.90049,-8.5833],[-46.89758,-8.58333],[-46.89651,-8.57989],[-46.89781,-8.57671],[-46.89481,-8.57888],[-46.89361,-8.57838],[-46.89301,-8.57062],[-46.8905,-8.57071],[-46.89109,-8.5742],[-46.88899,-8.57688],[-46.88777,-8.57646],[-46.88661,-8.57431],[-46.8872,-8.5729],[-46.88331,-8.56681],[-46.88268,-8.57092],[-46.8808,-8.5707],[-46.88008,-8.57286],[-46.87884,-8.57252],[-46.8769,-8.56906],[-46.87899,-8.56711],[-46.8787,-8.5656],[-46.8748,-8.56744],[-46.87425,-8.56644],[-46.87689,-8.5635],[-46.87299,-8.56275],[-46.87501,-8.55997],[-46.87551,-8.55532],[-46.87075,-8.55689],[-46.86968,-8.5561],[-46.86284,-8.55906],[-46.86239,-8.55538],[-46.85833,-8.55146],[-46.8601,-8.54531],[-46.853,-8.54459],[-46.85171,-8.5427],[-46.8521,-8.53701],[-46.84782,-8.53669],[-46.8463,-8.53491],[-46.84789,-8.52911],[-46.85079,-8.52579],[-46.84445,-8.52482],[-46.84344,-8.52286],[-46.8467,-8.5213],[-46.84768,-8.51922],[-46.85051,-8.51919],[-46.8522,-8.51591],[-46.8485,-8.5141],[-46.84692,-8.51098],[-46.84791,-8.50731],[-46.85099,-8.50368],[-46.84631,-8.50142],[-46.8482,-8.49789],[-46.8472,-8.49341],[-46.8508,-8.4908],[-46.84895,-8.48795],[-46.8522,-8.48101],[-46.85109,-8.47619],[-46.8491,-8.4747],[-46.84108,-8.47348],[-46.8403,-8.47071],[-46.8418,-8.4659],[-46.8405,-8.4656],[-46.838,-8.4688],[-46.8351,-8.4691],[-46.83322,-8.4679],[-46.83231,-8.46501],[-46.831,-8.46959],[-46.82853,-8.47287],[-46.8235,-8.47448],[-46.82081,-8.46551],[-46.81699,-8.47029],[-46.81549,-8.47038],[-46.8133,-8.46551],[-46.80991,-8.46371],[-46.8099,-8.46121],[-46.80691,-8.4606],[-46.80051,-8.45411],[-46.80049,-8.45159],[-46.79662,-8.44658],[-46.802,-8.44399],[-46.8,-8.44225],[-46.8001,-8.43999],[-46.79551,-8.42995],[-46.7996,-8.42271],[-46.79781,-8.41771],[-46.7987,-8.41278],[-46.8023,-8.4088],[-46.8026,-8.4061],[-46.80679,-8.40241],[-46.8068,-8.399],[-46.8046,-8.3984],[-46.80377,-8.40112],[-46.79889,-8.4022],[-46.79501,-8.40488],[-46.78699,-8.39908],[-46.78571,-8.39541],[-46.7901,-8.391],[-46.7917,-8.3862],[-46.7867,-8.38218],[-46.78511,-8.37733],[-46.7865,-8.3744],[-46.78237,-8.36809],[-46.77689,-8.3684],[-46.77107,-8.37442],[-46.7638,-8.3759],[-46.76118,-8.3784],[-46.7527,-8.3741],[-46.73869,-8.3775],[-46.7365,-8.3792],[-46.73439,-8.38541],[-46.72814,-8.38641],[-46.7268,-8.38459],[-46.7271,-8.3817],[-46.72369,-8.37008],[-46.7203,-8.36579],[-46.71292,-8.36157],[-46.71159,-8.35479],[-46.70281,-8.3483],[-46.68751,-8.34481],[-46.68112,-8.3397],[-46.68088,-8.33699],[-46.67401,-8.3345],[-46.6691,-8.3355],[-46.6665,-8.3339],[-46.66479,-8.33569],[-46.66224,-8.33501],[-46.65518,-8.32919],[-46.64623,-8.3257],[-46.6448,-8.3228],[-46.63682,-8.3206],[-46.6332,-8.3183],[-46.62831,-8.31939],[-46.62647,-8.32161],[-46.61221,-8.3277],[-46.60579,-8.3273],[-46.6,-8.3253],[-46.59401,-8.3272],[-46.59019,-8.327],[-46.58481,-8.3257],[-46.57999,-8.322],[-46.57108,-8.3232],[-46.56389,-8.3213],[-46.55958,-8.3228],[-46.55151,-8.3186],[-46.54689,-8.31899],[-46.54403,-8.31742],[-46.53161,-8.29841],[-46.51892,-8.29152],[-46.5166,-8.28789],[-46.5069,-8.26591],[-46.50739,-8.24664],[-46.5096,-8.24299],[-46.509,-8.23639],[-46.50421,-8.22779],[-46.50369,-8.22169],[-46.50068,-8.21738],[-46.48948,-8.20798],[-46.48731,-8.2013],[-46.489,-8.1968],[-46.49351,-8.19079],[-46.49952,-8.18619],[-46.50479,-8.185],[-46.50617,-8.18302],[-46.51079,-8.18152],[-46.5152,-8.1714],[-46.51359,-8.16768],[-46.5139,-8.16479],[-46.50632,-8.15513],[-46.5062,-8.1454],[-46.50392,-8.14382],[-46.50052,-8.13615],[-46.50098,-8.13386],[-46.49812,-8.13168],[-46.49601,-8.12829],[-46.49639,-8.12588],[-46.4908,-8.1176],[-46.4887,-8.1073],[-46.4867,-8.10408],[-46.4879,-8.10039],[-46.48629,-8.09598],[-46.48262,-8.09082],[-46.4824,-8.0887],[-46.4759,-8.0875],[-46.46851,-8.0837],[-46.46822,-8.08169],[-46.4694,-8.08159],[-46.4705,-8.07739],[-46.46571,-8.07272],[-46.4658,-8.0694],[-46.46808,-8.06455],[-46.47086,-8.06093],[-46.47221,-8.06139],[-46.4789,-8.04601],[-46.4797,-8.04261],[-46.47761,-8.03609],[-46.4785,-8.02998],[-46.477,-8.02511],[-46.4764,-8.01469],[-46.47836,-8.01055],[-46.48001,-8.01039],[-46.48246,-8.00693],[-46.48389,-8.0073],[-46.4855,-8.00451],[-46.4854,-7.9973],[-46.48939,-7.99082],[-46.48921,-7.98751],[-46.49551,-7.98319],[-46.5012,-7.97321],[-46.50819,-7.9708],[-46.51028,-7.96582],[-46.51568,-7.96321],[-46.51877,-7.95929],[-46.52151,-7.9595],[-46.52669,-7.95614],[-46.52791,-7.9569],[-46.53374,-7.9526],[-46.53801,-7.9526],[-46.54351,-7.9502],[-46.5497,-7.9511],[-46.5524,-7.94631],[-46.55151,-7.94578],[-46.55881,-7.9408],[-46.56369,-7.93182],[-46.56901,-7.9278],[-46.57059,-7.92413],[-46.575,-7.91991],[-46.57521,-7.91722],[-46.57741,-7.91638],[-46.57755,-7.91148],[-46.58463,-7.90649],[-46.5917,-7.906],[-46.59418,-7.90221],[-46.59859,-7.9027],[-46.59924,-7.90017],[-46.60679,-7.89561],[-46.60819,-7.89342],[-46.61202,-7.89405],[-46.61508,-7.8971],[-46.61638,-7.89612],[-46.62079,-7.89671],[-46.63042,-7.89921],[-46.63498,-7.90219],[-46.6393,-7.90311],[-46.6421,-7.9077],[-46.64349,-7.90713],[-46.64829,-7.9097],[-46.65059,-7.9097],[-46.65152,-7.90643],[-46.65311,-7.9065],[-46.66013,-7.90131],[-46.66819,-7.90488],[-46.6695,-7.91032],[-46.6678,-7.9114],[-46.66831,-7.9129],[-46.67533,-7.91461],[-46.68081,-7.915],[-46.68423,-7.91282],[-46.69422,-7.9168],[-46.69949,-7.9158],[-46.70103,-7.91308],[-46.70752,-7.90984],[-46.70931,-7.9129],[-46.71212,-7.9138],[-46.71544,-7.91273],[-46.71592,-7.91411],[-46.71991,-7.91472],[-46.7222,-7.91771],[-46.72309,-7.92178],[-46.7257,-7.9237],[-46.73352,-7.91941],[-46.73509,-7.92198],[-46.7345,-7.9233],[-46.73669,-7.925],[-46.7395,-7.9236],[-46.74298,-7.9238],[-46.74579,-7.92719],[-46.75611,-7.92295],[-46.75909,-7.92759],[-46.7613,-7.9366],[-46.7639,-7.9392],[-46.76689,-7.939],[-46.76758,-7.93615],[-46.77062,-7.93812],[-46.77352,-7.94341],[-46.77819,-7.9455],[-46.781,-7.94483],[-46.7811,-7.94809],[-46.78309,-7.94924],[-46.7828,-7.9516],[-46.78601,-7.9529],[-46.78953,-7.94702],[-46.79231,-7.95351],[-46.7968,-7.955],[-46.8009,-7.9553],[-46.80159,-7.95448],[-46.79972,-7.95192],[-46.80018,-7.95085],[-46.80337,-7.94991],[-46.80909,-7.9524],[-46.81446,-7.9516],[-46.81659,-7.95429],[-46.82391,-7.95811],[-46.82661,-7.96191],[-46.8291,-7.96242],[-46.83011,-7.9641],[-46.83782,-7.95942],[-46.84021,-7.96203],[-46.83901,-7.96432],[-46.84041,-7.9659],[-46.84281,-7.9655],[-46.84461,-7.96439],[-46.84511,-7.96121],[-46.8475,-7.95882],[-46.85141,-7.95782],[-46.8542,-7.9599],[-46.8598,-7.9601],[-46.86481,-7.9648],[-46.86641,-7.96949],[-46.86916,-7.96346],[-46.8716,-7.96201],[-46.86962,-7.95618],[-46.8721,-7.9551],[-46.875,-7.95901],[-46.8833,-7.9642],[-46.8845,-7.96978],[-46.8838,-7.9731],[-46.88841,-7.97452],[-46.89051,-7.97941],[-46.89601,-7.98611],[-46.90489,-7.9871],[-46.90604,-7.9845],[-46.9091,-7.9826],[-46.90897,-7.98062],[-46.91738,-7.98159],[-46.9218,-7.98474],[-46.92061,-7.9952],[-46.92279,-7.9953],[-46.92376,-7.99196],[-46.92496,-7.99199],[-46.92591,-7.9933],[-46.9413,-7.99771],[-46.94772,-8.00741],[-46.95139,-8.0082],[-46.95341,-8.00616],[-46.9532,-8.01061],[-46.95689,-8.01686],[-46.95389,-8.02628],[-46.9608,-8.0285],[-46.96619,-8.0334],[-46.96649,-8.03538],[-46.9635,-8.04019],[-46.96703,-8.03981],[-46.96951,-8.04102],[-46.97071,-8.04361],[-46.97719,-8.0463],[-46.98042,-8.04483],[-46.98189,-8.04679],[-46.98183,-8.05031],[-46.98577,-8.05031],[-46.98742,-8.04761],[-46.98943,-8.04763],[-46.9897,-8.0501],[-46.99402,-8.05355],[-46.99479,-8.0563],[-46.99381,-8.0574],[-46.9966,-8.05971],[-46.9953,-8.06281],[-46.99681,-8.06601],[-47.00111,-8.06688],[-47.00319,-8.06387],[-47.00035,-8.05941],[-47.0026,-8.05781],[-47.00919,-8.0625],[-47.01627,-8.05662],[-47.01952,-8.0607],[-47.02309,-8.0598],[-47.0239,-8.05691],[-47.0257,-8.0557],[-47.03101,-8.0564],[-47.03394,-8.05399],[-47.03841,-8.0546],[-47.04578,-8.05281],[-47.04558,-8.04633],[-47.05119,-8.046],[-47.0519,-8.04332],[-47.0542,-8.04239],[-47.0515,-8.03612],[-47.05189,-8.03425],[-47.05629,-8.03331],[-47.05991,-8.02788],[-47.0607,-8.0243],[-47.05959,-8.01915],[-47.0616,-8.0158],[-47.06051,-8.01189],[-47.0624,-8.00851],[-47.06269,-8.00423],[-47.06569,-8.00181],[-47.06749,-7.99813],[-47.07055,-7.9983],[-47.0706,-7.99999],[-47.07249,-8.0011],[-47.07529,-8.00001],[-47.07371,-7.99565],[-47.07709,-7.9953],[-47.07811,-7.99239],[-47.08381,-7.9881],[-47.08583,-7.98791],[-47.08878,-7.9902],[-47.10749,-7.98991],[-47.1055,-7.987],[-47.09982,-7.98471],[-47.09882,-7.97913],[-47.10371,-7.97529],[-47.1078,-7.96941],[-47.10329,-7.96706],[-47.1029,-7.9631],[-47.1059,-7.96041],[-47.10312,-7.95877],[-47.10429,-7.95263],[-47.1059,-7.95212],[-47.1095,-7.9543],[-47.11311,-7.9586],[-47.1175,-7.95222],[-47.1137,-7.9428],[-47.10846,-7.93775],[-47.10898,-7.93645],[-47.11082,-7.93632],[-47.11342,-7.93921],[-47.11771,-7.93909],[-47.1221,-7.93051],[-47.12208,-7.92191],[-47.12408,-7.9219],[-47.1272,-7.9244],[-47.12911,-7.92261],[-47.13309,-7.92172],[-47.13489,-7.92389],[-47.1396,-7.9255],[-47.143,-7.9248],[-47.14141,-7.92011],[-47.14581,-7.91389],[-47.1467,-7.90852],[-47.144,-7.90469],[-47.1432,-7.89527],[-47.14481,-7.89492],[-47.14729,-7.8968],[-47.14841,-7.89581],[-47.1513,-7.8964],[-47.15778,-7.89311],[-47.15769,-7.88984],[-47.16182,-7.88798],[-47.16519,-7.87942],[-47.17158,-7.87691],[-47.1728,-7.87441],[-47.1765,-7.8716],[-47.176,-7.86888],[-47.1773,-7.8656],[-47.1814,-7.86208],[-47.18058,-7.85949],[-47.17567,-7.85815],[-47.1757,-7.85602],[-47.18106,-7.85519],[-47.18271,-7.8586],[-47.18692,-7.85879],[-47.18799,-7.85798],[-47.1867,-7.8558],[-47.1896,-7.85091],[-47.1873,-7.84437],[-47.18957,-7.84202],[-47.1942,-7.8472],[-47.19901,-7.8492],[-47.2018,-7.84511],[-47.19902,-7.84295],[-47.20139,-7.84001],[-47.20499,-7.83812],[-47.20849,-7.8397],[-47.20969,-7.8387],[-47.20732,-7.83481],[-47.20791,-7.83352],[-47.21384,-7.83327],[-47.215,-7.8361],[-47.21811,-7.834],[-47.21919,-7.83065],[-47.22109,-7.8303],[-47.22374,-7.82688],[-47.22871,-7.8267],[-47.2355,-7.8238],[-47.23421,-7.82041],[-47.22983,-7.81889],[-47.23014,-7.81697],[-47.23134,-7.81625],[-47.23532,-7.8197],[-47.2362,-7.81949],[-47.23582,-7.81739],[-47.23881,-7.81639],[-47.24051,-7.81384],[-47.24479,-7.8167],[-47.2457,-7.81561],[-47.24739,-7.80919],[-47.2443,-7.80919],[-47.23642,-7.80531],[-47.23582,-7.80398],[-47.23663,-7.8028],[-47.24271,-7.8032],[-47.24748,-7.80101],[-47.2479,-7.79962],[-47.24469,-7.79849],[-47.24083,-7.79466],[-47.24269,-7.79063],[-47.24649,-7.78911],[-47.2485,-7.78561],[-47.24629,-7.78377],[-47.24599,-7.78103],[-47.25071,-7.77559],[-47.2556,-7.7651],[-47.25549,-7.76269],[-47.25138,-7.76336],[-47.24971,-7.76022],[-47.24667,-7.75819],[-47.24883,-7.75731],[-47.25621,-7.7592],[-47.25761,-7.75868],[-47.2591,-7.75523],[-47.26109,-7.7551],[-47.26721,-7.76069],[-47.2683,-7.75891],[-47.26789,-7.75568],[-47.26368,-7.75277],[-47.2606,-7.74349],[-47.26133,-7.74158],[-47.26483,-7.73991],[-47.26827,-7.74119],[-47.26961,-7.74451],[-47.27399,-7.7457],[-47.2744,-7.74239],[-47.2721,-7.73449],[-47.27498,-7.73044],[-47.28152,-7.7353],[-47.28891,-7.7295],[-47.2928,-7.7281],[-47.29718,-7.72861],[-47.29769,-7.7332],[-47.30578,-7.7348],[-47.30958,-7.73181],[-47.31429,-7.73031],[-47.316,-7.7263],[-47.3162,-7.71751],[-47.30704,-7.71481],[-47.30632,-7.71338],[-47.30832,-7.71018],[-47.31719,-7.70441],[-47.3173,-7.70239],[-47.31638,-7.70059],[-47.31081,-7.6984],[-47.3089,-7.7022],[-47.30339,-7.70268],[-47.30328,-7.68954],[-47.30699,-7.6881],[-47.3179,-7.6889],[-47.3246,-7.6861],[-47.33169,-7.68541],[-47.3347,-7.67922],[-47.33191,-7.67472],[-47.3321,-7.6727],[-47.33828,-7.66782],[-47.3387,-7.66582],[-47.3369,-7.664],[-47.32991,-7.6626],[-47.3203,-7.6643],[-47.31543,-7.66192],[-47.31493,-7.65997],[-47.32303,-7.65587],[-47.33399,-7.64222],[-47.33702,-7.6362],[-47.34862,-7.63228],[-47.3518,-7.6273],[-47.35201,-7.62219],[-47.35761,-7.6161],[-47.36628,-7.61759],[-47.37378,-7.62169],[-47.3742,-7.62303],[-47.3715,-7.6301],[-47.36559,-7.6359],[-47.36139,-7.6367],[-47.35259,-7.64181],[-47.35299,-7.64679],[-47.35766,-7.65118],[-47.36599,-7.6554],[-47.38228,-7.65461],[-47.387,-7.64641],[-47.3884,-7.63101],[-47.3872,-7.62599],[-47.3833,-7.61972],[-47.3841,-7.61319],[-47.3832,-7.59982],[-47.38879,-7.595],[-47.40529,-7.58673],[-47.399,-7.5759],[-47.39912,-7.56908],[-47.4079,-7.5631],[-47.4203,-7.5632],[-47.43769,-7.55831],[-47.43999,-7.55602],[-47.43601,-7.55111],[-47.4298,-7.5472],[-47.4266,-7.5434],[-47.424,-7.53562],[-47.4243,-7.5304],[-47.4258,-7.52781],[-47.42902,-7.52479],[-47.43919,-7.5209],[-47.46209,-7.5185],[-47.4636,-7.51963],[-47.46611,-7.52822],[-47.46898,-7.53168],[-47.47229,-7.5338],[-47.47531,-7.53359],[-47.4803,-7.52601],[-47.4793,-7.51049],[-47.4805,-7.4915],[-47.4837,-7.4884],[-47.49639,-7.48141],[-47.4973,-7.47951],[-47.499,-7.4717],[-47.4991,-7.45339],[-47.5014,-7.44001],[-47.51979,-7.434],[-47.5276,-7.4334],[-47.55318,-7.44199],[-47.56239,-7.4506],[-47.57131,-7.4474],[-47.58473,-7.44529],[-47.5916,-7.4401],[-47.5843,-7.42409],[-47.57992,-7.41872],[-47.5629,-7.4062],[-47.55468,-7.40269],[-47.54161,-7.40091],[-47.51269,-7.3874],[-47.49301,-7.37591],[-47.4835,-7.3651],[-47.4788,-7.34591],[-47.4782,-7.33679],[-47.4829,-7.32229],[-47.49979,-7.29391],[-47.51149,-7.2846],[-47.52429,-7.27761],[-47.5258,-7.27361],[-47.53179,-7.26931],[-47.5402,-7.2658],[-47.5654,-7.2665],[-47.57269,-7.2647],[-47.59191,-7.264],[-47.60011,-7.26671],[-47.60741,-7.27212],[-47.62301,-7.29642],[-47.627,-7.3008],[-47.63409,-7.3048],[-47.64504,-7.30519],[-47.65069,-7.30231],[-47.65391,-7.29819],[-47.67178,-7.26734],[-47.67919,-7.25111],[-47.684,-7.2454],[-47.691,-7.2383],[-47.70799,-7.22871],[-47.72629,-7.22331],[-47.73209,-7.2195],[-47.73512,-7.21889],[-47.74371,-7.20828],[-47.7498,-7.19531],[-47.7504,-7.1835],[-47.7494,-7.17268],[-47.7451,-7.1625],[-47.72722,-7.14731],[-47.71073,-7.13771],[-47.70472,-7.1359],[-47.69411,-7.13699],[-47.67518,-7.14771],[-47.66042,-7.1514],[-47.65332,-7.14981],[-47.64452,-7.14362],[-47.6275,-7.1216],[-47.61841,-7.09121],[-47.60609,-7.07869],[-47.5972,-7.0634],[-47.5748,-7.0503],[-47.5579,-7.0312],[-47.5449,-7.0128],[-47.54,-7.00211],[-47.53551,-6.98752],[-47.53,-6.9801],[-47.5283,-6.97341],[-47.53,-6.96112],[-47.5296,-6.94599],[-47.52252,-6.92953],[-47.5154,-6.92039],[-47.50759,-6.90718],[-47.5052,-6.89371],[-47.505,-6.88479],[-47.507,-6.872],[-47.5205,-6.84053],[-47.52572,-6.83929],[-47.52911,-6.83629],[-47.5296,-6.83138],[-47.51669,-6.79027],[-47.49831,-6.76401],[-47.4941,-6.7548],[-47.4944,-6.74299],[-47.4972,-6.72622],[-47.497,-6.70118],[-47.49331,-6.68966],[-47.4986,-6.67119],[-47.49581,-6.66391],[-47.48409,-6.6472],[-47.47441,-6.62782],[-47.46879,-6.6212],[-47.4632,-6.6071],[-47.4625,-6.60169],[-47.4651,-6.5773],[-47.459,-6.55691],[-47.4587,-6.5466],[-47.45649,-6.53828],[-47.4342,-6.5044],[-47.4194,-6.492],[-47.41669,-6.48569],[-47.42119,-6.46511],[-47.4333,-6.44021],[-47.4342,-6.4312],[-47.4199,-6.40161],[-47.4144,-6.38089],[-47.41,-6.3697],[-47.412,-6.3462],[-47.4108,-6.33479],[-47.40861,-6.32812],[-47.3962,-6.30779],[-47.37859,-6.27279],[-47.3772,-6.26682],[-47.3854,-6.23039],[-47.39669,-6.21702],[-47.40151,-6.20919],[-47.41659,-6.17783],[-47.42321,-6.16018],[-47.4302,-6.13102],[-47.4345,-6.0931],[-47.4334,-6.08119],[-47.43,-6.06711],[-47.428,-6.03919],[-47.4325,-6.0249],[-47.44559,-6.00163],[-47.448,-5.99301],[-47.4464,-5.98449],[-47.43459,-5.95159],[-47.4295,-5.93211],[-47.4289,-5.91949],[-47.4329,-5.8939],[-47.4311,-5.88141],[-47.4311,-5.86919],[-47.4317,-5.86599],[-47.4379,-5.85711],[-47.4423,-5.83082],[-47.44689,-5.81972],[-47.45271,-5.81258],[-47.45669,-5.80031],[-47.4665,-5.7783],[-47.47159,-5.77001],[-47.4826,-5.7593],[-47.4934,-5.7305],[-47.4944,-5.71678],[-47.49311,-5.71002],[-47.48429,-5.68407],[-47.4737,-5.66196],[-47.4772,-5.635],[-47.4821,-5.61301],[-47.4844,-5.59561],[-47.4848,-5.57938],[-47.4833,-5.56489],[-47.4881,-5.54949],[-47.50009,-5.52561],[-47.51691,-5.5105],[-47.52829,-5.49271],[-47.54851,-5.47079],[-47.55539,-5.4657],[-47.56031,-5.4632],[-47.56421,-5.4631],[-47.57372,-5.46871],[-47.58051,-5.47],[-47.60581,-5.4651],[-47.61861,-5.4597],[-47.6668,-5.4218],[-47.6743,-5.4174],[-47.69168,-5.41021],[-47.72108,-5.39451],[-47.732,-5.3863],[-47.74089,-5.3814],[-47.75759,-5.3781],[-47.7683,-5.3782],[-47.79298,-5.3847],[-47.8063,-5.3859],[-47.82381,-5.3852],[-47.82751,-5.3866],[-47.8381,-5.37859],[-47.8438,-5.3762],[-47.86098,-5.35484],[-47.8676,-5.34281],[-47.867,-5.33579],[-47.8684,-5.32759],[-47.8657,-5.31719],[-47.867,-5.30119],[-47.8704,-5.2805],[-47.8729,-5.2724],[-47.88559,-5.2607],[-47.91953,-5.24609],[-47.92809,-5.2412],[-47.94249,-5.2393],[-47.95881,-5.2397],[-47.9837,-5.2355],[-48.0041,-5.2346],[-48.019,-5.2398],[-48.031,-5.2498],[-48.04073,-5.26053],[-48.04932,-5.26611],[-48.07381,-5.2722],[-48.07931,-5.2751],[-48.08299,-5.2721],[-48.1123,-5.2656],[-48.152,-5.264],[-48.17419,-5.26],[-48.17851,-5.2608],[-48.19029,-5.2534],[-48.20651,-5.249],[-48.21938,-5.24112],[-48.2284,-5.2326],[-48.2349,-5.2283],[-48.24801,-5.22299],[-48.27298,-5.21601],[-48.29341,-5.204],[-48.30229,-5.2026],[-48.31401,-5.2031],[-48.3209,-5.2014],[-48.32872,-5.19659],[-48.3532,-5.17389],[-48.35879,-5.1701],[-48.36389,-5.1684],[-48.3876,-5.1737],[-48.4196,-5.1767],[-48.4424,-5.1833],[-48.45681,-5.1837],[-48.4662,-5.1854],[-48.47262,-5.1871],[-48.48629,-5.1938],[-48.51951,-5.1921],[-48.533,-5.1987],[-48.5488,-5.2136],[-48.55769,-5.22389],[-48.55929,-5.22868],[-48.56109,-5.2302],[-48.5625,-5.2466],[-48.5686,-5.26279],[-48.5672,-5.2727],[-48.5686,-5.28291],[-48.5841,-5.3113],[-48.59849,-5.32688],[-48.60099,-5.33209],[-48.60612,-5.33651],[-48.6124,-5.3384],[-48.63008,-5.33301],[-48.63868,-5.32003],[-48.65151,-5.3114],[-48.6621,-5.3072],[-48.67941,-5.3058],[-48.6923,-5.3117],[-48.6992,-5.32009],[-48.7024,-5.32869],[-48.7045,-5.34471],[-48.70879,-5.35099],[-48.71209,-5.353],[-48.7195,-5.3525],[-48.73039,-5.348],[-48.73369,-5.3482],[-48.74089,-5.3528],[-48.75519,-5.3492]]],[[[-45.8977,-9.2366],[-45.89769,-9.2366],[-45.8977,-9.23661],[-45.8977,-9.2366]]]]}}]}